"ticketId";"subject";"stav";"fronta";"admin";"link";"CID";"SID";"datumCas";"je_comment";"je_correspond";"je_set";"je_create";"je_status";"odpracovanoHodin"
811400;cloud-1757/nrpe_load is CRITICAL;open;support;tomas.krupicka;https://rt.i.masterinter.net/Ticket/Display.html?id=811400;"6473";;2026-06-01 00:32:13.000;0;1;0;0;0;0.7500
811385;"UPS: Bypass not in range ; either frequency or voltage.";resolved;noc;zidek;https://rt.i.masterinter.net/Ticket/Display.html?id=811385;;;2026-06-01 04:44:29.000;1;0;0;0;0;0.0000
811048;vm547 - rdp licence problem;resolved;support;schon;https://rt.i.masterinter.net/Ticket/Display.html?id=811048;"4703";;2026-06-01 04:47:16.000;0;0;1;0;0;0.0000
811314;d4157/check_veeam_backup is CRITICAL;resolved;support;schon;https://rt.i.masterinter.net/Ticket/Display.html?id=811314;"4759";"54849";2026-06-01 04:49:58.000;0;0;1;0;0;0.0000
811048;vm547 - rdp licence problem;resolved;support;schon;https://rt.i.masterinter.net/Ticket/Display.html?id=811048;"4703";;2026-06-01 05:02:39.000;0;1;0;0;0;0.2500
811048;vm547 - rdp licence problem;resolved;support;schon;https://rt.i.masterinter.net/Ticket/Display.html?id=811048;"4703";;2026-06-01 05:03:12.000;0;0;1;0;0;0.0000
810451;Obj. ID: 10520 Z·kaznÌk: #4236 - »evelÌËek Marek (Liquid Design s.r.o.);resolved;objednavky;blazek;https://rt.i.masterinter.net/Ticket/Display.html?id=810451;"4236";;2026-06-01 05:18:21.000;0;1;0;0;0;0.0000
743099;[tracking] Pravideln· kontrola kopia z·loh;open;support;blazek;https://rt.i.masterinter.net/Ticket/Display.html?id=743099;;;2026-06-01 05:19:52.000;1;0;0;0;0;0.0833
810092;Obj. ID: 10515 Z·kaznÌk: #2870 - VyöohlÌd Martin;resolved;objednavky;blazek;https://rt.i.masterinter.net/Ticket/Display.html?id=810092;"2870";;2026-06-01 05:26:22.000;0;1;0;0;0;0.0000
811380;Fail event on /dev/md126:backup17;resolved;support;maska;https://rt.i.masterinter.net/Ticket/Display.html?id=811380;;;2026-06-01 05:36:25.000;0;0;1;0;0;0.0000
811416;IPv4 lease rates right now;resolved;spam;maska;https://rt.i.masterinter.net/Ticket/Display.html?id=811416;;;2026-06-01 05:36:54.000;0;0;1;0;0;0.0000
811394;UCEPROTECT Monitoring Report;resolved;support;maska;https://rt.i.masterinter.net/Ticket/Display.html?id=811394;;;2026-06-01 05:38:13.000;0;0;1;0;0;0.0000
811389;UCEPROTECT Monitoring -> Accountchanges;resolved;support;maska;https://rt.i.masterinter.net/Ticket/Display.html?id=811389;;;2026-06-01 05:38:39.000;0;0;1;0;0;0.0000
811417;d9725 - zvyseny load;resolved;support;maska;https://rt.i.masterinter.net/Ticket/Display.html?id=811417;"6593";"90636";2026-06-01 05:47:58.000;0;0;1;0;0;0.0000
811415;Automatick· odpoveÔ: ⁄hrada faktury Ë. 242379 selhala;resolved;support;blazek;https://rt.i.masterinter.net/Ticket/Display.html?id=811415;;;2026-06-01 05:53:56.000;0;0;1;0;0;0.0333
811395;(admin.masterdc.com CID#6173) UkonËenÌ smluivnÌho vstahu se spoleËnostÌ BFT Management, a.s. k  30.6.2026;resolved;support;blazek;https://rt.i.masterinter.net/Ticket/Display.html?id=811395;"6173";"65789";2026-06-01 05:59:34.000;0;0;1;0;0;0.0000
811388;PROBLEM Service Alert: d4060/nrpe_disk is CRITICAL;resolved;support;blazek;https://rt.i.masterinter.net/Ticket/Display.html?id=811388;;;2026-06-01 06:03:01.000;0;0;1;0;0;0.0000
811387;PROBLEM Service Alert:  d95/nrpe_mailq is CRITICAL ;resolved;support;blazek;https://rt.i.masterinter.net/Ticket/Display.html?id=811387;"7247";;2026-06-01 06:03:37.000;0;0;1;0;0;0.0000
811372;PROBLEM Service Alert:  d2001-555/http is CRITICAL;open;support;blazek;https://rt.i.masterinter.net/Ticket/Display.html?id=811372;"8712";;2026-06-01 06:05:28.000;0;0;1;0;0;0.0000
811300;BezpeËnostnÌ aktualizace samba CVE-2026-4408 (CVSS 10.0);resolved;support;belousov;https://rt.i.masterinter.net/Ticket/Display.html?id=811300;"6434";;2026-06-01 06:06:26.000;1;0;0;0;0;0.5000
811370;dummy_dohled_wildcard.i.masterinter.net/ssl_validation_is-staging.i.masterinter.net:8088 is UNKNOWN;resolved;support;blazek;https://rt.i.masterinter.net/Ticket/Display.html?id=811370;;;2026-06-01 06:07:06.000;1;0;0;0;0;0.0833
811212;[csirt-cz] [TLP:CLEAR] [Max CVSS 10.0] Samba opravuje 6 zranitelnostÌ;resolved;csirt;belousov;https://rt.i.masterinter.net/Ticket/Display.html?id=811212;;;2026-06-01 06:07:27.000;1;0;0;0;0;0.0000
811368;vps-3340/https is CRITICAL;resolved;support;blazek;https://rt.i.masterinter.net/Ticket/Display.html?id=811368;"3127";;2026-06-01 06:07:28.000;0;0;1;0;0;0.0000
811287;[csirt-cz] [TLP:CLEAR] [Max CVSS 8.2] GitLab CE/EE opravuje 7 zranitelnostÌ;resolved;csirt;blazek;https://rt.i.masterinter.net/Ticket/Display.html?id=811287;;;2026-06-01 06:08:34.000;0;0;1;0;0;0.0000
811314;d4157/check_veeam_backup is CRITICAL;resolved;support;schon;https://rt.i.masterinter.net/Ticket/Display.html?id=811314;"4759";"54849";2026-06-01 06:10:51.000;1;0;0;0;0;0.5000
811297;[csirt-cz] [TLP:CLEAR] [Max CVSS 8.8] Mozilla Firefox, Firefox ESR a Thunderbird opravuj˙ 36 zraniteænostÌ;resolved;csirt;blazek;https://rt.i.masterinter.net/Ticket/Display.html?id=811297;;;2026-06-01 06:11:27.000;1;0;0;0;0;0.0000
811335;[csirt-cz] [TLP:CLEAR] [Max CVSS 9.6] Google Chrome opravuje 151 zranitelnostÌ;resolved;csirt;blazek;https://rt.i.masterinter.net/Ticket/Display.html?id=811335;;;2026-06-01 06:12:44.000;1;0;0;0;0;0.0000
811347;(admin.masterdc.com CID#4849) ZmÏna parametr˘ sluûby #119024 - Virtu·lnÌ dedikovan˝ server (VDS) - 774@d1240;resolved;support;blazek;https://rt.i.masterinter.net/Ticket/Display.html?id=811347;"4849";;2026-06-01 06:23:50.000;0;1;0;0;0;0.0000
811347;(admin.masterdc.com CID#4849) ZmÏna parametr˘ sluûby #119024 - Virtu·lnÌ dedikovan˝ server (VDS) - 774@d1240;resolved;support;blazek;https://rt.i.masterinter.net/Ticket/Display.html?id=811347;"4849";;2026-06-01 06:24:06.000;0;0;1;0;0;0.0833
811417;d9725 - zvyseny load;resolved;support;maska;https://rt.i.masterinter.net/Ticket/Display.html?id=811417;"6593";"90636";2026-06-01 06:25:17.000;0;0;1;0;0;0.0000
811371;ZruöenÌ sluûby, ukonËena k datu 30.05.2026 z·kaznÌk #2679 - Chysk˝ Jan (Webglobe, s.r.o.);resolved;cancel;blazek;https://rt.i.masterinter.net/Ticket/Display.html?id=811371;"2679";;2026-06-01 06:26:07.000;0;0;1;0;0;0.0000
811306;PROBLEM Service Alert:  d61/nrpe_load is CRITICAL ;resolved;support;blazek;https://rt.i.masterinter.net/Ticket/Display.html?id=811306;"2355";;2026-06-01 06:30:09.000;1;0;0;0;0;0.0833
811304;Obj. ID: 10538 Z·kaznÌk: #8986 - KratochvÌl Jan (Triola a.s.);resolved;objednavky;blazek;https://rt.i.masterinter.net/Ticket/Display.html?id=811304;"8986";;2026-06-01 06:31:14.000;0;0;1;0;0;0.0000
811444;ZruöenÌ sluûby, ukonËena k datu 31.05.2026 z·kaznÌk #3136 - KolomaznÌk Libor (ELITA semen·¯sk·, a.s.);resolved;cancel;blazek;https://rt.i.masterinter.net/Ticket/Display.html?id=811444;"3136";;2026-06-01 06:36:59.000;0;0;1;0;0;0.0000
811443;ZruöenÌ sluûby, ukonËena k datu 31.05.2026 z·kaznÌk #4001 - KalÌö Petr (Dataprojekt s.r.o.);resolved;cancel;blazek;https://rt.i.masterinter.net/Ticket/Display.html?id=811443;"4001";;2026-06-01 06:37:18.000;0;0;1;0;0;0.0000
811442;ZruöenÌ sluûby, ukonËena k datu 31.05.2026 z·kaznÌk #4480 - Michovsk˝ Petr  (Michovsk˝ - TOOLS s.r.o.);resolved;cancel;blazek;https://rt.i.masterinter.net/Ticket/Display.html?id=811442;"4480";;2026-06-01 06:37:41.000;0;0;1;0;0;0.0000
811441;ZruöenÌ sluûby, ukonËena k datu 31.05.2026 z·kaznÌk #2786 - Ungr·d Martin (Martin Ungr·d, SHD Technologies);resolved;cancel;blazek;https://rt.i.masterinter.net/Ticket/Display.html?id=811441;"2786";;2026-06-01 06:37:57.000;0;0;1;0;0;0.0000
811440;ZruöenÌ sluûby, ukonËena k datu 31.05.2026 z·kaznÌk #6661 - Janda Frantiöek  (Frantiöek Janda);open;cancel;blazek;https://rt.i.masterinter.net/Ticket/Display.html?id=811440;"6661";;2026-06-01 06:38:12.000;0;0;1;0;0;0.0000
811439;ZruöenÌ sluûby, ukonËena k datu 31.05.2026 z·kaznÌk #5829 - Kalus Adam;resolved;cancel;blazek;https://rt.i.masterinter.net/Ticket/Display.html?id=811439;"5829";;2026-06-01 06:38:28.000;0;0;1;0;0;0.0000
811438;ZruöenÌ sluûby, ukonËena k datu 31.05.2026 z·kaznÌk #3143 - PÈder Daniel (Infoset, s.r.o.);resolved;cancel;blazek;https://rt.i.masterinter.net/Ticket/Display.html?id=811438;"3143";;2026-06-01 06:39:59.000;0;0;1;0;0;0.0000
811437;ZruöenÌ sluûby, ukonËena k datu 31.05.2026 z·kaznÌk #8742 - Strejc David  (Apertia Tech s.r.o.);resolved;cancel;blazek;https://rt.i.masterinter.net/Ticket/Display.html?id=811437;"8742";;2026-06-01 06:40:19.000;0;0;1;0;0;0.0000
811436;ZruöenÌ sluûby, ukonËena k datu 31.05.2026 z·kaznÌk #4012 - Volkman Josef (Systemio Software s.r.o.);resolved;cancel;blazek;https://rt.i.masterinter.net/Ticket/Display.html?id=811436;"4012";;2026-06-01 06:40:40.000;0;0;1;0;0;0.0000
811435;ZruöenÌ sluûby, ukonËena k datu 31.05.2026 z·kaznÌk #2926 - Fiala Martin (eStudio.cz);open;cancel;blazek;https://rt.i.masterinter.net/Ticket/Display.html?id=811435;"2926";;2026-06-01 06:40:59.000;0;0;1;0;0;0.0000
811434;ZruöenÌ sluûby, ukonËena k datu 31.05.2026 z·kaznÌk #4725 - Spilka David (DAVID SPILKA);resolved;cancel;blazek;https://rt.i.masterinter.net/Ticket/Display.html?id=811434;"4725";;2026-06-01 06:41:23.000;0;0;1;0;0;0.0000
811433;ZruöenÌ sluûby, ukonËena k datu 31.05.2026 z·kaznÌk #3158 - »Ìûek Ji¯Ì (Atthero s.r.o.);resolved;cancel;blazek;https://rt.i.masterinter.net/Ticket/Display.html?id=811433;"3158";;2026-06-01 06:42:26.000;0;0;1;0;0;0.0000
811432;ZruöenÌ sluûby, ukonËena k datu 31.05.2026 z·kaznÌk #3990 - é·k Jind¯ich (Project-Nemesis o. s.);resolved;cancel;blazek;https://rt.i.masterinter.net/Ticket/Display.html?id=811432;"3990";;2026-06-01 06:42:46.000;0;0;1;0;0;0.0000
811431;ZruöenÌ sluûby, ukonËena k datu 31.05.2026 z·kaznÌk #4089 - Filip David (Cirque Digital s.r.o.);resolved;cancel;blazek;https://rt.i.masterinter.net/Ticket/Display.html?id=811431;"4089";;2026-06-01 06:43:13.000;0;0;1;0;0;0.0000
811430;ZruöenÌ sluûby, ukonËena k datu 31.05.2026 z·kaznÌk #4380 - SadÌlek Martin (Viaconn Technology, a.s.);resolved;cancel;blazek;https://rt.i.masterinter.net/Ticket/Display.html?id=811430;"4380";;2026-06-01 06:43:47.000;0;0;1;0;0;0.0000
811417;d9725 - zvyseny load;resolved;support;maska;https://rt.i.masterinter.net/Ticket/Display.html?id=811417;"6593";"90636";2026-06-01 06:46:07.000;0;1;0;0;0;1.0000
811427;ZruöenÌ sluûby, ukonËena k datu 31.05.2026 z·kaznÌk #4164 - KrejËÌ Martin;resolved;cancel;blazek;https://rt.i.masterinter.net/Ticket/Display.html?id=811427;"4164";;2026-06-01 06:46:56.000;0;0;1;0;0;0.0000
811426;ZruöenÌ sluûby, ukonËena k datu 31.05.2026 z·kaznÌk #3078 - Uch·Ë Radim (HnutÌ Pro ûivot »R, o.s.);resolved;cancel;blazek;https://rt.i.masterinter.net/Ticket/Display.html?id=811426;"3078";;2026-06-01 06:47:12.000;0;0;1;0;0;0.0000
811394;UCEPROTECT Monitoring Report;resolved;support;maska;https://rt.i.masterinter.net/Ticket/Display.html?id=811394;;;2026-06-01 06:50:15.000;1;0;0;0;0;0.0833
811394;UCEPROTECT Monitoring Report;resolved;support;maska;https://rt.i.masterinter.net/Ticket/Display.html?id=811394;;;2026-06-01 06:50:46.000;1;0;0;0;0;0.0000
811449;ZruöenÌ sluûby, ukonËena k datu 31.05.2026 z·kaznÌk #8884 - HrËek VojtÏch (Mercury Synergy s.r.o.);open;cancel;blazek;https://rt.i.masterinter.net/Ticket/Display.html?id=811449;"8884";;2026-06-01 06:53:04.000;0;0;1;0;0;0.0000
811448;ZruöenÌ sluûby, ukonËena k datu 31.05.2026 z·kaznÌk #3027 - äembera Jan;new;cancel;blazek;https://rt.i.masterinter.net/Ticket/Display.html?id=811448;"3027";;2026-06-01 06:53:18.000;0;0;1;0;0;0.0000
811446;ZruöenÌ sluûby, ukonËena k datu 31.05.2026 z·kaznÌk #4158 - Hemza Karel (Keyup IT Services, s.r.o.);new;cancel;blazek;https://rt.i.masterinter.net/Ticket/Display.html?id=811446;"4158";;2026-06-01 06:53:37.000;0;0;1;0;0;0.0000
811422;ZruöenÌ sluûby, ukonËena k datu 31.05.2026 z·kaznÌk #3565 -  (Pilotmedia s.r.o.);resolved;cancel;blazek;https://rt.i.masterinter.net/Ticket/Display.html?id=811422;"3565";;2026-06-01 06:55:09.000;0;0;1;0;0;0.0000
811421;ZruöenÌ sluûby, ukonËena k datu 31.05.2026 z·kaznÌk #6833 - Messner Petr (Leadhub s.r.o.);resolved;cancel;blazek;https://rt.i.masterinter.net/Ticket/Display.html?id=811421;"6833";;2026-06-01 06:55:30.000;0;0;1;0;0;0.0000
810603;Blokov·nÌ FTP;resolved;support;antonin.homola;https://rt.i.masterinter.net/Ticket/Display.html?id=810603;"6457";;2026-06-01 07:00:21.000;0;1;0;0;0;0.0333
811244;V˝pis z emailovÈho logu;resolved;support;landa;https://rt.i.masterinter.net/Ticket/Display.html?id=811244;"4039";"22767";2026-06-01 07:05:09.000;0;1;0;0;0;0.0000
811023;(admin.masterdc.com CID#4119) P¯Ìstup na sftp pro uûivatele joje;resolved;support;michal.nosek;https://rt.i.masterinter.net/Ticket/Display.html?id=811023;"4119";"69518";2026-06-01 07:11:29.000;0;0;1;0;0;0.5000
811451;(admin.masterdc.com CID#5760) d9752 + d9753 - SSL CA bundle;resolved;support;belousov;https://rt.i.masterinter.net/Ticket/Display.html?id=811451;"5760";;2026-06-01 07:13:47.000;0;0;1;0;0;0.0000
811457;"3IT Ëerven";open;support;blazek;https://rt.i.masterinter.net/Ticket/Display.html?id=811457;;;2026-06-01 07:17:04.000;1;0;0;0;0;0.5000
811451;(admin.masterdc.com CID#5760) d9752 + d9753 - SSL CA bundle;resolved;support;belousov;https://rt.i.masterinter.net/Ticket/Display.html?id=811451;"5760";;2026-06-01 07:17:44.000;0;1;0;0;0;0.0000
811424;ZruöenÌ sluûby, ukonËena k datu 31.05.2026 z·kaznÌk #8968 - Fiala Jind¯ich;open;cancel;landa;https://rt.i.masterinter.net/Ticket/Display.html?id=811424;"8968";;2026-06-01 07:19:27.000;0;0;1;0;0;0.0000
811428;ZruöenÌ sluûby, ukonËena k datu 31.05.2026 z·kaznÌk #4289 - Schwarzer Svatoslav  (ENVIPARTNER, s.r.o.);open;cancel;landa;https://rt.i.masterinter.net/Ticket/Display.html?id=811428;"4289";;2026-06-01 07:19:43.000;0;0;1;0;0;0.0000
811360;Alarm alarm.DatastoreDiskUsageAlarm on Datastore : Nakivo-vSAN5-36096 is Critical;resolved;support;blazek;https://rt.i.masterinter.net/Ticket/Display.html?id=811360;;;2026-06-01 07:20:02.000;0;0;1;0;0;0.0000
811429;ZruöenÌ sluûby, ukonËena k datu 31.05.2026 z·kaznÌk #8986 - KratochvÌl Jan (Triola a.s.);new;cancel;landa;https://rt.i.masterinter.net/Ticket/Display.html?id=811429;"8986";;2026-06-01 07:21:31.000;0;0;1;0;0;0.0000
811420;ZruöenÌ sluûby, ukonËena k datu 31.05.2026 z·kaznÌk #2832 - Valeö Radek (WAK System, spol. s r.o.);resolved;cancel;landa;https://rt.i.masterinter.net/Ticket/Display.html?id=811420;"2832";;2026-06-01 07:22:30.000;0;0;1;0;0;0.0000
811451;(admin.masterdc.com CID#5760) d9752 + d9753 - SSL CA bundle;resolved;support;belousov;https://rt.i.masterinter.net/Ticket/Display.html?id=811451;"5760";;2026-06-01 07:23:39.000;1;0;0;0;0;0.3333
811400;cloud-1757/nrpe_load is CRITICAL;open;support;blazek;https://rt.i.masterinter.net/Ticket/Display.html?id=811400;"6473";;2026-06-01 07:23:42.000;0;0;1;0;0;0.0000
811242;(admin.masterdc.com CID#7247) Rate-limiting scraper trafficu z datacenter IP (www1-4);open;support;blazek;https://rt.i.masterinter.net/Ticket/Display.html?id=811242;"7247";"72162";2026-06-01 07:25:18.000;0;0;1;0;0;0.0000
811253;(admin.masterdc.com CID#7247) HAProxy LB ó opakovanÈ noËnÌ kr·tkÈ v˝padky www backend˘ (~00:49);open;support;blazek;https://rt.i.masterinter.net/Ticket/Display.html?id=811253;"7247";"72162";2026-06-01 07:25:25.000;0;0;1;0;0;0.0000
811310;d125/check_isp_le_renewal is CRITICAL;resolved;support;blazek;https://rt.i.masterinter.net/Ticket/Display.html?id=811310;"3652";;2026-06-01 07:27:09.000;0;0;1;0;0;0.0000
811287;[csirt-cz] [TLP:CLEAR] [Max CVSS 8.2] GitLab CE/EE opravuje 7 zranitelnostÌ;resolved;csirt;belousov;https://rt.i.masterinter.net/Ticket/Display.html?id=811287;;;2026-06-01 07:28:54.000;1;0;0;0;0;0.0000
811309;databreakers/ssl_validation_dtb.cm +webui.notebook.dtb.cm is CRITICAL;resolved;support;blazek;https://rt.i.masterinter.net/Ticket/Display.html?id=811309;"8446";;2026-06-01 07:30:34.000;0;0;1;0;0;0.0000
811311;cloud-3187/check_everest_backups is CRITICAL;resolved;support;blazek;https://rt.i.masterinter.net/Ticket/Display.html?id=811311;"9262";"99292";2026-06-01 07:31:34.000;0;0;1;0;0;0.0000
811265;Obj. ID: 10534 Z·kaznÌk: #9425 - äinov· Petra (Komora veterin·rnÌch lÈka¯˘ »eskÈ republiky);resolved;objednavky;belousov;https://rt.i.masterinter.net/Ticket/Display.html?id=811265;"9425";;2026-06-01 07:36:56.000;1;0;0;0;0;0.0000
803009;ZruöenÌ sluûby, ukonËena k datu 31.03.2026 z·kaznÌk #6307 - Hub·lek Tom·ö (Online Factory s.r.o.);resolved;cancel;landa;https://rt.i.masterinter.net/Ticket/Display.html?id=803009;"6307";;2026-06-01 07:37:11.000;1;0;0;0;0;0.0000
809897;PROBLEM Service Alert: cloud-3114/nrpe_disk is CRITICAL;resolved;health-uncompromised;belousov;https://rt.i.masterinter.net/Ticket/Display.html?id=809897;"9168";;2026-06-01 07:38:10.000;1;0;0;0;0;0.0000
811299;[csirt-cz] [TLP:CLEAR] [Max CVSS 9.4] Veeam opravuje 3 zranitelnosti;open;csirt;tarcak;https://rt.i.masterinter.net/Ticket/Display.html?id=811299;;;2026-06-01 07:38:10.000;1;0;0;0;0;0.0000
811299;[csirt-cz] [TLP:CLEAR] [Max CVSS 9.4] Veeam opravuje 3 zranitelnosti;open;csirt;tarcak;https://rt.i.masterinter.net/Ticket/Display.html?id=811299;;;2026-06-01 07:38:20.000;0;0;1;0;0;0.2500
811299;[csirt-cz] [TLP:CLEAR] [Max CVSS 9.4] Veeam opravuje 3 zranitelnosti;open;csirt;tarcak;https://rt.i.masterinter.net/Ticket/Display.html?id=811299;;;2026-06-01 07:38:28.000;0;0;1;0;0;0.0000
811309;databreakers/ssl_validation_dtb.cm +webui.notebook.dtb.cm is CRITICAL;resolved;support;machovec;https://rt.i.masterinter.net/Ticket/Display.html?id=811309;"8446";;2026-06-01 07:42:43.000;0;1;0;0;0;0.5000
810092;Obj. ID: 10515 Z·kaznÌk: #2870 - VyöohlÌd Martin;resolved;objednavky;blazek;https://rt.i.masterinter.net/Ticket/Display.html?id=810092;"2870";;2026-06-01 07:43:00.000;0;1;0;0;0;0.0833
811304;Obj. ID: 10538 Z·kaznÌk: #8986 - KratochvÌl Jan (Triola a.s.);resolved;objednavky;michal.nosek;https://rt.i.masterinter.net/Ticket/Display.html?id=811304;"8986";;2026-06-01 07:45:23.000;1;0;0;0;0;0.2500
810931;Upgrade Percona DB na stacku 3 - staging;open;support;chudy;https://rt.i.masterinter.net/Ticket/Display.html?id=810931;"6790";"90270";2026-06-01 07:47:37.000;0;1;0;0;0;0.0000
811462;[csirt-cz] [TLP:CLEAR] [Max CVSS 7.8] Palo Alto PAN-OS opravuje aktivnÏ zneuûÌvanou zranitelnost;resolved;csirt;blazek;https://rt.i.masterinter.net/Ticket/Display.html?id=811462;;;2026-06-01 07:48:11.000;1;0;0;0;0;0.0000
811353;d9804-102/nrpe_load is CRITICAL;resolved;support;blazek;https://rt.i.masterinter.net/Ticket/Display.html?id=811353;"9489";;2026-06-01 07:50:47.000;1;0;0;0;0;0.0833
811312;"203-6540-db3/nrpe_disk is CRITICAL";resolved;support;blazek;https://rt.i.masterinter.net/Ticket/Display.html?id=811312;"7646";;2026-06-01 07:51:51.000;0;0;1;0;0;0.0000
810702;nextcloud.kara-uas.cz/nrpe_nextcloud is CRITICAL;new;support;tarcak;https://rt.i.masterinter.net/Ticket/Display.html?id=810702;"9267";;2026-06-01 07:52:42.000;1;0;0;0;0;0.5000
806222;Priv·tnÌ IP adresy /  Chemis engine, a.s;resolved;support;zidek;https://rt.i.masterinter.net/Ticket/Display.html?id=806222;"4558";;2026-06-01 07:57:19.000;0;1;0;0;0;0.0333
811323;d4169/check_isp_le_renewal is CRITICAL;resolved;support;blazek;https://rt.i.masterinter.net/Ticket/Display.html?id=811323;"4236";;2026-06-01 07:58:05.000;0;0;1;0;0;0.0000
811342;PROBLEM Service Alert: d238-web11.masterinter.net/http is CRITICAL;resolved;support;blazek;https://rt.i.masterinter.net/Ticket/Display.html?id=811342;"6771";;2026-06-01 07:58:48.000;0;0;1;0;0;0.0000
811344;PROBLEM Service Alert: cis3-lb.masterinter.net/ping_ipv6_VIP is CRITICAL;resolved;support;blazek;https://rt.i.masterinter.net/Ticket/Display.html?id=811344;"7452";;2026-06-01 08:04:55.000;0;0;1;0;0;0.0000
811296;(admin.masterdc.com CID#5066) Defguard pro copywriters;resolved;support;hrncir;https://rt.i.masterinter.net/Ticket/Display.html?id=811296;"5066";;2026-06-01 08:05:06.000;0;0;1;0;0;0.0000
811429;ZruöenÌ sluûby, ukonËena k datu 31.05.2026 z·kaznÌk #8986 - KratochvÌl Jan (Triola a.s.);new;cancel;tarcak;https://rt.i.masterinter.net/Ticket/Display.html?id=811429;"8986";;2026-06-01 08:05:20.000;1;0;0;0;0;0.5000
811398;May usage report for Veeam Backup & Replication;new;veeam-report;tarcak;https://rt.i.masterinter.net/Ticket/Display.html?id=811398;;;2026-06-01 08:05:54.000;0;0;1;0;0;0.0000
811142;Fwd: [Ticket#2026052728000448] Nahl·senie rozsiahleho supply chain rizika;resolved;csirt;hrncir;https://rt.i.masterinter.net/Ticket/Display.html?id=811142;;;2026-06-01 08:06:00.000;1;0;0;0;0;0.0000
802081;(admin.masterdc.com CID#8987) P¯Ìstup na rt z IDC;resolved;support;zidek;https://rt.i.masterinter.net/Ticket/Display.html?id=802081;"8987";;2026-06-01 08:06:30.000;0;1;0;0;0;0.0333
806737;P¯id·nÌ subnetu do BGP. ;resolved;support;zidek;https://rt.i.masterinter.net/Ticket/Display.html?id=806737;"7555";;2026-06-01 08:06:52.000;0;1;0;0;0;0.0333
810474;(admin.masterdc.com CID#7026) ⁄prava vhost pro domÈny aihub.kokiska.cz a aihub-test.kokiska.cz;resolved;support;ryska;https://rt.i.masterinter.net/Ticket/Display.html?id=810474;"7026";"68948";2026-06-01 08:09:04.000;0;0;1;0;0;0.2500
811398;May usage report for Veeam Backup & Replication;new;veeam-report;tarcak;https://rt.i.masterinter.net/Ticket/Display.html?id=811398;;;2026-06-01 08:09:07.000;1;0;0;0;0;0.5000
811465;MAI Alert System: Detected duplicate address lo1.sl526p.r1-1.dc1.4d.prg.masterinter.net;resolved;noc;zidek;https://rt.i.masterinter.net/Ticket/Display.html?id=811465;;;2026-06-01 08:15:30.000;1;0;0;0;0;0.0000
811465;MAI Alert System: Detected duplicate address lo1.sl526p.r1-1.dc1.4d.prg.masterinter.net;resolved;noc;zidek;https://rt.i.masterinter.net/Ticket/Display.html?id=811465;;;2026-06-01 08:15:32.000;0;0;1;0;0;0.0000
811296;(admin.masterdc.com CID#5066) Defguard pro copywriters;resolved;support;machovec;https://rt.i.masterinter.net/Ticket/Display.html?id=811296;"5066";;2026-06-01 08:16:20.000;0;1;0;0;0;0.0833
811465;MAI Alert System: Detected duplicate address lo1.sl526p.r1-1.dc1.4d.prg.masterinter.net;resolved;noc;zidek;https://rt.i.masterinter.net/Ticket/Display.html?id=811465;;;2026-06-01 08:16:28.000;1;0;0;0;0;0.0000
811225;[csirt-cz] [Alert] Zranitelnost LPE v j·d¯e Linux CIFSwitch;resolved;csirt;belousov;https://rt.i.masterinter.net/Ticket/Display.html?id=811225;;;2026-06-01 08:16:54.000;1;0;0;0;0;1.0000
810834;V grafanÏ v node export dashboardu nejsou vidÏt worker nodes pro stack2;resolved;support;belousov;https://rt.i.masterinter.net/Ticket/Display.html?id=810834;"6790";;2026-06-01 08:18:34.000;1;0;0;0;0;0.5000
811236;PROBLEM Service Alert: d1561/https is CRITICAL;resolved;support;belousov;https://rt.i.masterinter.net/Ticket/Display.html?id=811236;"2522";;2026-06-01 08:20:10.000;0;1;0;0;0;0.0000
811465;MAI Alert System: Detected duplicate address lo1.sl526p.r1-1.dc1.4d.prg.masterinter.net;resolved;noc;zidek;https://rt.i.masterinter.net/Ticket/Display.html?id=811465;;;2026-06-01 08:20:51.000;1;0;0;0;0;0.0000
811288;PROBLEM Service Alert:  cloud-1681/nrpe_disk is CRITICAL (;resolved;support;machovec;https://rt.i.masterinter.net/Ticket/Display.html?id=811288;"5066";;2026-06-01 08:23:37.000;0;1;0;0;0;0.5000
811360;Alarm alarm.DatastoreDiskUsageAlarm on Datastore : Nakivo-vSAN5-36096 is Critical;resolved;support;machovec;https://rt.i.masterinter.net/Ticket/Display.html?id=811360;;;2026-06-01 08:24:07.000;1;0;0;0;0;0.0167
811309;databreakers/ssl_validation_dtb.cm +webui.notebook.dtb.cm is CRITICAL;resolved;support;machovec;https://rt.i.masterinter.net/Ticket/Display.html?id=811309;"8446";;2026-06-01 08:25:26.000;1;0;0;0;0;0.0000
807327;Nelze naËÌst web blockspamcalls.cz;resolved;support;maska;https://rt.i.masterinter.net/Ticket/Display.html?id=807327;;;2026-06-01 08:25:51.000;0;1;0;0;0;0.0000
810807;(admin.masterdc.com CID#5066) Gitlab access denied;resolved;support;machovec;https://rt.i.masterinter.net/Ticket/Display.html?id=810807;"5066";;2026-06-01 08:26:24.000;1;0;0;0;0;0.0000
810505;(admin.masterdc.com CID#8576) JeötÏ prosba o p¯id·nÌ do cronu;resolved;support;schon;https://rt.i.masterinter.net/Ticket/Display.html?id=810505;"8576";"86709";2026-06-01 08:29:56.000;0;1;0;0;0;0.0000
811474;Chybn· IP konfigurace d1122-102;open;support;blazek;https://rt.i.masterinter.net/Ticket/Display.html?id=811474;"4149";;2026-06-01 08:30:25.000;0;1;0;0;0;0.0000
811142;Fwd: [Ticket#2026052728000448] Nahl·senie rozsiahleho supply chain rizika;resolved;csirt;zidek;https://rt.i.masterinter.net/Ticket/Display.html?id=811142;;;2026-06-01 08:30:44.000;0;0;1;0;0;0.0000
811341;FW: Vypadky dedikovaneho serveru;resolved;support;blazek;https://rt.i.masterinter.net/Ticket/Display.html?id=811341;;;2026-06-01 08:32:05.000;0;0;1;0;0;0.0833
809971;Update managed Windows serveru;open;support;schon;https://rt.i.masterinter.net/Ticket/Display.html?id=809971;"6516";;2026-06-01 08:34:04.000;0;1;0;0;0;0.0833
810505;(admin.masterdc.com CID#8576) JeötÏ prosba o p¯id·nÌ do cronu;resolved;support;schon;https://rt.i.masterinter.net/Ticket/Display.html?id=810505;"8576";"86709";2026-06-01 08:35:25.000;0;1;0;0;0;0.0000
809693;d4169/check_isp_le_renewal is CRITICAL;resolved;support;belousov;https://rt.i.masterinter.net/Ticket/Display.html?id=809693;"4236";"65266";2026-06-01 08:36:53.000;0;1;0;0;0;0.0000
809769;Update Win-VPS cluster;open;windows;antonin.homola;https://rt.i.masterinter.net/Ticket/Display.html?id=809769;"7443";;2026-06-01 08:37:06.000;1;0;0;0;0;0.5000
809975;Update produkce k8s ;resolved;EPIC;belousov;https://rt.i.masterinter.net/Ticket/Display.html?id=809975;"7245";;2026-06-01 08:37:38.000;1;0;0;0;0;0.0000
794861;DoporuËenÌ migrace serveru z d˘vodu nepodporovanÈho OS (cloud 716);resolved;support;belousov;https://rt.i.masterinter.net/Ticket/Display.html?id=794861;"3127";;2026-06-01 08:38:49.000;1;0;0;0;0;0.0000
810142;Sluûby ËekajÌ na schv·lenÌ techu, Klient #7451 - éÌdek Martin (ProdukËnÌ cloudy mimo vCloud);resolved;todo;belousov;https://rt.i.masterinter.net/Ticket/Display.html?id=810142;"7451";;2026-06-01 08:39:16.000;1;0;0;0;0;0.0000
811478;<< > Re: Plan..??;resolved;spam;blazek;https://rt.i.masterinter.net/Ticket/Display.html?id=811478;;;2026-06-01 08:39:46.000;0;0;1;0;0;0.0000
810292;V˝padky na stacku3;resolved;support;belousov;https://rt.i.masterinter.net/Ticket/Display.html?id=810292;"6790";;2026-06-01 08:40:48.000;0;1;0;0;0;0.0000
811412;d1855-101/mysql is CRITICAL ;resolved;support;blazek;https://rt.i.masterinter.net/Ticket/Display.html?id=811412;"4067";;2026-06-01 08:48:37.000;1;0;0;0;0;0.0833
811481;Undelivered Mail Returned to Sender;resolved;support;blazek;https://rt.i.masterinter.net/Ticket/Display.html?id=811481;;;2026-06-01 08:49:01.000;0;0;1;0;0;0.0333
809974;ProvÏ¯enÌ zranitelnostÌ Kernelu;open;support;belousov;https://rt.i.masterinter.net/Ticket/Display.html?id=809974;"6790";;2026-06-01 08:49:21.000;1;0;0;0;0;0.0000
809696;cloud-2257.masterinter.net/nrpe_disk is CRITICAL;resolved;support;belousov;https://rt.i.masterinter.net/Ticket/Display.html?id=809696;"6284";;2026-06-01 08:50:05.000;1;0;0;0;0;0.5000
809732;PROBLEM Service Alert: d61/nrpe_load is CRITICAL;resolved;support;belousov;https://rt.i.masterinter.net/Ticket/Display.html?id=809732;"2355";;2026-06-01 08:51:06.000;1;0;0;0;0;0.5000
809335;P¯id·nÌ domÈn dalöÌch kasÌn;resolved;support;belousov;https://rt.i.masterinter.net/Ticket/Display.html?id=809335;"9207";;2026-06-01 08:51:28.000;1;0;0;0;0;0.0000
811349;PROBLEM Service Alert: d9711/check_isp_domains is CRITICAL;open;support;blazek;https://rt.i.masterinter.net/Ticket/Display.html?id=811349;"3297";;2026-06-01 08:52:03.000;0;0;1;0;0;0.0000
808371;wolfnet spam [tracking];resolved;support;belousov;https://rt.i.masterinter.net/Ticket/Display.html?id=808371;;;2026-06-01 08:52:57.000;1;0;0;0;0;0.0000
811475;Sluûby ËekajÌ na schv·lenÌ techu, Klient #7451 - éÌdek Martin (ProdukËnÌ cloudy mimo vCloud);resolved;todo;ulman;https://rt.i.masterinter.net/Ticket/Display.html?id=811475;"7451";;2026-06-01 08:53:13.000;0;0;1;0;0;0.0000
806914;(admin.masterdc.com CID#6644) prosba o raw image vps  3075@d4673;resolved;support;belousov;https://rt.i.masterinter.net/Ticket/Display.html?id=806914;"6644";;2026-06-01 08:53:29.000;1;0;0;0;0;0.2500
807650;Upgrade k8s PP ;resolved;EPIC;belousov;https://rt.i.masterinter.net/Ticket/Display.html?id=807650;"7245";;2026-06-01 08:53:44.000;1;0;0;0;0;0.0000
809047;PROBLEM Host Alert: d9756-VM-FS is DOWN ;resolved;support;belousov;https://rt.i.masterinter.net/Ticket/Display.html?id=809047;"6480";;2026-06-01 08:54:32.000;1;0;0;0;0;0.2500
808810;Dirtyfrag vulnerability [tracking];resolved;support;belousov;https://rt.i.masterinter.net/Ticket/Display.html?id=808810;;;2026-06-01 08:55:10.000;1;0;0;0;0;0.5000
807649;Dotazy na KyberbezpeËnost;resolved;support;belousov;https://rt.i.masterinter.net/Ticket/Display.html?id=807649;"5421";;2026-06-01 08:55:35.000;1;0;0;0;0;0.5000
811066;InternÌ konzultace bezpeËnosti s Axenta [tracking];new;support;zidek;https://rt.i.masterinter.net/Ticket/Display.html?id=811066;;;2026-06-01 08:56:42.000;1;0;0;0;0;0.2500
811349;PROBLEM Service Alert: d9711/check_isp_domains is CRITICAL;open;support;blazek;https://rt.i.masterinter.net/Ticket/Display.html?id=811349;"3297";;2026-06-01 08:58:46.000;0;1;0;0;0;0.2500
811313;CID#6893 - velikost z·lohovacÌho prostoru;stalled;support;blazek;https://rt.i.masterinter.net/Ticket/Display.html?id=811313;"6893";;2026-06-01 09:02:30.000;0;0;1;0;0;0.0000
811482;PROBLEM Service Alert: d95/nrpe_mailq is CRITICAL;resolved;support;landa;https://rt.i.masterinter.net/Ticket/Display.html?id=811482;"7247";"72162";2026-06-01 09:05:05.000;0;0;1;0;0;0.0000
811484;"05-2026 Infra patching";resolved;support;schon;https://rt.i.masterinter.net/Ticket/Display.html?id=811484;;;2026-06-01 09:05:45.000;1;0;0;0;0;2.0000
806672;[Aures] Alternativa za KeyDB;open;support;hrncir;https://rt.i.masterinter.net/Ticket/Display.html?id=806672;"7245";"91601";2026-06-01 09:07:22.000;1;0;0;0;0;0.0000
811299;[csirt-cz] [TLP:CLEAR] [Max CVSS 9.4] Veeam opravuje 3 zranitelnosti;open;csirt;schon;https://rt.i.masterinter.net/Ticket/Display.html?id=811299;;;2026-06-01 09:08:00.000;1;0;0;0;0;0.5000
811482;PROBLEM Service Alert: d95/nrpe_mailq is CRITICAL;resolved;support;landa;https://rt.i.masterinter.net/Ticket/Display.html?id=811482;"7247";"72162";2026-06-01 09:09:14.000;0;1;0;0;0;0.2500
811388;PROBLEM Service Alert: d4060/nrpe_disk is CRITICAL;resolved;support;blazek;https://rt.i.masterinter.net/Ticket/Display.html?id=811388;;;2026-06-01 09:10:50.000;1;0;0;0;0;0.0833
811313;CID#6893 - velikost z·lohovacÌho prostoru;stalled;support;maska;https://rt.i.masterinter.net/Ticket/Display.html?id=811313;"6893";;2026-06-01 09:11:56.000;0;0;1;0;0;0.0000
811334;(admin.masterdc.com CID#8446) Zruseni nepotrebneho US GW serveru;open;support;ondrej;https://rt.i.masterinter.net/Ticket/Display.html?id=811334;"8446";;2026-06-01 09:12:03.000;0;0;1;0;0;0.0000
811327;(admin.masterdc.com CID#8446) Priprava high memory nodu;open;support;ondrej;https://rt.i.masterinter.net/Ticket/Display.html?id=811327;"8446";;2026-06-01 09:12:57.000;0;0;1;0;0;0.0000
811487;"Tienes informaciÛn en ""Mi buzÛn""";resolved;spam;blazek;https://rt.i.masterinter.net/Ticket/Display.html?id=811487;;;2026-06-01 09:16:11.000;0;0;1;0;0;0.0000
811324;golemos-web/ssl_mailadmin.golemos.com+dnsadmin.golemos.com is CRITICAL;resolved;support;blazek;https://rt.i.masterinter.net/Ticket/Display.html?id=811324;"7247";;2026-06-01 09:26:17.000;0;0;1;0;0;0.0000
811313;CID#6893 - velikost z·lohovacÌho prostoru;stalled;support;maska;https://rt.i.masterinter.net/Ticket/Display.html?id=811313;"6893";;2026-06-01 09:28:10.000;1;0;0;0;0;0.5000
811440;ZruöenÌ sluûby, ukonËena k datu 31.05.2026 z·kaznÌk #6661 - Janda Frantiöek  (Frantiöek Janda);open;cancel;blazek;https://rt.i.masterinter.net/Ticket/Display.html?id=811440;"6661";;2026-06-01 09:32:31.000;1;0;0;0;0;0.0833
810874;navyseni velikosti emailove schranky;stalled;support;maska;https://rt.i.masterinter.net/Ticket/Display.html?id=810874;"2182";;2026-06-01 09:35:25.000;1;0;0;0;0;0.0000
811048;vm547 - rdp licence problem;resolved;support;schon;https://rt.i.masterinter.net/Ticket/Display.html?id=811048;"4703";;2026-06-01 09:35:32.000;0;1;0;0;0;0.0000
811449;ZruöenÌ sluûby, ukonËena k datu 31.05.2026 z·kaznÌk #8884 - HrËek VojtÏch (Mercury Synergy s.r.o.);open;cancel;blazek;https://rt.i.masterinter.net/Ticket/Display.html?id=811449;"8884";;2026-06-01 09:36:24.000;1;0;0;0;0;0.0833
810145;(admin.masterdc.com CID#8611) track.colosus.cz mimo isp manager;resolved;support;blazek;https://rt.i.masterinter.net/Ticket/Display.html?id=810145;"8611";;2026-06-01 09:40:09.000;0;1;0;0;0;0.0000
811493;(admin.masterdc.com CID#4225) ZruöenÌ sluûeb;open;support;blazek;https://rt.i.masterinter.net/Ticket/Display.html?id=811493;"4225";;2026-06-01 09:52:56.000;0;0;1;0;0;0.0000
811493;(admin.masterdc.com CID#4225) ZruöenÌ sluûeb;open;support;blazek;https://rt.i.masterinter.net/Ticket/Display.html?id=811493;"4225";;2026-06-01 09:53:20.000;1;0;0;0;0;0.0000
811417;d9725 - zvyseny load;resolved;support;maska;https://rt.i.masterinter.net/Ticket/Display.html?id=811417;"6593";"90636";2026-06-01 09:56:30.000;0;1;0;0;0;0.2500
811389;UCEPROTECT Monitoring -> Accountchanges;resolved;support;maska;https://rt.i.masterinter.net/Ticket/Display.html?id=811389;;;2026-06-01 09:59:30.000;1;0;0;0;0;0.2500
811039;p¯id·nÌ IP pro p¯Ìstup k ftp/ssh;open;managed;maska;https://rt.i.masterinter.net/Ticket/Display.html?id=811039;;;2026-06-01 10:01:29.000;0;1;0;0;0;0.2500
811312;"203-6540-db3/nrpe_disk is CRITICAL";resolved;support;blazek;https://rt.i.masterinter.net/Ticket/Display.html?id=811312;"7646";;2026-06-01 10:02:22.000;1;0;0;0;0;0.0833
811494;PROBLEM Service Alert:  d61/nrpe_load is CRITICAL ;open;support;uhlik;https://rt.i.masterinter.net/Ticket/Display.html?id=811494;"2355";;2026-06-01 10:10:32.000;0;1;0;0;0;0.0000
811488;[csirt-cz] [TLP:CLEAR] [Max CVSS 9.4] OpenVPN Connect opravuje kritickou zranitelnost;resolved;csirt;blazek;https://rt.i.masterinter.net/Ticket/Display.html?id=811488;;;2026-06-01 10:19:41.000;1;0;0;0;0;0.0000
811494;PROBLEM Service Alert:  d61/nrpe_load is CRITICAL ;open;support;uhlik;https://rt.i.masterinter.net/Ticket/Display.html?id=811494;"2355";;2026-06-01 10:32:13.000;0;1;0;0;0;0.0000
811503;Obj. ID: 10540 Z·kaznÌk: #8611 - »ernÌn Jan (3IT ˙spÏön˝ eshop s.r.o.);resolved;objednavky;blazek;https://rt.i.masterinter.net/Ticket/Display.html?id=811503;"8611";;2026-06-01 10:33:09.000;0;0;1;0;0;0.0000
811500;Odblokov·nÌ IP adresy ;resolved;support;maska;https://rt.i.masterinter.net/Ticket/Display.html?id=811500;"2966";;2026-06-01 10:34:21.000;0;0;1;0;0;0.0000
811500;Odblokov·nÌ IP adresy ;resolved;support;maska;https://rt.i.masterinter.net/Ticket/Display.html?id=811500;"2966";;2026-06-01 10:34:21.000;0;0;1;0;0;0.0000
811482;PROBLEM Service Alert: d95/nrpe_mailq is CRITICAL;resolved;support;landa;https://rt.i.masterinter.net/Ticket/Display.html?id=811482;"7247";"72162";2026-06-01 10:36:54.000;0;1;0;0;0;0.0000
810931;Upgrade Percona DB na stacku 3 - staging;open;support;chudy;https://rt.i.masterinter.net/Ticket/Display.html?id=810931;"6790";"90270";2026-06-01 10:38:43.000;0;1;0;0;0;0.0000
811494;PROBLEM Service Alert:  d61/nrpe_load is CRITICAL ;open;support;uhlik;https://rt.i.masterinter.net/Ticket/Display.html?id=811494;"2355";;2026-06-01 10:46:14.000;1;0;0;0;0;0.0000
811500;Odblokov·nÌ IP adresy ;resolved;support;maska;https://rt.i.masterinter.net/Ticket/Display.html?id=811500;"2966";;2026-06-01 10:48:23.000;1;0;0;0;0;0.0000
811500;Odblokov·nÌ IP adresy ;resolved;support;maska;https://rt.i.masterinter.net/Ticket/Display.html?id=811500;"2966";;2026-06-01 10:48:23.000;1;0;0;0;0;0.0000
811500;Odblokov·nÌ IP adresy ;resolved;support;maska;https://rt.i.masterinter.net/Ticket/Display.html?id=811500;"2966";;2026-06-01 10:50:03.000;0;1;0;0;0;0.3333
811500;Odblokov·nÌ IP adresy ;resolved;support;maska;https://rt.i.masterinter.net/Ticket/Display.html?id=811500;"2966";;2026-06-01 10:50:03.000;0;1;0;0;0;0.3333
811501;(admin.masterdc.com CID#4868) Poloûky navÌc na faktu¯e;resolved;support;uhlik;https://rt.i.masterinter.net/Ticket/Display.html?id=811501;"4868";"35908";2026-06-01 10:50:13.000;0;1;0;0;0;0.0000
811501;(admin.masterdc.com CID#4868) Poloûky navÌc na faktu¯e;resolved;support;uhlik;https://rt.i.masterinter.net/Ticket/Display.html?id=811501;"4868";"35908";2026-06-01 10:50:26.000;0;0;1;0;0;0.0000
811501;(admin.masterdc.com CID#4868) Poloûky navÌc na faktu¯e;resolved;support;uhlik;https://rt.i.masterinter.net/Ticket/Display.html?id=811501;"4868";"35908";2026-06-01 10:52:04.000;1;0;0;0;0;0.0000
809693;d4169/check_isp_le_renewal is CRITICAL;resolved;support;belousov;https://rt.i.masterinter.net/Ticket/Display.html?id=809693;"4236";"65266";2026-06-01 10:56:08.000;0;1;0;0;0;0.5000
811500;Odblokov·nÌ IP adresy ;resolved;support;maska;https://rt.i.masterinter.net/Ticket/Display.html?id=811500;"2966";;2026-06-01 10:56:18.000;0;1;0;0;0;0.0000
811500;Odblokov·nÌ IP adresy ;resolved;support;maska;https://rt.i.masterinter.net/Ticket/Display.html?id=811500;"2966";;2026-06-01 10:56:18.000;0;1;0;0;0;0.0000
809693;d4169/check_isp_le_renewal is CRITICAL;resolved;support;belousov;https://rt.i.masterinter.net/Ticket/Display.html?id=809693;"4236";"65266";2026-06-01 10:56:19.000;1;0;0;0;0;0.0000
811311;cloud-3187/check_everest_backups is CRITICAL;resolved;support;tomas.krupicka;https://rt.i.masterinter.net/Ticket/Display.html?id=811311;"9262";"99292";2026-06-01 10:57:19.000;0;1;0;0;0;0.5000
810946;PROBLEM Service Alert:  d1196/nrpe_backups is CRITICAL;resolved;support;tomas.krupicka;https://rt.i.masterinter.net/Ticket/Display.html?id=810946;"4067";;2026-06-01 10:59:31.000;0;1;0;0;0;0.0000
810946;PROBLEM Service Alert:  d1196/nrpe_backups is CRITICAL;resolved;support;tomas.krupicka;https://rt.i.masterinter.net/Ticket/Display.html?id=810946;"4067";;2026-06-01 10:59:40.000;0;0;1;0;0;0.0167
802073;(admin.masterdc.com CID#8611) ZabezpeËenÌ a optimalizace projekt˘;open;support;blazek;https://rt.i.masterinter.net/Ticket/Display.html?id=802073;"8611";;2026-06-01 10:59:52.000;0;1;0;0;0;0.0000
809768;PROBLEM Service Alert: d1196/nrpe_disk is CRITICAL;open;support;tomas.krupicka;https://rt.i.masterinter.net/Ticket/Display.html?id=809768;"4067";"81132";2026-06-01 11:02:18.000;0;1;0;0;0;0.1667
810448;d1111/nrpe_load is CRITICAL;resolved;support;tomas.krupicka;https://rt.i.masterinter.net/Ticket/Display.html?id=810448;"7247";"72162";2026-06-01 11:04:47.000;0;1;0;0;0;0.0000
810448;d1111/nrpe_load is CRITICAL;resolved;support;tomas.krupicka;https://rt.i.masterinter.net/Ticket/Display.html?id=810448;"7247";"72162";2026-06-01 11:04:55.000;0;0;1;0;0;0.2500
784567;[Aures] Debug sÌùovÈ komunikace v k8s;open;EPIC;belousov;https://rt.i.masterinter.net/Ticket/Display.html?id=784567;"7245";"91598";2026-06-01 11:10:14.000;1;0;0;0;0;0.0000
809765;(admin.masterdc.com CID#4067) Vytvo¯enÌ p¯Ìstupu SSH (SFTP) - david.sindelar;resolved;support;tomas.krupicka;https://rt.i.masterinter.net/Ticket/Display.html?id=809765;"4067";"81132";2026-06-01 11:11:08.000;0;1;0;0;0;0.2500
811502;(admin.masterdc.com CID#8684) ZastavenÌ procesu z·lohov·nÌ Backup kopies;resolved;support;uhlik;https://rt.i.masterinter.net/Ticket/Display.html?id=811502;"8684";"94268";2026-06-01 11:13:21.000;0;0;1;0;0;0.0000
811502;(admin.masterdc.com CID#8684) ZastavenÌ procesu z·lohov·nÌ Backup kopies;resolved;support;uhlik;https://rt.i.masterinter.net/Ticket/Display.html?id=811502;"8684";"94268";2026-06-01 11:14:27.000;0;1;0;0;0;0.0000
811494;PROBLEM Service Alert:  d61/nrpe_load is CRITICAL ;open;support;uhlik;https://rt.i.masterinter.net/Ticket/Display.html?id=811494;"2355";;2026-06-01 11:14:43.000;0;0;1;0;0;0.0000
811505;Obj. PC p¯ÌsluöenstvÌ u Alzy (Eden sdÌlen· mÌsta);resolved;objednavky-out;uhlik;https://rt.i.masterinter.net/Ticket/Display.html?id=811505;;;2026-06-01 11:16:38.000;0;0;1;0;0;0.0000
793502;(admin.masterdc.com CID#7247) Upgrade na PHP8.5;resolved;support;tomas.krupicka;https://rt.i.masterinter.net/Ticket/Display.html?id=793502;"7247";"72162";2026-06-01 11:19:15.000;0;1;0;0;0;0.5000
811510;Obj. ID: 10541 Z·kaznÌk: #4067 - Urb·nek MojmÌr (SAB servis s.r.o.);open;objednavky;uhlik;https://rt.i.masterinter.net/Ticket/Display.html?id=811510;"4067";;2026-06-01 11:20:57.000;0;0;1;0;0;0.0000
811506;PROBLEM Service Alert: eu-hel-dt-p0-s3-001/check_s3_backup_ss-eu_p0 is CRITICAL;resolved;support;uhlik;https://rt.i.masterinter.net/Ticket/Display.html?id=811506;"8446";;2026-06-01 11:21:16.000;0;0;1;0;0;0.0000
811411;Sluûba SSL nebyla fakturov·na - nem· aktivnÌ certifik·t 'd1009.masterinter.net';resolved;ssl;uhlik;https://rt.i.masterinter.net/Ticket/Display.html?id=811411;"3308";;2026-06-01 11:22:44.000;0;0;1;0;0;0.0000
810791;(admin.masterdc.com CID#7245) NFS dynamic;open;support;belousov;https://rt.i.masterinter.net/Ticket/Display.html?id=810791;"7245";;2026-06-01 11:23:17.000;0;1;0;0;0;0.0000
811512;PROBLEM Service Alert: d9911-vm108-RDS-CZ-2/check_win_uptime is CRITICAL;resolved;support;schon;https://rt.i.masterinter.net/Ticket/Display.html?id=811512;"6516";;2026-06-01 11:23:31.000;0;0;1;0;0;0.0000
811507;(admin.masterdc.com CID#2884) VM18 - Roundcube - velikost p¯Ìlohy;resolved;support;uhlik;https://rt.i.masterinter.net/Ticket/Display.html?id=811507;"2884";"84037";2026-06-01 11:27:41.000;0;0;1;0;0;0.0000
811507;(admin.masterdc.com CID#2884) VM18 - Roundcube - velikost p¯Ìlohy;resolved;support;uhlik;https://rt.i.masterinter.net/Ticket/Display.html?id=811507;"2884";"84037";2026-06-01 11:27:41.000;0;1;0;0;0;0.0000
811380;Fail event on /dev/md126:backup17;resolved;support;maska;https://rt.i.masterinter.net/Ticket/Display.html?id=811380;;;2026-06-01 11:27:59.000;1;0;0;0;0;0.7500
793502;(admin.masterdc.com CID#7247) Upgrade na PHP8.5;resolved;support;tomas.krupicka;https://rt.i.masterinter.net/Ticket/Display.html?id=793502;"7247";"72162";2026-06-01 11:28:18.000;0;1;0;0;0;0.2500
811063;(admin.masterdc.com CID#9665)) StackWatch Deployment;open;support;hrncir;https://rt.i.masterinter.net/Ticket/Display.html?id=811063;"9665";;2026-06-01 11:31:53.000;0;1;0;0;0;0.0000
811249; PROBLEM Service Alert:  czphadtpelastic01-aures/nrpe_elasticsearch_backup is CRITICAL ;resolved;support;belousov;https://rt.i.masterinter.net/Ticket/Display.html?id=811249;"7245";;2026-06-01 11:32:41.000;1;0;0;0;0;0.5000
811490;[UCZ] Upgrade Ingress + obnova certifikatu - acc1;open;support;hrncir;https://rt.i.masterinter.net/Ticket/Display.html?id=811490;"5066";"80870";2026-06-01 11:37:15.000;0;1;0;0;0;0.0000
802073;(admin.masterdc.com CID#8611) ZabezpeËenÌ a optimalizace projekt˘;open;support;blazek;https://rt.i.masterinter.net/Ticket/Display.html?id=802073;"8611";;2026-06-01 11:38:16.000;0;0;1;0;0;0.2500
811051;PROBLEM Service Alert:  d1855-106/nrpe_load is CRITICAL;resolved;support;tomas.krupicka;https://rt.i.masterinter.net/Ticket/Display.html?id=811051;"4067";;2026-06-01 11:40:11.000;0;1;0;0;0;0.2500
811507;(admin.masterdc.com CID#2884) VM18 - Roundcube - velikost p¯Ìlohy;resolved;support;landa;https://rt.i.masterinter.net/Ticket/Display.html?id=811507;"2884";"84037";2026-06-01 11:43:34.000;0;1;0;0;0;0.0000
811516;(admin.masterdc.com CID#7245) Anotace pro ignorov·nÌ log˘ filebeatem;resolved;support;belousov;https://rt.i.masterinter.net/Ticket/Display.html?id=811516;"7245";;2026-06-01 11:44:39.000;0;0;1;0;0;0.0000
810915;[Aures] Upgrade TEST/DEV24;open;EPIC;hrncir;https://rt.i.masterinter.net/Ticket/Display.html?id=810915;"7245";;2026-06-01 11:47:46.000;0;1;0;0;0;0.0000
811514;(admin.masterdc.com CID#6058) Upgrade firmware firewall Mikrotik hEx 0MB RAM - d1430;resolved;support;zidek;https://rt.i.masterinter.net/Ticket/Display.html?id=811514;"6058";;2026-06-01 11:49:49.000;0;0;1;0;0;0.0000
811514;(admin.masterdc.com CID#6058) Upgrade firmware firewall Mikrotik hEx 0MB RAM - d1430;resolved;support;zidek;https://rt.i.masterinter.net/Ticket/Display.html?id=811514;"6058";;2026-06-01 11:50:42.000;0;1;0;0;0;0.0833
810931;Upgrade Percona DB na stacku 3 - staging;open;support;chudy;https://rt.i.masterinter.net/Ticket/Display.html?id=810931;"6790";"90270";2026-06-01 11:51:34.000;0;1;0;0;0;0.0000
810915;[Aures] Upgrade TEST/DEV24;open;EPIC;hrncir;https://rt.i.masterinter.net/Ticket/Display.html?id=810915;"7245";;2026-06-01 11:52:51.000;1;0;0;0;0;0.5000
811476;"3844 DAIN - Proxmox";open;poptavky;uhlik;https://rt.i.masterinter.net/Ticket/Display.html?id=811476;;;2026-06-01 11:53:16.000;0;0;1;0;0;0.0000
769617;Implentace NSX pro #7555 Domat [tracking];open;EPIC;tarcak;https://rt.i.masterinter.net/Ticket/Display.html?id=769617;"7555";;2026-06-01 11:53:30.000;0;1;0;0;0;0.5000
810812;PROBLEM Service Alert: cloud-3045/nrpe_disk is CRITICAL;open;support;tomas.krupicka;https://rt.i.masterinter.net/Ticket/Display.html?id=810812;"2214";;2026-06-01 11:53:53.000;0;1;0;0;0;0.3333
811495;[csirt-cz] [TLP:CLEAR] [Max CVSS 9.2] F5 opravuje p¯es 50 zranitelnostÌ ve sv˝ch produktech;resolved;csirt;belousov;https://rt.i.masterinter.net/Ticket/Display.html?id=811495;;;2026-06-01 11:54:30.000;0;0;1;0;0;0.0000
808634;(admin.masterdc.com CID#8611) Pravideln· aktualizace OS;resolved;support;blazek;https://rt.i.masterinter.net/Ticket/Display.html?id=808634;"8611";;2026-06-01 11:54:44.000;0;1;0;0;0;0.7500
811515;V˝padek serveru;open;support;uhlik;https://rt.i.masterinter.net/Ticket/Display.html?id=811515;"4551";;2026-06-01 11:55:50.000;0;0;1;0;0;0.0000
811495;[csirt-cz] [TLP:CLEAR] [Max CVSS 9.2] F5 opravuje p¯es 50 zranitelnostÌ ve sv˝ch produktech;resolved;csirt;belousov;https://rt.i.masterinter.net/Ticket/Display.html?id=811495;;;2026-06-01 11:56:06.000;1;0;0;0;0;0.0000
811503;Obj. ID: 10540 Z·kaznÌk: #8611 - »ernÌn Jan (3IT ˙spÏön˝ eshop s.r.o.);resolved;objednavky;blazek;https://rt.i.masterinter.net/Ticket/Display.html?id=811503;"8611";;2026-06-01 11:57:05.000;1;0;0;0;0;0.0000
811063;(admin.masterdc.com CID#9665)) StackWatch Deployment;open;support;hrncir;https://rt.i.masterinter.net/Ticket/Display.html?id=811063;"9665";;2026-06-01 11:59:16.000;0;0;1;0;0;1.5000
811324;golemos-web/ssl_mailadmin.golemos.com+dnsadmin.golemos.com is CRITICAL;resolved;support;tomas.krupicka;https://rt.i.masterinter.net/Ticket/Display.html?id=811324;"7247";;2026-06-01 12:02:43.000;0;1;0;0;0;0.3333
811525;PROBLEM Service Alert: d9738-106 docker/nrpe_disk is CRITICAL;resolved;support;blazek;https://rt.i.masterinter.net/Ticket/Display.html?id=811525;"8611";;2026-06-01 12:03:23.000;0;0;1;0;0;0.0000
811515;V˝padek serveru;open;support;uhlik;https://rt.i.masterinter.net/Ticket/Display.html?id=811515;"4551";;2026-06-01 12:05:45.000;0;1;0;0;0;0.0000
811515;V˝padek serveru;open;support;uhlik;https://rt.i.masterinter.net/Ticket/Display.html?id=811515;"4551";;2026-06-01 12:07:21.000;0;1;0;0;0;0.0000
811502;(admin.masterdc.com CID#8684) ZastavenÌ procesu z·lohov·nÌ Backup kopies;resolved;support;uhlik;https://rt.i.masterinter.net/Ticket/Display.html?id=811502;"8684";"94268";2026-06-01 12:08:02.000;0;0;1;0;0;0.2500
811519;PROBLEM Service Alert: 1962@brq-dc2-v3/nrpe_disk is CRITICAL;new;support;uhlik;https://rt.i.masterinter.net/Ticket/Display.html?id=811519;"6775";;2026-06-01 12:09:21.000;0;0;1;0;0;0.0000
811258;(admin.masterdc.com CID#7988) PRG3 - instalace PowerChute - D1229+D1231;open;support;ulman;https://rt.i.masterinter.net/Ticket/Display.html?id=811258;"7988";;2026-06-01 12:09:33.000;0;1;0;0;0;1.5000
811258;(admin.masterdc.com CID#7988) PRG3 - instalace PowerChute - D1229+D1231;open;support;ulman;https://rt.i.masterinter.net/Ticket/Display.html?id=811258;"6128";;2026-06-01 12:09:33.000;0;1;0;0;0;1.5000
811516;(admin.masterdc.com CID#7245) Anotace pro ignorov·nÌ log˘ filebeatem;resolved;support;belousov;https://rt.i.masterinter.net/Ticket/Display.html?id=811516;"7245";;2026-06-01 12:09:55.000;0;1;0;0;0;0.0000
811307;[KVL] RozöÌ¯enÌ monitoringu;open;support;hrncir;https://rt.i.masterinter.net/Ticket/Display.html?id=811307;"9425";"116715";2026-06-01 12:13:14.000;0;1;0;0;0;0.1667
811525;PROBLEM Service Alert: d9738-106 docker/nrpe_disk is CRITICAL;resolved;support;blazek;https://rt.i.masterinter.net/Ticket/Display.html?id=811525;"8611";;2026-06-01 12:15:32.000;1;0;0;0;0;0.0833
799358;Aktualizace server˘ CID 6684;resolved;support;belousov;https://rt.i.masterinter.net/Ticket/Display.html?id=799358;"6684";;2026-06-01 12:16:59.000;0;1;0;0;0;0.0000
798339;Upgrade serveru a ˙pravy dle n·lezu bezpeËnostnÌho scanu;open;support;belousov;https://rt.i.masterinter.net/Ticket/Display.html?id=798339;"3652";;2026-06-01 12:27:32.000;1;0;0;0;0;0.0000
811512;PROBLEM Service Alert: d9911-vm108-RDS-CZ-2/check_win_uptime is CRITICAL;resolved;support;schon;https://rt.i.masterinter.net/Ticket/Display.html?id=811512;"6516";;2026-06-01 12:36:51.000;0;1;0;0;0;0.5000
811507;(admin.masterdc.com CID#2884) VM18 - Roundcube - velikost p¯Ìlohy;resolved;support;landa;https://rt.i.masterinter.net/Ticket/Display.html?id=811507;"2884";"84037";2026-06-01 12:40:23.000;0;1;0;0;0;0.2500
811522;nastavenÌ pr·v k ssl;resolved;managed;uhlik;https://rt.i.masterinter.net/Ticket/Display.html?id=811522;;;2026-06-01 12:42:13.000;0;0;1;0;0;0.0000
769617;Implentace NSX pro #7555 Domat [tracking];open;EPIC;tarcak;https://rt.i.masterinter.net/Ticket/Display.html?id=769617;"7555";;2026-06-01 12:42:28.000;0;1;0;0;0;0.5000
811522;nastavenÌ pr·v k ssl;resolved;managed;uhlik;https://rt.i.masterinter.net/Ticket/Display.html?id=811522;;;2026-06-01 12:46:29.000;0;1;0;0;0;0.0000
811518;(admin.masterdc.com CID#7247) Promaz·nÌ e-mailovÈ schr·nky - smolicek.com;resolved;support;uhlik;https://rt.i.masterinter.net/Ticket/Display.html?id=811518;"7247";"72162";2026-06-01 12:47:30.000;0;0;1;0;0;0.0000
811518;(admin.masterdc.com CID#7247) Promaz·nÌ e-mailovÈ schr·nky - smolicek.com;resolved;support;uhlik;https://rt.i.masterinter.net/Ticket/Display.html?id=811518;"7247";"72162";2026-06-01 12:47:31.000;0;1;0;0;0;0.0000
811518;(admin.masterdc.com CID#7247) Promaz·nÌ e-mailovÈ schr·nky - smolicek.com;resolved;support;landa;https://rt.i.masterinter.net/Ticket/Display.html?id=811518;"7247";"72162";2026-06-01 12:51:24.000;0;1;0;0;0;0.2500
802081;(admin.masterdc.com CID#8987) P¯Ìstup na rt z IDC;resolved;support;zidek;https://rt.i.masterinter.net/Ticket/Display.html?id=802081;"8987";;2026-06-01 12:52:30.000;0;1;0;0;0;0.0333
794951;Update infra;open;support;chudy;https://rt.i.masterinter.net/Ticket/Display.html?id=794951;"6083";;2026-06-01 12:54:02.000;0;1;0;0;0;0.0000
809971;Update managed Windows serveru;open;support;schon;https://rt.i.masterinter.net/Ticket/Display.html?id=809971;"6516";;2026-06-01 13:07:56.000;0;1;0;0;0;0.1667
811522;nastavenÌ pr·v k ssl;resolved;managed;uhlik;https://rt.i.masterinter.net/Ticket/Display.html?id=811522;;;2026-06-01 13:12:38.000;0;1;0;0;0;0.0000
809971;Update managed Windows serveru;open;support;schon;https://rt.i.masterinter.net/Ticket/Display.html?id=809971;"6516";;2026-06-01 13:14:31.000;0;1;0;0;0;0.0833
769617;Implentace NSX pro #7555 Domat [tracking];open;EPIC;tarcak;https://rt.i.masterinter.net/Ticket/Display.html?id=769617;"7555";;2026-06-01 13:16:04.000;1;0;0;0;0;1.0000
809971;Update managed Windows serveru;open;support;schon;https://rt.i.masterinter.net/Ticket/Display.html?id=809971;"6516";;2026-06-01 13:21:33.000;0;1;0;0;0;0.0000
665314;Elasticsearch cluster na managed logy + migrace z centos 7 [tracking];open;linux;belousov;https://rt.i.masterinter.net/Ticket/Display.html?id=665314;;;2026-06-01 13:23:12.000;1;0;0;0;0;0.0000
811519;PROBLEM Service Alert: 1962@brq-dc2-v3/nrpe_disk is CRITICAL;new;support;uhlik;https://rt.i.masterinter.net/Ticket/Display.html?id=811519;"6775";;2026-06-01 13:23:36.000;0;0;1;0;0;0.0000
811519;PROBLEM Service Alert: 1962@brq-dc2-v3/nrpe_disk is CRITICAL;new;support;uhlik;https://rt.i.masterinter.net/Ticket/Display.html?id=811519;"6775";;2026-06-01 13:28:38.000;1;0;0;0;0;0.2500
811050;(admin.masterdc.com CID#9415) CBB-T-COM-01 ñ poûadavek na ISO pro repair / in-place upgrade;resolved;support;ulman;https://rt.i.masterinter.net/Ticket/Display.html?id=811050;"9415";;2026-06-01 13:33:17.000;1;0;0;0;0;0.3333
794951;Update infra;open;support;chudy;https://rt.i.masterinter.net/Ticket/Display.html?id=794951;"6083";;2026-06-01 13:36:14.000;0;1;0;0;0;0.0000
811050;(admin.masterdc.com CID#9415) CBB-T-COM-01 ñ poûadavek na ISO pro repair / in-place upgrade;resolved;support;ulman;https://rt.i.masterinter.net/Ticket/Display.html?id=811050;"9415";;2026-06-01 13:36:36.000;0;1;0;0;0;0.0167
801104;Win servery / mapro.cz;resolved;poptavky;ulman;https://rt.i.masterinter.net/Ticket/Display.html?id=801104;;;2026-06-01 13:37:40.000;1;0;0;0;0;0.0000
811484;"05-2026 Infra patching";resolved;support;schon;https://rt.i.masterinter.net/Ticket/Display.html?id=811484;;;2026-06-01 13:41:04.000;1;0;0;0;0;1.0000
811531;mailove filtry v isp manageru;resolved;support;uhlik;https://rt.i.masterinter.net/Ticket/Display.html?id=811531;"3308";;2026-06-01 13:47:33.000;0;0;1;0;0;0.0000
811531;mailove filtry v isp manageru;resolved;support;uhlik;https://rt.i.masterinter.net/Ticket/Display.html?id=811531;"3308";;2026-06-01 13:47:33.000;0;1;0;0;0;0.0000
794951;Update infra;open;support;chudy;https://rt.i.masterinter.net/Ticket/Display.html?id=794951;"6083";;2026-06-01 13:50:58.000;0;1;0;0;0;0.0000
811522;nastavenÌ pr·v k ssl;resolved;managed;uhlik;https://rt.i.masterinter.net/Ticket/Display.html?id=811522;;;2026-06-01 13:52:54.000;0;1;0;0;0;0.0000
811258;(admin.masterdc.com CID#7988) PRG3 - instalace PowerChute - D1229+D1231;open;support;ulman;https://rt.i.masterinter.net/Ticket/Display.html?id=811258;"7988";;2026-06-01 13:53:42.000;0;1;0;0;0;0.2500
811258;(admin.masterdc.com CID#7988) PRG3 - instalace PowerChute - D1229+D1231;open;support;ulman;https://rt.i.masterinter.net/Ticket/Display.html?id=811258;"6128";;2026-06-01 13:53:42.000;0;1;0;0;0;0.2500
768383;Obj. ID: 10112 Z·kaznÌk: #2692 -  (Mr. Cloud s.r.o.);open;objednavky;jiri.sakac;https://rt.i.masterinter.net/Ticket/Display.html?id=768383;"2692";;2026-06-01 13:59:53.000;0;0;1;0;0;5.5000
811530;(admin.masterdc.com CID#3113) Managed Docker Windows Containers Server;open;support;uhlik;https://rt.i.masterinter.net/Ticket/Display.html?id=811530;"3113";"93000";2026-06-01 14:04:19.000;0;0;1;0;0;0.0000
811530;(admin.masterdc.com CID#3113) Managed Docker Windows Containers Server;open;support;uhlik;https://rt.i.masterinter.net/Ticket/Display.html?id=811530;"3113";"93000";2026-06-01 14:04:19.000;0;1;0;0;0;0.0000
811530;(admin.masterdc.com CID#3113) Managed Docker Windows Containers Server;open;support;ulman;https://rt.i.masterinter.net/Ticket/Display.html?id=811530;"3113";"93000";2026-06-01 14:06:26.000;0;1;0;0;0;0.0000
768383;Obj. ID: 10112 Z·kaznÌk: #2692 -  (Mr. Cloud s.r.o.);open;objednavky;tarcak;https://rt.i.masterinter.net/Ticket/Display.html?id=768383;"2692";;2026-06-01 14:17:59.000;0;1;0;0;0;1.0000
811515;V˝padek serveru;open;support;uhlik;https://rt.i.masterinter.net/Ticket/Display.html?id=811515;"4551";;2026-06-01 14:20:31.000;0;1;0;0;0;0.0000
811531;mailove filtry v isp manageru;resolved;support;ryska;https://rt.i.masterinter.net/Ticket/Display.html?id=811531;"3308";;2026-06-01 14:27:53.000;0;1;0;0;0;0.0000
811531;mailove filtry v isp manageru;resolved;support;ryska;https://rt.i.masterinter.net/Ticket/Display.html?id=811531;"3308";;2026-06-01 14:28:13.000;0;0;1;0;0;0.5000
794951;Update infra;open;support;chudy;https://rt.i.masterinter.net/Ticket/Display.html?id=794951;"6083";;2026-06-01 14:31:37.000;0;1;0;0;0;0.0000
803779;N·vrh novÈho ¯eöenÌ SAFE + CRYPTED stacku;open;support;tarcak;https://rt.i.masterinter.net/Ticket/Display.html?id=803779;"4138";;2026-06-01 14:32:14.000;0;1;0;0;0;0.5000
790177;Obj. ID: 10335 Z·kaznÌk: #9412 - Matras Duöan (nsure s.r.o.);resolved;objednavky;antonin.homola;https://rt.i.masterinter.net/Ticket/Display.html?id=790177;"9412";;2026-06-01 14:34:54.000;0;1;0;0;0;0.5000
811543;(admin.masterdc.com CID#6434) Zav¯enÌ zbyteËn˝ch port˘ na cloud-159;resolved;support;jarmara;https://rt.i.masterinter.net/Ticket/Display.html?id=811543;"6434";"86923";2026-06-01 15:42:48.000;0;1;0;0;0;0.0833
811465;MAI Alert System: Detected duplicate address lo1.sl526p.r1-1.dc1.4d.prg.masterinter.net;resolved;noc;zidek;https://rt.i.masterinter.net/Ticket/Display.html?id=811465;;;2026-06-01 16:13:59.000;1;0;0;0;0;0.0000
811550;PROBLEM Service Alert:  d238-postgres10.masterinter.net/nrpe_load is CRITICAL ;resolved;support;jarmara;https://rt.i.masterinter.net/Ticket/Display.html?id=811550;"6771";;2026-06-01 16:32:56.000;0;0;1;0;0;0.0000
811550;PROBLEM Service Alert:  d238-postgres10.masterinter.net/nrpe_load is CRITICAL ;resolved;support;jarmara;https://rt.i.masterinter.net/Ticket/Display.html?id=811550;"6771";;2026-06-01 16:34:37.000;1;0;0;0;0;0.2500
811556;PROBLEM Service Alert:  cloud-1531/http is CRITICAL ;resolved;support;jarmara;https://rt.i.masterinter.net/Ticket/Display.html?id=811556;"4149";;2026-06-01 18:06:23.000;0;1;0;0;0;0.3333
811570;PROBLEM Service Alert: d51-101.masterinter.net/nrpe_check_isp_domains is CRITICAL ;open;support;jarmara;https://rt.i.masterinter.net/Ticket/Display.html?id=811570;"5641";;2026-06-01 19:38:08.000;0;1;0;0;0;0.2500
810915;[Aures] Upgrade TEST/DEV24;open;EPIC;hrncir;https://rt.i.masterinter.net/Ticket/Display.html?id=810915;"7245";;2026-06-01 20:12:07.000;0;1;0;0;0;0.0000
811571;PROBLEM Service Alert:  d238-web10.masterinter.net/http is CRITICAL ;resolved;support;jarmara;https://rt.i.masterinter.net/Ticket/Display.html?id=811571;"6771";;2026-06-01 20:21:41.000;0;1;0;0;0;0.2500
803618;(CID 2630) Bezplatn· moûnost aktualizace firmware dne 30.4.2026;resolved;rozesilky;jarmara;https://rt.i.masterinter.net/Ticket/Display.html?id=803618;"2630";;2026-06-01 21:34:03.000;0;1;0;0;0;0.2500
803604;(CID 2936) Bezplatn· moûnost aktualizace firmware dne 30.4.2026;resolved;rozesilky;jarmara;https://rt.i.masterinter.net/Ticket/Display.html?id=803604;"2936";;2026-06-01 21:35:08.000;0;1;0;0;0;0.2500
803640;(CID 3113) Bezplatn· moûnost aktualizace firmware dne 30.4.2026;resolved;rozesilky;jarmara;https://rt.i.masterinter.net/Ticket/Display.html?id=803640;"3113";;2026-06-01 21:35:20.000;0;1;0;0;0;0.0000
803658;(CID 3163) Bezplatn· moûnost aktualizace firmware dne 30.4.2026;resolved;rozesilky;jarmara;https://rt.i.masterinter.net/Ticket/Display.html?id=803658;"3163";;2026-06-01 21:35:27.000;0;1;0;0;0;0.0000
803646;(CID 4298) Bezplatn· moûnost aktualizace firmware dne 30.4.2026;resolved;rozesilky;jarmara;https://rt.i.masterinter.net/Ticket/Display.html?id=803646;"4298";;2026-06-01 21:35:40.000;0;1;0;0;0;0.0000
803669;(CID 6320) Bezplatn· moûnost aktualizace firmware dne 30.4.2026;resolved;rozesilky;jarmara;https://rt.i.masterinter.net/Ticket/Display.html?id=803669;"6320";;2026-06-01 21:35:49.000;0;1;0;0;0;0.0000
803635;(CID 7093) Bezplatn· moûnost aktualizace firmware dne 30.4.2026;resolved;rozesilky;jarmara;https://rt.i.masterinter.net/Ticket/Display.html?id=803635;"7093";;2026-06-01 21:35:58.000;0;1;0;0;0;0.0000
803621;(CID 7619) Bezplatn· moûnost aktualizace firmware dne 30.4.2026;resolved;rozesilky;jarmara;https://rt.i.masterinter.net/Ticket/Display.html?id=803621;"7619";;2026-06-01 21:36:06.000;0;1;0;0;0;0.0000
803644;(CID 7724) Bezplatn· moûnost aktualizace firmware dne 30.4.2026;resolved;rozesilky;jarmara;https://rt.i.masterinter.net/Ticket/Display.html?id=803644;"7724";;2026-06-01 21:36:13.000;0;1;0;0;0;0.0000
803652;(CID 8088) Bezplatn· moûnost aktualizace firmware dne 30.4.2026;resolved;rozesilky;jarmara;https://rt.i.masterinter.net/Ticket/Display.html?id=803652;"8088";;2026-06-01 21:36:23.000;0;1;0;0;0;0.0000
803639;(CID 8955) Bezplatn· moûnost aktualizace firmware dne 30.4.2026;resolved;rozesilky;jarmara;https://rt.i.masterinter.net/Ticket/Display.html?id=803639;"8955";;2026-06-01 21:36:31.000;0;1;0;0;0;0.0000
810915;[Aures] Upgrade TEST/DEV24;open;EPIC;hrncir;https://rt.i.masterinter.net/Ticket/Display.html?id=810915;"7245";;2026-06-01 22:49:29.000;0;1;0;0;0;3.0000
811573;PROBLEM Service Alert: d1031-vm306/check_nrpe_systemd is CRITICAL;resolved;support;jarmara;https://rt.i.masterinter.net/Ticket/Display.html?id=811573;"7247";;2026-06-01 23:52:02.000;0;1;0;0;0;0.5000
811538;PROBLEM Service Alert: cloud-2156/http is CRITICAL;resolved;support;jarmara;https://rt.i.masterinter.net/Ticket/Display.html?id=811538;"6284";;2026-06-01 23:58:39.000;0;0;1;0;0;0.0000
810073;Upgrade  cr6.r2-1-3.dc2.cejl.brq 9.6.2026 5:00-6:00 CEST;resolved;support;zidek;https://rt.i.masterinter.net/Ticket/Display.html?id=810073;;;2026-06-02 03:08:41.000;0;0;1;0;0;0.0000
811612;V˝padek transit Arelion 2.6.2026 1:00 - 4:00 CEST / Planned Work PWIC282797 Notification from Arelion;resolved;support;zidek;https://rt.i.masterinter.net/Ticket/Display.html?id=811612;;;2026-06-02 03:40:53.000;0;0;1;0;0;0.0000
811612;V˝padek transit Arelion 2.6.2026 1:00 - 4:00 CEST / Planned Work PWIC282797 Notification from Arelion;resolved;support;zidek;https://rt.i.masterinter.net/Ticket/Display.html?id=811612;;;2026-06-02 03:43:17.000;0;0;1;0;0;0.0000
811609;** RECOVERY Service Alert:  cr8.c16.127.cecolo.prg/check_bgp is OK (1) **;resolved;noc;zidek;https://rt.i.masterinter.net/Ticket/Display.html?id=811609;;;2026-06-02 03:49:27.000;1;0;0;0;0;0.0000
811612;V˝padek transit Arelion 2.6.2026 1:00 - 4:00 CEST / Planned Work PWIC282797 Notification from Arelion;resolved;support;zidek;https://rt.i.masterinter.net/Ticket/Display.html?id=811612;;;2026-06-02 04:00:33.000;1;0;0;0;0;0.5000
811612;V˝padek transit Arelion 2.6.2026 1:00 - 4:00 CEST / Planned Work PWIC282797 Notification from Arelion;resolved;support;zidek;https://rt.i.masterinter.net/Ticket/Display.html?id=811612;;;2026-06-02 04:00:46.000;1;0;0;0;0;0.0000
811616;test;resolved;support;zidek;https://rt.i.masterinter.net/Ticket/Display.html?id=811616;;;2026-06-02 05:05:47.000;1;0;0;0;0;0.0000
811126;Testy billing modulu v Observium [tracking];open;support;zidek;https://rt.i.masterinter.net/Ticket/Display.html?id=811126;;;2026-06-02 05:29:23.000;0;1;0;0;0;0.5000
810092;Obj. ID: 10515 Z·kaznÌk: #2870 - VyöohlÌd Martin;resolved;objednavky;blazek;https://rt.i.masterinter.net/Ticket/Display.html?id=810092;"2870";;2026-06-02 05:34:02.000;0;1;0;0;0;0.0000
811615;Seznam z·kaznÌk˘ ve stavu approved;resolved;todo;maska;https://rt.i.masterinter.net/Ticket/Display.html?id=811615;;;2026-06-02 05:40:01.000;0;0;1;0;0;0.0000
811603;Kontrola dlouhotrvajÌcÌch stav˘ sluûeb;resolved;managed;maska;https://rt.i.masterinter.net/Ticket/Display.html?id=811603;;;2026-06-02 05:40:11.000;0;0;1;0;0;0.0000
811610;Automatick· odpovÏÔ: Smaz·nÌ internÌch email˘ z CRM Dynamics;resolved;noc;maska;https://rt.i.masterinter.net/Ticket/Display.html?id=811610;;;2026-06-02 05:40:29.000;0;0;1;0;0;0.0000
811380;Fail event on /dev/md126:backup17;resolved;support;maska;https://rt.i.masterinter.net/Ticket/Display.html?id=811380;;;2026-06-02 05:43:38.000;1;0;0;0;0;0.2500
811294;Blokace IP adres zemi na d2002-566;resolved;support;maska;https://rt.i.masterinter.net/Ticket/Display.html?id=811294;"5169";"92023";2026-06-02 05:44:11.000;0;1;0;0;0;0.0000
811622;ProblÈmy s vkl·d·nÌm RTIR do URL v RT [tracking];new;support;zidek;https://rt.i.masterinter.net/Ticket/Display.html?id=811622;;;2026-06-02 05:44:40.000;1;0;0;0;0;0.0000
811535;Trying to fence node 'd9904'  ;resolved;support;maska;https://rt.i.masterinter.net/Ticket/Display.html?id=811535;;;2026-06-02 05:49:16.000;1;0;0;0;0;0.0833
811537;Z·loha tabulky ww2epravoc.stats_archive;resolved;support;maska;https://rt.i.masterinter.net/Ticket/Display.html?id=811537;"5169";;2026-06-02 05:50:27.000;0;1;0;0;0;0.0833
811573;PROBLEM Service Alert: d1031-vm306/check_nrpe_systemd is CRITICAL;resolved;support;maska;https://rt.i.masterinter.net/Ticket/Display.html?id=811573;"7247";;2026-06-02 05:52:37.000;0;0;1;0;0;0.0000
811571;PROBLEM Service Alert:  d238-web10.masterinter.net/http is CRITICAL ;resolved;support;maska;https://rt.i.masterinter.net/Ticket/Display.html?id=811571;"6771";;2026-06-02 05:53:18.000;0;0;1;0;0;0.0000
811570;PROBLEM Service Alert: d51-101.masterinter.net/nrpe_check_isp_domains is CRITICAL ;open;support;maska;https://rt.i.masterinter.net/Ticket/Display.html?id=811570;"5641";;2026-06-02 05:54:03.000;0;0;1;0;0;0.0000
811556;PROBLEM Service Alert:  cloud-1531/http is CRITICAL ;resolved;support;maska;https://rt.i.masterinter.net/Ticket/Display.html?id=811556;"4149";;2026-06-02 05:54:27.000;0;0;1;0;0;0.0000
296228;Switched Rack PDU: Outlet #20 (Outlet 20) off.;resolved;noc;zidek;https://rt.i.masterinter.net/Ticket/Display.html?id=296228;;;2026-06-02 05:54:29.000;0;0;1;0;0;0.0000
296228;Switched Rack PDU: Outlet #20 (Outlet 20) off.;resolved;noc;zidek;https://rt.i.masterinter.net/Ticket/Display.html?id=296228;;;2026-06-02 05:54:29.000;0;0;1;0;0;0.0000
296228;Switched Rack PDU: Outlet #20 (Outlet 20) off.;resolved;noc;zidek;https://rt.i.masterinter.net/Ticket/Display.html?id=296228;;;2026-06-02 05:54:29.000;0;0;1;0;0;0.0000
296229;Switched Rack PDU: Outlet #20 (Outlet 20) on.;resolved;noc;zidek;https://rt.i.masterinter.net/Ticket/Display.html?id=296229;;;2026-06-02 05:54:47.000;0;0;1;0;0;0.0000
296229;Switched Rack PDU: Outlet #20 (Outlet 20) on.;resolved;noc;zidek;https://rt.i.masterinter.net/Ticket/Display.html?id=296229;;;2026-06-02 05:54:47.000;0;0;1;0;0;0.0000
296229;Switched Rack PDU: Outlet #20 (Outlet 20) on.;resolved;noc;zidek;https://rt.i.masterinter.net/Ticket/Display.html?id=296229;;;2026-06-02 05:54:47.000;0;0;1;0;0;0.0000
811529;[csirt-cz] [TLP:CLEAR] [Max CVSS 8.1] Microsoft Defender opravuje 3 zranitelnosti;resolved;csirt;maska;https://rt.i.masterinter.net/Ticket/Display.html?id=811529;;;2026-06-02 05:55:48.000;0;0;1;0;0;0.0000
809768;PROBLEM Service Alert: d1196/nrpe_disk is CRITICAL;open;support;tomas.krupicka;https://rt.i.masterinter.net/Ticket/Display.html?id=809768;"4067";"81132";2026-06-02 05:55:55.000;0;1;0;0;0;0.0000
811533;Undelivered Mail Returned to Sender;resolved;spam;maska;https://rt.i.masterinter.net/Ticket/Display.html?id=811533;;;2026-06-02 05:56:42.000;0;0;1;0;0;0.0000
296228;Switched Rack PDU: Outlet #20 (Outlet 20) off.;resolved;noc;zidek;https://rt.i.masterinter.net/Ticket/Display.html?id=296228;;;2026-06-02 05:57:12.000;0;0;1;0;0;0.0000
811540;UPS: Batteries are discharging. Located on Battery Enclosures.;resolved;noc;maska;https://rt.i.masterinter.net/Ticket/Display.html?id=811540;;;2026-06-02 05:57:34.000;0;0;1;0;0;0.0000
296228;Switched Rack PDU: Outlet #20 (Outlet 20) off.;resolved;noc;zidek;https://rt.i.masterinter.net/Ticket/Display.html?id=296228;;;2026-06-02 05:58:47.000;0;0;1;0;0;0.0000
296228;Switched Rack PDU: Outlet #20 (Outlet 20) off.;resolved;noc;zidek;https://rt.i.masterinter.net/Ticket/Display.html?id=296228;;;2026-06-02 05:59:08.000;0;0;1;0;0;0.0000
296228;Switched Rack PDU: Outlet #20 (Outlet 20) off.;resolved;noc;zidek;https://rt.i.masterinter.net/Ticket/Display.html?id=296228;;;2026-06-02 05:59:08.000;0;0;1;0;0;0.0000
811613;PROBLEM Service Alert: dummy_dohled_wildcard.masterinter.net/ssl_validation_d9204-idrac.masterinter.net is CRITICAL;resolved;support;maska;https://rt.i.masterinter.net/Ticket/Display.html?id=811613;;;2026-06-02 06:00:26.000;0;0;1;0;0;0.0000
296228;Switched Rack PDU: Outlet #20 (Outlet 20) off.;resolved;noc;zidek;https://rt.i.masterinter.net/Ticket/Display.html?id=296228;;;2026-06-02 06:00:45.000;0;0;1;0;0;0.0000
296228;Switched Rack PDU: Outlet #20 (Outlet 20) off.;resolved;noc;zidek;https://rt.i.masterinter.net/Ticket/Display.html?id=296228;;;2026-06-02 06:00:45.000;0;0;1;0;0;0.0000
296231;ZAPLAVENI BATERKARNA 4D HWg-WLD-Baterky: Sensor = 1 - Flooded, ALARM START;resolved;noc;zidek;https://rt.i.masterinter.net/Ticket/Display.html?id=296231;;;2026-06-02 06:02:53.000;0;0;1;0;0;0.0000
296231;ZAPLAVENI BATERKARNA 4D HWg-WLD-Baterky: Sensor = 1 - Flooded, ALARM START;resolved;noc;zidek;https://rt.i.masterinter.net/Ticket/Display.html?id=296231;;;2026-06-02 06:02:53.000;0;0;1;0;0;0.0000
296231;ZAPLAVENI BATERKARNA 4D HWg-WLD-Baterky: Sensor = 1 - Flooded, ALARM START;resolved;noc;zidek;https://rt.i.masterinter.net/Ticket/Display.html?id=296231;;;2026-06-02 06:02:53.000;0;0;1;0;0;0.0000
296231;ZAPLAVENI BATERKARNA 4D HWg-WLD-Baterky: Sensor = 1 - Flooded, ALARM START;resolved;noc;zidek;https://rt.i.masterinter.net/Ticket/Display.html?id=296231;;;2026-06-02 06:02:57.000;0;0;1;0;0;0.0000
296228;Switched Rack PDU: Outlet #20 (Outlet 20) off.;resolved;noc;zidek;https://rt.i.masterinter.net/Ticket/Display.html?id=296228;;;2026-06-02 06:03:40.000;0;0;1;0;0;0.0000
296228;Switched Rack PDU: Outlet #20 (Outlet 20) off.;resolved;noc;zidek;https://rt.i.masterinter.net/Ticket/Display.html?id=296228;;;2026-06-02 06:03:58.000;0;0;1;0;0;0.0000
296228;Switched Rack PDU: Outlet #20 (Outlet 20) off.;resolved;noc;zidek;https://rt.i.masterinter.net/Ticket/Display.html?id=296228;;;2026-06-02 06:03:58.000;0;0;1;0;0;0.0000
809765;(admin.masterdc.com CID#4067) Vytvo¯enÌ p¯Ìstupu SSH (SFTP) - david.sindelar;resolved;support;tomas.krupicka;https://rt.i.masterinter.net/Ticket/Display.html?id=809765;"4067";"81132";2026-06-02 06:04:12.000;0;1;0;0;0;0.2500
811613;PROBLEM Service Alert: dummy_dohled_wildcard.masterinter.net/ssl_validation_d9204-idrac.masterinter.net is CRITICAL;resolved;support;maska;https://rt.i.masterinter.net/Ticket/Display.html?id=811613;;;2026-06-02 06:04:46.000;1;0;0;0;0;0.2500
811621;PROBLEM Service Alert: d4673-3281.masterinter.net/check_isp_domains is CRITICAL;resolved;support;maska;https://rt.i.masterinter.net/Ticket/Display.html?id=811621;"6723";;2026-06-02 06:06:24.000;0;0;1;0;0;0.0000
811619;d9751 - zaplneni oddilu /mnt/nfs_praha;open;support;maska;https://rt.i.masterinter.net/Ticket/Display.html?id=811619;"5421";"90923";2026-06-02 06:08:01.000;0;0;1;0;0;0.0000
296228;Switched Rack PDU: Outlet #20 (Outlet 20) off.;resolved;noc;zidek;https://rt.i.masterinter.net/Ticket/Display.html?id=296228;;;2026-06-02 06:08:13.000;0;0;1;0;0;0.0000
296228;Switched Rack PDU: Outlet #20 (Outlet 20) off.;resolved;noc;zidek;https://rt.i.masterinter.net/Ticket/Display.html?id=296228;;;2026-06-02 06:08:13.000;0;0;1;0;0;0.0000
811619;d9751 - zaplneni oddilu /mnt/nfs_praha;open;support;maska;https://rt.i.masterinter.net/Ticket/Display.html?id=811619;"5421";"90923";2026-06-02 06:08:36.000;0;0;1;0;0;0.0000
296228;Switched Rack PDU: Outlet #20 (Outlet 20) off.;resolved;noc;zidek;https://rt.i.masterinter.net/Ticket/Display.html?id=296228;;;2026-06-02 06:08:42.000;0;0;1;0;0;0.0000
811580;[Failed] 8300_backup_cloud-1735 (1 machines) 1 failed;resolved;noc;maska;https://rt.i.masterinter.net/Ticket/Display.html?id=811580;;;2026-06-02 06:11:09.000;0;0;1;0;0;0.0000
811620;D563-vm-SQL-APP - misto na oddilu C;resolved;windows;maska;https://rt.i.masterinter.net/Ticket/Display.html?id=811620;"9333";"100007";2026-06-02 06:12:48.000;0;0;1;0;0;0.0000
811620;D563-vm-SQL-APP - misto na oddilu C;resolved;windows;maska;https://rt.i.masterinter.net/Ticket/Display.html?id=811620;"9333";"100007";2026-06-02 06:12:48.000;0;0;1;0;0;0.0000
811618;PROBLEM Service Alert:  102@d9710/ssl_validation_portal.elixeum.cloud is CRITICAL;open;support;maska;https://rt.i.masterinter.net/Ticket/Display.html?id=811618;"7138";"70277";2026-06-02 06:15:25.000;0;0;1;0;0;0.0000
792547;Obj. ID: 10358 Z·kaznÌk: #2926 - Fiala Martin (eStudio.cz);resolved;objednavky;blazek;https://rt.i.masterinter.net/Ticket/Display.html?id=792547;"2926";;2026-06-02 06:16:08.000;0;1;0;0;0;1.0000
811620;D563-vm-SQL-APP - misto na oddilu C;resolved;windows;schon;https://rt.i.masterinter.net/Ticket/Display.html?id=811620;"9333";"100007";2026-06-02 06:19:40.000;0;0;1;0;0;0.0000
811417;d9725 - zvyseny load;resolved;support;maska;https://rt.i.masterinter.net/Ticket/Display.html?id=811417;"6593";"90636";2026-06-02 06:25:26.000;0;1;0;0;0;0.2500
811620;D563-vm-SQL-APP - misto na oddilu C;resolved;windows;schon;https://rt.i.masterinter.net/Ticket/Display.html?id=811620;"9333";"100007";2026-06-02 06:29:50.000;0;1;0;0;0;0.2500
811282;Obj. ID: 10535 Z·kaznÌk: #4849 - »ern˝ Pavel (ATTEYA Group, s.r.o.);resolved;objednavky;maska;https://rt.i.masterinter.net/Ticket/Display.html?id=811282;"4849";;2026-06-02 06:30:08.000;0;1;0;0;0;0.0000
811255;URGENT mail.estudio.cz: smtp;resolved;support;maska;https://rt.i.masterinter.net/Ticket/Display.html?id=811255;"2926";;2026-06-02 06:32:02.000;0;1;0;0;0;0.0000
810810;prosim PRIORITA - problÈm na serveru pse.cz - nespouötÌ se cron joby;resolved;support;belousov;https://rt.i.masterinter.net/Ticket/Display.html?id=810810;"8047";;2026-06-02 06:33:23.000;1;0;0;0;0;0.0000
807327;Nelze naËÌst web blockspamcalls.cz;resolved;support;maska;https://rt.i.masterinter.net/Ticket/Display.html?id=807327;;;2026-06-02 06:34:18.000;1;0;0;0;0;0.7500
810973;Napadeni serveru zadost o blokaci IP rozsahu;resolved;support;maska;https://rt.i.masterinter.net/Ticket/Display.html?id=810973;"2966";;2026-06-02 06:36:01.000;0;1;0;0;0;0.0000
811021;Abuse report - 193.179.178.62 - HTTP flood;resolved;support;maska;https://rt.i.masterinter.net/Ticket/Display.html?id=811021;"3565";;2026-06-02 06:36:32.000;1;0;0;0;0;0.0000
810614;(admin.masterdc.com CID#9214) Emailove notifikace;resolved;support;maska;https://rt.i.masterinter.net/Ticket/Display.html?id=810614;"9214";"117365";2026-06-02 06:38:01.000;1;0;0;0;0;0.0000
810345;FW: Evidujeme p¯Ìliö mnoho pokus˘ o p¯ihl·öenÌ;open;support;maska;https://rt.i.masterinter.net/Ticket/Display.html?id=810345;"7194";;2026-06-02 06:42:24.000;0;1;0;0;0;0.0000
807581;cloud-1621 - zvyseny load;resolved;support;maska;https://rt.i.masterinter.net/Ticket/Display.html?id=807581;"3652";"80262";2026-06-02 06:44:29.000;1;0;0;0;0;0.0000
807454;Z·kaznÌk 3585 - server d8105 - P¯id·nÌ IP adresy;resolved;support;maska;https://rt.i.masterinter.net/Ticket/Display.html?id=807454;"3858";"89923";2026-06-02 06:45:06.000;1;0;0;0;0;0.0000
811631;ZruöenÌ sluûby, ukonËena k datu 01.06.2026 z·kaznÌk #3627 - KuËera Frantiöek;resolved;cancel;maska;https://rt.i.masterinter.net/Ticket/Display.html?id=811631;"3627";;2026-06-02 06:46:23.000;0;0;1;0;0;0.0000
811629;ZruöenÌ sluûby, ukonËena k datu 01.06.2026 z·kaznÌk #3829 - MiËan V·clav (VMI s.r.o. );resolved;cancel;maska;https://rt.i.masterinter.net/Ticket/Display.html?id=811629;"3829";;2026-06-02 06:46:55.000;0;0;1;0;0;0.0000
811625;ZruöenÌ sluûby, ukonËena k datu 01.06.2026 z·kaznÌk #3825 - Maskaæ ºuboö (HMJ Trade s. r. o.);resolved;cancel;maska;https://rt.i.masterinter.net/Ticket/Display.html?id=811625;"3825";;2026-06-02 06:47:19.000;0;0;1;0;0;0.0000
811626;ZruöenÌ sluûby, ukonËena k datu 01.06.2026 z·kaznÌk #3632 - R˘ûiËka Martin (miOm, s.r.o.);new;cancel;maska;https://rt.i.masterinter.net/Ticket/Display.html?id=811626;"3632";;2026-06-02 06:47:47.000;0;0;1;0;0;0.0000
811628;ZruöenÌ sluûby, ukonËena k datu 01.06.2026 z·kaznÌk #2870 - VyöohlÌd Martin;resolved;cancel;maska;https://rt.i.masterinter.net/Ticket/Display.html?id=811628;"2870";;2026-06-02 06:48:13.000;0;0;1;0;0;0.0000
811630;ZruöenÌ sluûby, ukonËena k datu 01.06.2026 z·kaznÌk #7414 - ZahradnÌk Tom·ö (Wereldo.com, s.r.o.);open;cancel;maska;https://rt.i.masterinter.net/Ticket/Display.html?id=811630;"7414";;2026-06-02 06:48:59.000;0;0;1;0;0;0.0000
811627;ZruöenÌ sluûby, ukonËena k datu 01.06.2026 z·kaznÌk #4225 - KrËm·¯ Milan (Net202 s.r.o.);open;cancel;maska;https://rt.i.masterinter.net/Ticket/Display.html?id=811627;"4225";;2026-06-02 06:49:11.000;0;0;1;0;0;0.0000
809671;Update managed Windows serveru - d4157, d631+VMs;resolved;windows;antonin.homola;https://rt.i.masterinter.net/Ticket/Display.html?id=809671;"4759";;2026-06-02 06:53:58.000;0;1;0;0;0;0.0833
810092;Obj. ID: 10515 Z·kaznÌk: #2870 - VyöohlÌd Martin;resolved;objednavky;blazek;https://rt.i.masterinter.net/Ticket/Display.html?id=810092;"2870";;2026-06-02 07:00:34.000;0;1;0;0;0;0.0000
808543;(admin.masterdc.com CID#6830) ceph uloziste;open;support;blazek;https://rt.i.masterinter.net/Ticket/Display.html?id=808543;"6830";;2026-06-02 07:02:12.000;0;0;1;0;0;0.0000
811344;PROBLEM Service Alert: cis3-lb.masterinter.net/ping_ipv6_VIP is CRITICAL;resolved;support;ondrej;https://rt.i.masterinter.net/Ticket/Display.html?id=811344;"7452";;2026-06-02 07:06:26.000;0;0;1;0;0;0.0167
811543;(admin.masterdc.com CID#6434) Zav¯enÌ zbyteËn˝ch port˘ na cloud-159;resolved;support;maska;https://rt.i.masterinter.net/Ticket/Display.html?id=811543;"6434";"86923";2026-06-02 07:06:35.000;0;0;1;0;0;0.0000
811543;(admin.masterdc.com CID#6434) Zav¯enÌ zbyteËn˝ch port˘ na cloud-159;resolved;support;maska;https://rt.i.masterinter.net/Ticket/Display.html?id=811543;"6434";"86923";2026-06-02 07:06:36.000;0;1;0;0;0;0.0000
806737;P¯id·nÌ subnetu do BGP. ;resolved;support;zidek;https://rt.i.masterinter.net/Ticket/Display.html?id=806737;"7555";;2026-06-02 07:11:00.000;0;1;0;0;0;0.0333
811634;(admin.masterdc.com CID#2884) V18 - composer;resolved;support;maska;https://rt.i.masterinter.net/Ticket/Display.html?id=811634;"2884";"84037";2026-06-02 07:14:26.000;0;0;1;0;0;0.0000
811634;(admin.masterdc.com CID#2884) V18 - composer;resolved;support;maska;https://rt.i.masterinter.net/Ticket/Display.html?id=811634;"2884";"84037";2026-06-02 07:14:26.000;0;1;0;0;0;0.0000
811635;(admin.masterdc.com CID#6992) Update node na dotaznik.europainclinics.com, SSL;resolved;support;maska;https://rt.i.masterinter.net/Ticket/Display.html?id=811635;"6992";"81201";2026-06-02 07:14:44.000;0;0;1;0;0;0.0000
811635;(admin.masterdc.com CID#6992) Update node na dotaznik.europainclinics.com, SSL;resolved;support;maska;https://rt.i.masterinter.net/Ticket/Display.html?id=811635;"6992";"81201";2026-06-02 07:14:44.000;0;1;0;0;0;0.0000
799461;[tracking] Upgrade verze MSSQL DB an  d8013-VM002-SQL;open;windows;antonin.homola;https://rt.i.masterinter.net/Ticket/Display.html?id=799461;"4827";;2026-06-02 07:15:45.000;0;1;0;0;0;0.0833
811622;ProblÈmy s vkl·d·nÌm RTIR do URL v RT [tracking];new;support;zidek;https://rt.i.masterinter.net/Ticket/Display.html?id=811622;;;2026-06-02 07:16:23.000;1;0;0;0;0;0.0000
811622;ProblÈmy s vkl·d·nÌm RTIR do URL v RT [tracking];new;support;zidek;https://rt.i.masterinter.net/Ticket/Display.html?id=811622;;;2026-06-02 07:17:50.000;1;0;0;0;0;2.0000
810092;Obj. ID: 10515 Z·kaznÌk: #2870 - VyöohlÌd Martin;resolved;objednavky;blazek;https://rt.i.masterinter.net/Ticket/Display.html?id=810092;"2870";;2026-06-02 07:20:01.000;1;0;0;0;0;0.0000
810973;Napadeni serveru zadost o blokaci IP rozsahu;resolved;support;maska;https://rt.i.masterinter.net/Ticket/Display.html?id=810973;"2966";;2026-06-02 07:31:45.000;0;1;0;0;0;0.0000
810092;Obj. ID: 10515 Z·kaznÌk: #2870 - VyöohlÌd Martin;resolved;objednavky;blazek;https://rt.i.masterinter.net/Ticket/Display.html?id=810092;"2870";;2026-06-02 07:33:24.000;1;0;0;0;0;0.0000
811634;(admin.masterdc.com CID#2884) V18 - composer;resolved;support;landa;https://rt.i.masterinter.net/Ticket/Display.html?id=811634;"2884";"84037";2026-06-02 07:41:58.000;0;1;0;0;0;0.2500
807009;ZruöenÌ sluûby, ukonËena k datu 28.04.2026 z·kaznÌk #8938 - ZaplatÌlek Ond¯ej (Byte development s.r.o.);resolved;cancel;blazek;https://rt.i.masterinter.net/Ticket/Display.html?id=807009;"8938";;2026-06-02 07:42:12.000;1;0;0;0;0;0.0833
811529;[csirt-cz] [TLP:CLEAR] [Max CVSS 8.1] Microsoft Defender opravuje 3 zranitelnosti;resolved;csirt;schon;https://rt.i.masterinter.net/Ticket/Display.html?id=811529;;;2026-06-02 07:50:02.000;0;0;1;0;0;0.0000
811529;[csirt-cz] [TLP:CLEAR] [Max CVSS 8.1] Microsoft Defender opravuje 3 zranitelnosti;resolved;csirt;schon;https://rt.i.masterinter.net/Ticket/Display.html?id=811529;;;2026-06-02 07:52:32.000;1;0;0;0;0;0.2500
811514;(admin.masterdc.com CID#6058) Upgrade firmware firewall Mikrotik hEx 0MB RAM - d1430;resolved;support;zidek;https://rt.i.masterinter.net/Ticket/Display.html?id=811514;"6058";;2026-06-02 07:52:54.000;0;0;1;0;0;0.0000
811514;(admin.masterdc.com CID#6058) Upgrade firmware firewall Mikrotik hEx 0MB RAM - d1430;resolved;support;zidek;https://rt.i.masterinter.net/Ticket/Display.html?id=811514;"6058";;2026-06-02 07:53:20.000;1;0;0;0;0;0.0000
811637;MAI Alert System: VRRP group to Backup flap lo1.sl517s.r1-7.dc1.4d.prg.masterinter.net;resolved;noc;maska;https://rt.i.masterinter.net/Ticket/Display.html?id=811637;;;2026-06-02 07:55:37.000;1;0;0;0;0;0.0833
811641;PROBLEM Service Alert:  cloud-1659/check_isp_domains is CRITICAL;resolved;support;maska;https://rt.i.masterinter.net/Ticket/Display.html?id=811641;"6992";;2026-06-02 07:57:43.000;1;0;0;0;0;0.0167
811293;PROBLEM Service Alert:  d9911-vm103-RDS-PL/check_win_uptime is CRITICAL ;resolved;support;ulman;https://rt.i.masterinter.net/Ticket/Display.html?id=811293;"6516";"116225";2026-06-02 07:58:47.000;0;0;1;0;0;0.0000
810761;Popt·vka - backup server / DR / Tom·ö Kr·lÌk;open;poptavky;machovec;https://rt.i.masterinter.net/Ticket/Display.html?id=810761;;;2026-06-02 08:07:19.000;1;0;0;0;0;0.0000
807254;"110% quota threshold exceeded by D4546\bcp-6480-d9756-VMFS";resolved;support;schon;https://rt.i.masterinter.net/Ticket/Display.html?id=807254;"6480";"116203";2026-06-02 08:08:04.000;0;0;1;0;0;0.0000
807254;"110% quota threshold exceeded by D4546\bcp-6480-d9756-VMFS";resolved;support;schon;https://rt.i.masterinter.net/Ticket/Display.html?id=807254;"6480";"116203";2026-06-02 08:09:21.000;1;0;0;0;0;0.2500
811635;(admin.masterdc.com CID#6992) Update node na dotaznik.europainclinics.com, SSL;resolved;support;michal.nosek;https://rt.i.masterinter.net/Ticket/Display.html?id=811635;"6992";"81201";2026-06-02 08:15:14.000;0;1;0;0;0;0.5000
294265;load na 1918@d1000;resolved;support;zidek;https://rt.i.masterinter.net/Ticket/Display.html?id=294265;"2253";;2026-06-02 08:16:15.000;0;0;1;0;0;0.0000
811619;d9751 - zaplneni oddilu /mnt/nfs_praha;open;support;michal.nosek;https://rt.i.masterinter.net/Ticket/Display.html?id=811619;"5421";"90923";2026-06-02 08:19:05.000;0;1;0;0;0;0.2500
811635;(admin.masterdc.com CID#6992) Update node na dotaznik.europainclinics.com, SSL;resolved;support;michal.nosek;https://rt.i.masterinter.net/Ticket/Display.html?id=811635;"6992";"81201";2026-06-02 08:27:15.000;0;1;0;0;0;0.0000
811651;(admin.masterdc.com CID#7247) www server - zaseknut· clientmqueue, odchozÌ maily vypröÌ bouncem 4.4.7;open;support;maska;https://rt.i.masterinter.net/Ticket/Display.html?id=811651;"7247";"72162";2026-06-02 08:43:25.000;0;0;1;0;0;0.0000
811651;(admin.masterdc.com CID#7247) www server - zaseknut· clientmqueue, odchozÌ maily vypröÌ bouncem 4.4.7;open;support;maska;https://rt.i.masterinter.net/Ticket/Display.html?id=811651;"7247";"72162";2026-06-02 08:43:25.000;0;1;0;0;0;0.0000
811646;Obj. ID: 10542 Z·kaznÌk: #3788 - Bartoö Jan (Smartdata, s.r.o.);open;objednavky;maska;https://rt.i.masterinter.net/Ticket/Display.html?id=811646;"3788";;2026-06-02 08:44:36.000;0;0;1;0;0;0.0000
811648;Sluûby ËekajÌ na schv·lenÌ techu, Klient #3788 - Bartoö Jan (Smartdata, s.r.o.);resolved;todo;maska;https://rt.i.masterinter.net/Ticket/Display.html?id=811648;"3788";;2026-06-02 08:46:35.000;0;0;1;0;0;0.0000
811634;(admin.masterdc.com CID#2884) V18 - composer;resolved;support;landa;https://rt.i.masterinter.net/Ticket/Display.html?id=811634;"2884";"84037";2026-06-02 08:49:39.000;0;1;0;0;0;0.0000
811507;(admin.masterdc.com CID#2884) VM18 - Roundcube - velikost p¯Ìlohy;resolved;support;landa;https://rt.i.masterinter.net/Ticket/Display.html?id=811507;"2884";"84037";2026-06-02 08:50:44.000;0;1;0;0;0;0.0000
811622;ProblÈmy s vkl·d·nÌm RTIR do URL v RT [tracking];new;support;zidek;https://rt.i.masterinter.net/Ticket/Display.html?id=811622;;;2026-06-02 08:50:54.000;1;0;0;0;0;0.7500
811255;URGENT mail.estudio.cz: smtp;resolved;support;maska;https://rt.i.masterinter.net/Ticket/Display.html?id=811255;"2926";;2026-06-02 08:51:46.000;0;1;0;0;0;0.0000
811647;[Aures] Alternativa za kube dashboard;open;support;hrncir;https://rt.i.masterinter.net/Ticket/Display.html?id=811647;"7245";"91598";2026-06-02 09:00:17.000;0;1;0;0;0;1.0000
810915;[Aures] Upgrade TEST/DEV24;open;EPIC;hrncir;https://rt.i.masterinter.net/Ticket/Display.html?id=810915;"7245";;2026-06-02 09:02:55.000;1;0;0;0;0;0.7500
811476;"3844 DAIN - Proxmox";open;poptavky;blazek;https://rt.i.masterinter.net/Ticket/Display.html?id=811476;;;2026-06-02 09:07:00.000;1;0;0;0;0;0.5000
811657;URGENT - v˝padek SAFE stacku - PROEBIZ s.r.o.;open;support;tarcak;https://rt.i.masterinter.net/Ticket/Display.html?id=811657;;;2026-06-02 09:07:45.000;0;0;1;0;0;0.0000
811656;PROBLEM Service Alert:  cloud-1105/ssh is CRITICAL;resolved;support;maska;https://rt.i.masterinter.net/Ticket/Display.html?id=811656;"4138";;2026-06-02 09:11:38.000;1;0;0;0;0;0.0167
811657;URGENT - v˝padek SAFE stacku - PROEBIZ s.r.o.;open;support;tarcak;https://rt.i.masterinter.net/Ticket/Display.html?id=811657;;;2026-06-02 09:12:56.000;0;1;0;0;0;0.2500
803655;(CID 7289) Bezplatn· moûnost aktualizace firmware dne 30.4.2026;open;rozesilky;jarmara;https://rt.i.masterinter.net/Ticket/Display.html?id=803655;"7289";;2026-06-02 09:15:37.000;0;1;0;0;0;0.2500
810678;PROBLEM Service Alert:  d1855-101/http is CRITICAL;open;support;tomas.krupicka;https://rt.i.masterinter.net/Ticket/Display.html?id=810678;"4067";"81132";2026-06-02 09:29:49.000;0;1;0;0;0;1.0000
810678;PROBLEM Service Alert:  d1855-101/http is CRITICAL;open;support;tomas.krupicka;https://rt.i.masterinter.net/Ticket/Display.html?id=810678;"4067";"81132";2026-06-02 09:30:44.000;0;1;0;0;0;0.0000
811658;Pl·novan˝ p¯esun technologiÌ v DC2 ñ #2913 - Preiss Old¯ich (Old¯ich Preiss);open;support;maska;https://rt.i.masterinter.net/Ticket/Display.html?id=811658;"2913";;2026-06-02 09:44:43.000;0;0;1;0;0;0.0000
792547;Obj. ID: 10358 Z·kaznÌk: #2926 - Fiala Martin (eStudio.cz);resolved;objednavky;blazek;https://rt.i.masterinter.net/Ticket/Display.html?id=792547;"2926";;2026-06-02 09:59:30.000;0;1;0;0;0;0.5000
811634;(admin.masterdc.com CID#2884) V18 - composer;resolved;support;landa;https://rt.i.masterinter.net/Ticket/Display.html?id=811634;"2884";"84037";2026-06-02 10:02:30.000;0;1;0;0;0;0.2500
792547;Obj. ID: 10358 Z·kaznÌk: #2926 - Fiala Martin (eStudio.cz);resolved;objednavky;blazek;https://rt.i.masterinter.net/Ticket/Display.html?id=792547;"2926";;2026-06-02 10:10:37.000;0;1;0;0;0;0.0000
811634;(admin.masterdc.com CID#2884) V18 - composer;resolved;support;landa;https://rt.i.masterinter.net/Ticket/Display.html?id=811634;"2884";"84037";2026-06-02 10:19:03.000;0;1;0;0;0;0.0000
810092;Obj. ID: 10515 Z·kaznÌk: #2870 - VyöohlÌd Martin;resolved;objednavky;blazek;https://rt.i.masterinter.net/Ticket/Display.html?id=810092;"2870";;2026-06-02 10:33:55.000;1;0;0;0;0;0.0000
810810;prosim PRIORITA - problÈm na serveru pse.cz - nespouötÌ se cron joby;resolved;support;belousov;https://rt.i.masterinter.net/Ticket/Display.html?id=810810;"8047";;2026-06-02 10:36:40.000;1;0;0;0;0;0.7500
806843;V˝padek safe stack;open;support;tarcak;https://rt.i.masterinter.net/Ticket/Display.html?id=806843;"4138";;2026-06-02 10:42:12.000;1;0;0;0;0;0.0000
811282;Obj. ID: 10535 Z·kaznÌk: #4849 - »ern˝ Pavel (ATTEYA Group, s.r.o.);resolved;objednavky;maska;https://rt.i.masterinter.net/Ticket/Display.html?id=811282;"4849";;2026-06-02 10:44:20.000;0;1;0;0;0;0.0000
808543;(admin.masterdc.com CID#6830) ceph uloziste;open;support;ondrej;https://rt.i.masterinter.net/Ticket/Display.html?id=808543;"6830";;2026-06-02 10:48:16.000;0;1;0;0;0;0.0000
811657;URGENT - v˝padek SAFE stacku - PROEBIZ s.r.o.;open;support;tarcak;https://rt.i.masterinter.net/Ticket/Display.html?id=811657;;;2026-06-02 10:56:05.000;0;1;0;0;0;2.0000
811307;[KVL] RozöÌ¯enÌ monitoringu;open;support;hrncir;https://rt.i.masterinter.net/Ticket/Display.html?id=811307;"9425";"116715";2026-06-02 11:00:59.000;0;1;0;0;0;0.5000
811666;é·dost o v˝maz osobnÌch ˙daj˘ a ukonËenÌ zasÌl·nÌ email˘;resolved;support;landa;https://rt.i.masterinter.net/Ticket/Display.html?id=811666;;;2026-06-02 11:13:46.000;0;0;1;0;0;0.0000
811684;cloud-3206 - 185.58.42.23 - restart DB;open;support;landa;https://rt.i.masterinter.net/Ticket/Display.html?id=811684;"4491";;2026-06-02 11:43:46.000;0;0;1;0;0;0.0000
811684;cloud-3206 - 185.58.42.23 - restart DB;open;support;landa;https://rt.i.masterinter.net/Ticket/Display.html?id=811684;"4491";;2026-06-02 11:43:46.000;0;1;0;0;0;0.0000
789809;UpozornÏnÌ na zranitelnost v sÌti;open;scanneris;maska;https://rt.i.masterinter.net/Ticket/Display.html?id=789809;"2257";;2026-06-02 11:50:48.000;0;1;0;0;0;0.0000
790177;Obj. ID: 10335 Z·kaznÌk: #9412 - Matras Duöan (nsure s.r.o.);resolved;objednavky;antonin.homola;https://rt.i.masterinter.net/Ticket/Display.html?id=790177;"9412";;2026-06-02 11:51:51.000;0;1;0;0;0;0.7500
802658;Re: FW: NeodkladnÈ ¯eöenÌ zranitelnostÌ v sÌti ñ PoslednÌ upozornÏnÌ p¯ed blokacÌ;resolved;support;maska;https://rt.i.masterinter.net/Ticket/Display.html?id=802658;"2257";;2026-06-02 11:52:30.000;1;0;0;0;0;0.0000
811681;DDD Alert on col3.i.masterinter.net: 2026-06-02 13:27:39 - mai_net_ipv6 (1253) - Detected ;resolved;noc;zidek;https://rt.i.masterinter.net/Ticket/Display.html?id=811681;;;2026-06-02 11:59:44.000;1;0;0;0;0;0.0000
810073;Upgrade  cr6.r2-1-3.dc2.cejl.brq 9.6.2026 5:00-6:00 CEST;resolved;support;zidek;https://rt.i.masterinter.net/Ticket/Display.html?id=810073;;;2026-06-02 12:00:35.000;1;0;0;0;0;0.0000
809669;Update managed Windows servers - d8026 + win VMs;resolved;windows;antonin.homola;https://rt.i.masterinter.net/Ticket/Display.html?id=809669;"4736";;2026-06-02 12:13:58.000;1;0;0;0;0;0.5000
811515;V˝padek serveru;open;support;uhlik;https://rt.i.masterinter.net/Ticket/Display.html?id=811515;"4551";;2026-06-02 12:14:56.000;0;1;0;0;0;0.0000
809760;Update managed Windows serveru - vm579;open;windows;antonin.homola;https://rt.i.masterinter.net/Ticket/Display.html?id=809760;"9232";;2026-06-02 12:18:41.000;1;0;0;0;0;0.0833
809673;Update managed Windows d9732, d9708, d9750;open;windows;antonin.homola;https://rt.i.masterinter.net/Ticket/Display.html?id=809673;"7101";;2026-06-02 12:36:25.000;1;0;0;0;0;1.0000
809745;(admin.masterdc.com CID#9425) Hodnoty limit˘ CPU a MEM do manifest˘ PROD pod˘ aplikaËnÌch server˘ a DB;open;support;belousov;https://rt.i.masterinter.net/Ticket/Display.html?id=809745;"9425";"116715";2026-06-02 12:37:07.000;0;1;0;0;0;0.0000
809745;(admin.masterdc.com CID#9425) Hodnoty limit˘ CPU a MEM do manifest˘ PROD pod˘ aplikaËnÌch server˘ a DB;open;support;belousov;https://rt.i.masterinter.net/Ticket/Display.html?id=809745;"9425";"116715";2026-06-02 12:37:35.000;0;0;1;0;0;0.7500
811447;ZruöenÌ sluûby, ukonËena k datu 31.05.2026 z·kaznÌk #5525 - Sali Aylin (Dynatrace Czech Republic s.r.o.);resolved;cancel;maska;https://rt.i.masterinter.net/Ticket/Display.html?id=811447;"5525";;2026-06-02 12:40:17.000;0;0;1;0;0;0.2500
806222;Priv·tnÌ IP adresy /  Chemis engine, a.s;resolved;support;zidek;https://rt.i.masterinter.net/Ticket/Display.html?id=806222;"4558";;2026-06-02 12:46:27.000;0;1;0;0;0;0.5000
806222;Priv·tnÌ IP adresy /  Chemis engine, a.s;resolved;support;zidek;https://rt.i.masterinter.net/Ticket/Display.html?id=806222;"4558";;2026-06-02 12:46:47.000;1;0;0;0;0;0.0000
769617;Implentace NSX pro #7555 Domat [tracking];open;EPIC;tarcak;https://rt.i.masterinter.net/Ticket/Display.html?id=769617;"7555";;2026-06-02 12:56:23.000;1;0;0;0;0;3.0000
794951;Update infra;open;support;chudy;https://rt.i.masterinter.net/Ticket/Display.html?id=794951;"6083";;2026-06-02 12:56:32.000;0;1;0;0;0;0.0000
809745;(admin.masterdc.com CID#9425) Hodnoty limit˘ CPU a MEM do manifest˘ PROD pod˘ aplikaËnÌch server˘ a DB;open;support;belousov;https://rt.i.masterinter.net/Ticket/Display.html?id=809745;"9425";"116715";2026-06-02 13:21:30.000;0;1;0;0;0;0.0000
811691;[csirt-cz] [TLP:CLEAR] [Max CVSS 8.8] Apache ActiveMQ opravuje 2 zranitelnosti;resolved;csirt;belousov;https://rt.i.masterinter.net/Ticket/Display.html?id=811691;;;2026-06-02 13:22:06.000;1;0;0;0;0;0.0000
810954;(admin.masterdc.com CID#7247) Etckeeper na loadbalancerech od upgrade 15.5. nepushuje;resolved;support;tomas.krupicka;https://rt.i.masterinter.net/Ticket/Display.html?id=810954;"7247";"72162";2026-06-02 13:26:52.000;0;1;0;0;0;0.5000
811530;(admin.masterdc.com CID#3113) Managed Docker Windows Containers Server;open;support;ulman;https://rt.i.masterinter.net/Ticket/Display.html?id=811530;"3113";"93000";2026-06-02 13:28:48.000;0;1;0;0;0;1.0000
811646;Obj. ID: 10542 Z·kaznÌk: #3788 - Bartoö Jan (Smartdata, s.r.o.);open;objednavky;ulman;https://rt.i.masterinter.net/Ticket/Display.html?id=811646;"3788";;2026-06-02 13:29:57.000;1;0;0;0;0;0.0000
794951;Update infra;open;support;chudy;https://rt.i.masterinter.net/Ticket/Display.html?id=794951;"6083";;2026-06-02 13:38:53.000;0;1;0;0;0;0.0000
811723;PROBLEM Service Alert:  d4659-vm309/nrpe_disk is CRITICAL;open;support;landa;https://rt.i.masterinter.net/Ticket/Display.html?id=811723;"7247";"72162";2026-06-02 13:39:33.000;0;0;1;0;0;0.0000
811651;(admin.masterdc.com CID#7247) www server - zaseknut· clientmqueue, odchozÌ maily vypröÌ bouncem 4.4.7;open;support;tomas.krupicka;https://rt.i.masterinter.net/Ticket/Display.html?id=811651;"7247";"72162";2026-06-02 13:54:48.000;0;1;0;0;0;0.7500
811651;(admin.masterdc.com CID#7247) www server - zaseknut· clientmqueue, odchozÌ maily vypröÌ bouncem 4.4.7;open;support;tomas.krupicka;https://rt.i.masterinter.net/Ticket/Display.html?id=811651;"7247";"72162";2026-06-02 13:55:39.000;0;1;0;0;0;0.0000
809745;(admin.masterdc.com CID#9425) Hodnoty limit˘ CPU a MEM do manifest˘ PROD pod˘ aplikaËnÌch server˘ a DB;open;support;belousov;https://rt.i.masterinter.net/Ticket/Display.html?id=809745;"9425";"116715";2026-06-02 13:56:25.000;0;1;0;0;0;0.0000
809745;(admin.masterdc.com CID#9425) Hodnoty limit˘ CPU a MEM do manifest˘ PROD pod˘ aplikaËnÌch server˘ a DB;open;support;belousov;https://rt.i.masterinter.net/Ticket/Display.html?id=809745;"9425";"116715";2026-06-02 13:57:14.000;0;0;1;0;0;0.5000
809745;(admin.masterdc.com CID#9425) Hodnoty limit˘ CPU a MEM do manifest˘ PROD pod˘ aplikaËnÌch server˘ a DB;open;support;belousov;https://rt.i.masterinter.net/Ticket/Display.html?id=809745;"9425";"116715";2026-06-02 13:57:56.000;0;0;1;0;0;0.0000
811522;nastavenÌ pr·v k ssl;resolved;managed;uhlik;https://rt.i.masterinter.net/Ticket/Display.html?id=811522;;;2026-06-02 14:06:11.000;0;1;0;0;0;0.0000
811482;PROBLEM Service Alert: d95/nrpe_mailq is CRITICAL;resolved;support;landa;https://rt.i.masterinter.net/Ticket/Display.html?id=811482;"7247";"72162";2026-06-02 14:06:48.000;0;1;0;0;0;0.0000
809663;Access to the MasterDC infrastructure for installing the StackBill portal;open;support;vaclav.rozsypalek;https://rt.i.masterinter.net/Ticket/Display.html?id=809663;"9665";;2026-06-02 14:08:29.000;0;1;0;0;0;0.0000
811522;nastavenÌ pr·v k ssl;resolved;managed;uhlik;https://rt.i.masterinter.net/Ticket/Display.html?id=811522;;;2026-06-02 14:17:11.000;0;1;0;0;0;0.0000
811621;PROBLEM Service Alert: d4673-3281.masterinter.net/check_isp_domains is CRITICAL;resolved;support;jarmara;https://rt.i.masterinter.net/Ticket/Display.html?id=811621;"6723";;2026-06-02 14:19:07.000;0;1;0;0;0;0.2500
810140;(admin.masterdc.com CID#4209) ext. zalohy na serveru Ë·steËnÏ nefunkËnÌ;open;support;uhlik;https://rt.i.masterinter.net/Ticket/Display.html?id=810140;"4209";"91183";2026-06-02 14:24:51.000;0;1;0;0;0;0.0000
810140;(admin.masterdc.com CID#4209) ext. zalohy na serveru Ë·steËnÏ nefunkËnÌ;open;support;uhlik;https://rt.i.masterinter.net/Ticket/Display.html?id=810140;"4209";"91183";2026-06-02 14:25:01.000;0;0;1;0;0;0.2500
794951;Update infra;open;support;chudy;https://rt.i.masterinter.net/Ticket/Display.html?id=794951;"6083";;2026-06-02 14:27:51.000;0;1;0;0;0;0.0000
811327;(admin.masterdc.com CID#8446) Priprava high memory nodu;open;support;ondrej;https://rt.i.masterinter.net/Ticket/Display.html?id=811327;"8446";;2026-06-02 14:30:25.000;0;1;0;0;0;0.0000
811723;PROBLEM Service Alert:  d4659-vm309/nrpe_disk is CRITICAL;open;support;tomas.krupicka;https://rt.i.masterinter.net/Ticket/Display.html?id=811723;"7247";"72162";2026-06-02 14:38:47.000;0;1;0;0;0;0.5000
739301;Obj. ID: 9938 Z·kaznÌk: #4491 - Valigura Jozef (IT futurity, s.r.o.);open;objednavky;uhlik;https://rt.i.masterinter.net/Ticket/Display.html?id=739301;"4491";;2026-06-02 15:11:05.000;0;1;0;0;0;0.0000
811490;[UCZ] Upgrade Ingress + obnova certifikatu - acc1;open;support;hrncir;https://rt.i.masterinter.net/Ticket/Display.html?id=811490;"5066";"80870";2026-06-02 15:27:44.000;0;1;0;0;0;0.0000
810140;(admin.masterdc.com CID#4209) ext. zalohy na serveru Ë·steËnÏ nefunkËnÌ;open;support;uhlik;https://rt.i.masterinter.net/Ticket/Display.html?id=810140;"4209";"91183";2026-06-02 15:30:24.000;0;1;0;0;0;0.0000
794951;Update infra;open;support;chudy;https://rt.i.masterinter.net/Ticket/Display.html?id=794951;"6083";;2026-06-02 15:44:32.000;0;1;0;0;0;0.0000
811543;(admin.masterdc.com CID#6434) Zav¯enÌ zbyteËn˝ch port˘ na cloud-159;resolved;support;uhlik;https://rt.i.masterinter.net/Ticket/Display.html?id=811543;"6434";"86923";2026-06-02 16:27:23.000;0;1;0;0;0;0.0000
811543;(admin.masterdc.com CID#6434) Zav¯enÌ zbyteËn˝ch port˘ na cloud-159;resolved;support;uhlik;https://rt.i.masterinter.net/Ticket/Display.html?id=811543;"6434";"86923";2026-06-02 16:32:08.000;0;1;0;0;0;0.0000
809968;Update managed Windows serveru - d8025+VM-TS@d8025;resolved;support;schon;https://rt.i.masterinter.net/Ticket/Display.html?id=809968;"8204";;2026-06-02 17:13:01.000;0;1;0;0;0;1.5000
811543;(admin.masterdc.com CID#6434) Zav¯enÌ zbyteËn˝ch port˘ na cloud-159;resolved;support;uhlik;https://rt.i.masterinter.net/Ticket/Display.html?id=811543;"6434";"86923";2026-06-02 18:31:19.000;0;1;0;0;0;0.0000
809757;Windows server update managed GCP - PRG2/PRG3/BER/MUC/FRA/VIE/BUD;open;windows;ulman;https://rt.i.masterinter.net/Ticket/Display.html?id=809757;"7988";;2026-06-02 18:47:15.000;0;0;1;0;0;0.0000
809757;Windows server update managed GCP - PRG2/PRG3/BER/MUC/FRA/VIE/BUD;open;windows;ulman;https://rt.i.masterinter.net/Ticket/Display.html?id=809757;"6128";;2026-06-02 18:47:15.000;0;0;1;0;0;0.0000
809959;Update managed Windows serveru - cloud-1371, cloud-1372;resolved;support;schon;https://rt.i.masterinter.net/Ticket/Display.html?id=809959;"7226";;2026-06-02 18:57:03.000;0;1;0;0;0;1.0000
809757;Windows server update managed GCP - PRG2/PRG3/BER/MUC/FRA/VIE/BUD;open;windows;ulman;https://rt.i.masterinter.net/Ticket/Display.html?id=809757;"7988";;2026-06-02 19:04:35.000;1;0;0;0;0;0.0000
809757;Windows server update managed GCP - PRG2/PRG3/BER/MUC/FRA/VIE/BUD;open;windows;ulman;https://rt.i.masterinter.net/Ticket/Display.html?id=809757;"6128";;2026-06-02 19:04:35.000;1;0;0;0;0;0.0000
811543;(admin.masterdc.com CID#6434) Zav¯enÌ zbyteËn˝ch port˘ na cloud-159;resolved;support;uhlik;https://rt.i.masterinter.net/Ticket/Display.html?id=811543;"6434";"86923";2026-06-02 19:05:27.000;0;1;0;0;0;0.0000
809969;Update managed Windows serveru - d8104+VMs;resolved;support;schon;https://rt.i.masterinter.net/Ticket/Display.html?id=809969;"6052";;2026-06-02 19:13:18.000;0;1;0;0;0;1.5000
811667;MAI Alert System: eBGP flap fabric ss100 dc4 Brno lo1.sl105s.r3-1-8.dc3.cejl.brq.masterinter.net;resolved;noc;zidek;https://rt.i.masterinter.net/Ticket/Display.html?id=811667;;;2026-06-02 19:14:03.000;1;0;0;0;0;0.0000
809963;Update managed Windows serveru - d8001+VMs;resolved;support;schon;https://rt.i.masterinter.net/Ticket/Display.html?id=809963;"9066";;2026-06-02 19:20:31.000;0;1;0;0;0;1.5000
811484;"05-2026 Infra patching";resolved;support;schon;https://rt.i.masterinter.net/Ticket/Display.html?id=811484;;;2026-06-02 19:25:46.000;1;0;0;0;0;0.5000
811543;(admin.masterdc.com CID#6434) Zav¯enÌ zbyteËn˝ch port˘ na cloud-159;resolved;support;uhlik;https://rt.i.masterinter.net/Ticket/Display.html?id=811543;"6434";"86923";2026-06-02 19:27:17.000;0;1;0;0;0;0.0000
809966;Update managed Windows serveru - cloud-1219;resolved;support;schon;https://rt.i.masterinter.net/Ticket/Display.html?id=809966;"6173";;2026-06-02 19:42:53.000;0;1;0;0;0;0.7500
809757;Windows server update managed GCP - PRG2/PRG3/BER/MUC/FRA/VIE/BUD;open;windows;ulman;https://rt.i.masterinter.net/Ticket/Display.html?id=809757;"7988";;2026-06-02 19:49:43.000;0;1;0;0;0;1.0000
809757;Windows server update managed GCP - PRG2/PRG3/BER/MUC/FRA/VIE/BUD;open;windows;ulman;https://rt.i.masterinter.net/Ticket/Display.html?id=809757;"6128";;2026-06-02 19:49:43.000;0;1;0;0;0;1.0000
811543;(admin.masterdc.com CID#6434) Zav¯enÌ zbyteËn˝ch port˘ na cloud-159;resolved;support;uhlik;https://rt.i.masterinter.net/Ticket/Display.html?id=811543;"6434";"86923";2026-06-02 20:00:37.000;0;1;0;0;0;0.0000
739301;Obj. ID: 9938 Z·kaznÌk: #4491 - Valigura Jozef (IT futurity, s.r.o.);open;objednavky;uhlik;https://rt.i.masterinter.net/Ticket/Display.html?id=739301;"4491";;2026-06-02 20:03:08.000;0;1;0;0;0;0.0000
809757;Windows server update managed GCP - PRG2/PRG3/BER/MUC/FRA/VIE/BUD;open;windows;ulman;https://rt.i.masterinter.net/Ticket/Display.html?id=809757;"7988";;2026-06-02 20:21:42.000;1;0;0;0;0;0.0000
809757;Windows server update managed GCP - PRG2/PRG3/BER/MUC/FRA/VIE/BUD;open;windows;ulman;https://rt.i.masterinter.net/Ticket/Display.html?id=809757;"6128";;2026-06-02 20:21:42.000;1;0;0;0;0;0.0000
809760;Update managed Windows serveru - vm579;open;windows;antonin.homola;https://rt.i.masterinter.net/Ticket/Display.html?id=809760;"9232";;2026-06-02 20:32:31.000;0;1;0;0;0;0.7500
809669;Update managed Windows servers - d8026 + win VMs;resolved;windows;antonin.homola;https://rt.i.masterinter.net/Ticket/Display.html?id=809669;"4736";;2026-06-02 20:39:12.000;0;1;0;0;0;1.5000
811490;[UCZ] Upgrade Ingress + obnova certifikatu - acc1;open;support;hrncir;https://rt.i.masterinter.net/Ticket/Display.html?id=811490;"5066";"80870";2026-06-02 20:40:00.000;0;1;0;0;0;0.0000
811543;(admin.masterdc.com CID#6434) Zav¯enÌ zbyteËn˝ch port˘ na cloud-159;resolved;support;uhlik;https://rt.i.masterinter.net/Ticket/Display.html?id=811543;"6434";"86923";2026-06-02 21:00:05.000;0;1;0;0;0;0.0000
809757;Windows server update managed GCP - PRG2/PRG3/BER/MUC/FRA/VIE/BUD;open;windows;ulman;https://rt.i.masterinter.net/Ticket/Display.html?id=809757;"7988";;2026-06-02 21:05:38.000;0;1;0;0;0;1.0000
809757;Windows server update managed GCP - PRG2/PRG3/BER/MUC/FRA/VIE/BUD;open;windows;ulman;https://rt.i.masterinter.net/Ticket/Display.html?id=809757;"6128";;2026-06-02 21:05:38.000;0;1;0;0;0;1.0000
811684;cloud-3206 - 185.58.42.23 - restart DB;open;support;uhlik;https://rt.i.masterinter.net/Ticket/Display.html?id=811684;"4491";;2026-06-02 21:11:06.000;0;1;0;0;0;0.0000
809757;Windows server update managed GCP - PRG2/PRG3/BER/MUC/FRA/VIE/BUD;open;windows;ulman;https://rt.i.masterinter.net/Ticket/Display.html?id=809757;"7988";;2026-06-02 21:33:24.000;1;0;0;0;0;0.0000
809757;Windows server update managed GCP - PRG2/PRG3/BER/MUC/FRA/VIE/BUD;open;windows;ulman;https://rt.i.masterinter.net/Ticket/Display.html?id=809757;"6128";;2026-06-02 21:33:24.000;1;0;0;0;0;0.0000
796815;Obj. ID: 10415 Z·kaznÌk: #9489 - Novotn˝ Radek (Mediawork Services s.r.o.);open;objednavky;uhlik;https://rt.i.masterinter.net/Ticket/Display.html?id=796815;"9489";;2026-06-02 21:37:05.000;0;1;0;0;0;0.0000
811490;[UCZ] Upgrade Ingress + obnova certifikatu - acc1;open;support;hrncir;https://rt.i.masterinter.net/Ticket/Display.html?id=811490;"5066";"80870";2026-06-02 22:08:28.000;0;1;0;0;0;2.0000
809960;Update managed Windows serveru - d9808 + Win VMs;resolved;support;schon;https://rt.i.masterinter.net/Ticket/Display.html?id=809960;"3113";;2026-06-02 22:13:54.000;0;1;0;0;0;2.0000
809757;Windows server update managed GCP - PRG2/PRG3/BER/MUC/FRA/VIE/BUD;open;windows;ulman;https://rt.i.masterinter.net/Ticket/Display.html?id=809757;"7988";;2026-06-02 22:14:16.000;0;1;0;0;0;0.0000
809757;Windows server update managed GCP - PRG2/PRG3/BER/MUC/FRA/VIE/BUD;open;windows;ulman;https://rt.i.masterinter.net/Ticket/Display.html?id=809757;"6128";;2026-06-02 22:14:16.000;0;1;0;0;0;0.0000
809757;Windows server update managed GCP - PRG2/PRG3/BER/MUC/FRA/VIE/BUD;open;windows;ulman;https://rt.i.masterinter.net/Ticket/Display.html?id=809757;"7988";;2026-06-02 22:14:32.000;0;0;1;0;0;1.0000
809757;Windows server update managed GCP - PRG2/PRG3/BER/MUC/FRA/VIE/BUD;open;windows;ulman;https://rt.i.masterinter.net/Ticket/Display.html?id=809757;"6128";;2026-06-02 22:14:32.000;0;0;1;0;0;1.0000
811490;[UCZ] Upgrade Ingress + obnova certifikatu - acc1;open;support;hrncir;https://rt.i.masterinter.net/Ticket/Display.html?id=811490;"5066";"80870";2026-06-02 22:16:12.000;0;1;0;0;0;0.0000
809757;Windows server update managed GCP - PRG2/PRG3/BER/MUC/FRA/VIE/BUD;open;windows;ulman;https://rt.i.masterinter.net/Ticket/Display.html?id=809757;"7988";;2026-06-02 22:20:34.000;1;0;0;0;0;0.0000
809757;Windows server update managed GCP - PRG2/PRG3/BER/MUC/FRA/VIE/BUD;open;windows;ulman;https://rt.i.masterinter.net/Ticket/Display.html?id=809757;"6128";;2026-06-02 22:20:34.000;1;0;0;0;0;0.0000
811744;Golemos - V˝padok sluûieb;open;support;uhlik;https://rt.i.masterinter.net/Ticket/Display.html?id=811744;"7247";;2026-06-02 22:25:50.000;0;1;0;0;0;0.0000
811744;Golemos - V˝padok sluûieb;open;support;uhlik;https://rt.i.masterinter.net/Ticket/Display.html?id=811744;"7247";;2026-06-02 22:53:12.000;0;1;0;0;0;0.0000
811490;[UCZ] Upgrade Ingress + obnova certifikatu - acc1;open;support;hrncir;https://rt.i.masterinter.net/Ticket/Display.html?id=811490;"5066";"80870";2026-06-02 23:07:13.000;0;1;0;0;0;1.0000
809673;Update managed Windows d9732, d9708, d9750;open;windows;uhlik;https://rt.i.masterinter.net/Ticket/Display.html?id=809673;"7101";;2026-06-02 23:25:39.000;1;0;0;0;0;0.5000
809673;Update managed Windows d9732, d9708, d9750;open;windows;antonin.homola;https://rt.i.masterinter.net/Ticket/Display.html?id=809673;"7101";;2026-06-03 00:43:50.000;0;1;0;0;0;4.0000
743099;[tracking] Pravideln· kontrola kopia z·loh;open;support;blazek;https://rt.i.masterinter.net/Ticket/Display.html?id=743099;;;2026-06-03 05:07:51.000;1;0;0;0;0;0.0833
811729;[csirt-cz] [TLP:CLEAR] [Max CVSS 7.5] BIND 9 opravuje 6 zranitelnostÌ;resolved;csirt;maska;https://rt.i.masterinter.net/Ticket/Display.html?id=811729;;;2026-06-03 05:16:40.000;0;0;1;0;0;0.0000
811735;(admin.masterdc.com CID#4067) Automatick˝ deployment - projekt external;open;support;maska;https://rt.i.masterinter.net/Ticket/Display.html?id=811735;"4067";"81132";2026-06-03 05:19:32.000;0;0;1;0;0;0.0000
811735;(admin.masterdc.com CID#4067) Automatick˝ deployment - projekt external;open;support;maska;https://rt.i.masterinter.net/Ticket/Display.html?id=811735;"4067";"81132";2026-06-03 05:19:32.000;0;1;0;0;0;0.0000
811741;FINAL NOTICE: File deletion scheduled;resolved;spam;maska;https://rt.i.masterinter.net/Ticket/Display.html?id=811741;;;2026-06-03 05:20:40.000;0;0;1;0;0;0.0000
811484;"05-2026 Infra patching";resolved;support;schon;https://rt.i.masterinter.net/Ticket/Display.html?id=811484;;;2026-06-03 05:20:44.000;1;0;0;0;0;0.7500
811742;Error: Unable to upload file;resolved;spam;maska;https://rt.i.masterinter.net/Ticket/Display.html?id=811742;;;2026-06-03 05:21:03.000;0;0;1;0;0;0.0000
811751;[Warning] mfiles - Job mfiles - Wednesday, 03 June 2026 04:14:43;resolved;support;schon;https://rt.i.masterinter.net/Ticket/Display.html?id=811751;;;2026-06-03 05:21:13.000;0;0;1;0;0;0.0000
811751;[Warning] mfiles - Job mfiles - Wednesday, 03 June 2026 04:14:43;resolved;support;schon;https://rt.i.masterinter.net/Ticket/Display.html?id=811751;;;2026-06-03 05:21:33.000;1;0;0;0;0;0.0833
811748;[Warning] vm-SQL-APP - Job vm-SQL-APP - Wednesday, 03 June 2026 02:40:38;resolved;support;schon;https://rt.i.masterinter.net/Ticket/Display.html?id=811748;;;2026-06-03 05:22:16.000;0;0;1;0;0;0.0000
811748;[Warning] vm-SQL-APP - Job vm-SQL-APP - Wednesday, 03 June 2026 02:40:38;resolved;support;schon;https://rt.i.masterinter.net/Ticket/Display.html?id=811748;;;2026-06-03 05:22:35.000;1;0;0;0;0;0.0833
811749;Undelivered Mail Returned to Sender;resolved;noc;maska;https://rt.i.masterinter.net/Ticket/Display.html?id=811749;;;2026-06-03 05:26:24.000;0;0;1;0;0;0.0000
811756;(admin.masterdc.com CID#9134) LetsEncrypt SSL certifik·t;resolved;support;maska;https://rt.i.masterinter.net/Ticket/Display.html?id=811756;"9134";;2026-06-03 05:28:35.000;0;0;1;0;0;0.0000
811756;(admin.masterdc.com CID#9134) LetsEncrypt SSL certifik·t;resolved;support;maska;https://rt.i.masterinter.net/Ticket/Display.html?id=811756;"9134";;2026-06-03 05:28:35.000;0;1;0;0;0;0.0000
811752;Undelivered Mail Returned to Sender;resolved;noc;maska;https://rt.i.masterinter.net/Ticket/Display.html?id=811752;;;2026-06-03 05:28:52.000;0;0;1;0;0;0.0000
811754;Undelivered Mail Returned to Sender;resolved;spam;maska;https://rt.i.masterinter.net/Ticket/Display.html?id=811754;;;2026-06-03 05:29:15.000;0;0;1;0;0;0.0000
811763;Request for Quotation;resolved;spam;maska;https://rt.i.masterinter.net/Ticket/Display.html?id=811763;;;2026-06-03 05:30:19.000;0;0;1;0;0;0.0000
811746;"130% quota threshold exceeded by D5201\bcp-9333-d563-vm-SQL";resolved;support;maska;https://rt.i.masterinter.net/Ticket/Display.html?id=811746;"9333";"100007";2026-06-03 05:33:50.000;0;0;1;0;0;0.0000
811632;PROBLEM Service Alert:  cloud-1294.masterinter.net/check_haproxy is CRITICAL;resolved;support;maska;https://rt.i.masterinter.net/Ticket/Display.html?id=811632;"4381";"56710";2026-06-03 05:34:45.000;0;0;1;0;0;0.0000
811632;PROBLEM Service Alert:  cloud-1294.masterinter.net/check_haproxy is CRITICAL;resolved;support;maska;https://rt.i.masterinter.net/Ticket/Display.html?id=811632;"4381";"56710";2026-06-03 05:38:03.000;0;1;0;0;0;0.2500
811756;(admin.masterdc.com CID#9134) LetsEncrypt SSL certifik·t;resolved;support;schon;https://rt.i.masterinter.net/Ticket/Display.html?id=811756;"9134";;2026-06-03 05:38:55.000;0;1;0;0;0;0.2500
811779;PROBLEM Service Alert: d51-101.masterinter.net/check_isp_le_renewal is CRITICAL;new;support;maska;https://rt.i.masterinter.net/Ticket/Display.html?id=811779;"5641";;2026-06-03 05:40:29.000;0;0;1;0;0;0.0000
811744;Golemos - V˝padok sluûieb;open;support;maska;https://rt.i.masterinter.net/Ticket/Display.html?id=811744;"7247";;2026-06-03 05:44:06.000;0;0;1;0;0;0.0000
811746;"130% quota threshold exceeded by D5201\bcp-9333-d563-vm-SQL";resolved;support;schon;https://rt.i.masterinter.net/Ticket/Display.html?id=811746;"9333";"100007";2026-06-03 05:46:51.000;1;0;0;0;0;0.2500
809757;Windows server update managed GCP - PRG2/PRG3/BER/MUC/FRA/VIE/BUD;open;windows;ulman;https://rt.i.masterinter.net/Ticket/Display.html?id=809757;"7988";;2026-06-03 05:52:46.000;0;0;1;0;0;0.0000
809757;Windows server update managed GCP - PRG2/PRG3/BER/MUC/FRA/VIE/BUD;open;windows;ulman;https://rt.i.masterinter.net/Ticket/Display.html?id=809757;"6128";;2026-06-03 05:52:46.000;0;0;1;0;0;0.0000
811680;Instalace NFS sluûby;resolved;support;maska;https://rt.i.masterinter.net/Ticket/Display.html?id=811680;;;2026-06-03 05:57:28.000;1;0;0;0;0;0.0833
811781;(admin.masterdc.com CID#2621) Reklamace Faktury 261005729;open;support;maska;https://rt.i.masterinter.net/Ticket/Display.html?id=811781;"2621";"85699";2026-06-03 05:59:34.000;0;0;1;0;0;0.0000
811781;(admin.masterdc.com CID#2621) Reklamace Faktury 261005729;open;support;maska;https://rt.i.masterinter.net/Ticket/Display.html?id=811781;"2621";"85699";2026-06-03 06:04:12.000;0;1;0;0;0;0.2500
811282;Obj. ID: 10535 Z·kaznÌk: #4849 - »ern˝ Pavel (ATTEYA Group, s.r.o.);resolved;objednavky;maska;https://rt.i.masterinter.net/Ticket/Display.html?id=811282;"4849";;2026-06-03 06:11:29.000;0;1;0;0;0;0.2500
811646;Obj. ID: 10542 Z·kaznÌk: #3788 - Bartoö Jan (Smartdata, s.r.o.);open;objednavky;ulman;https://rt.i.masterinter.net/Ticket/Display.html?id=811646;"3788";;2026-06-03 06:16:27.000;0;1;0;0;0;0.2500
811782;FW: Kompetence Security byla nastavena;open;support;maska;https://rt.i.masterinter.net/Ticket/Display.html?id=811782;"9232";;2026-06-03 06:37:52.000;0;0;1;0;0;0.0000
811794;Whitelistovanie IP na emailovom serveri;resolved;support;maska;https://rt.i.masterinter.net/Ticket/Display.html?id=811794;"4039";"22767";2026-06-03 06:42:45.000;0;0;1;0;0;0.0000
811516;(admin.masterdc.com CID#7245) Anotace pro ignorov·nÌ log˘ filebeatem;resolved;support;belousov;https://rt.i.masterinter.net/Ticket/Display.html?id=811516;"7245";;2026-06-03 06:46:18.000;1;0;0;0;0;0.5000
811794;Whitelistovanie IP na emailovom serveri;resolved;support;maska;https://rt.i.masterinter.net/Ticket/Display.html?id=811794;"4039";"22767";2026-06-03 06:47:33.000;0;1;0;0;0;0.2500
811782;FW: Kompetence Security byla nastavena;open;support;maska;https://rt.i.masterinter.net/Ticket/Display.html?id=811782;"9232";;2026-06-03 06:49:03.000;0;1;0;0;0;0.1667
811780;(admin.masterdc.com CID#2621) Instalace NFS;resolved;support;maska;https://rt.i.masterinter.net/Ticket/Display.html?id=811780;"2621";"85699";2026-06-03 06:50:29.000;0;0;1;0;0;0.0000
811780;(admin.masterdc.com CID#2621) Instalace NFS;resolved;support;maska;https://rt.i.masterinter.net/Ticket/Display.html?id=811780;"2621";"85699";2026-06-03 06:50:29.000;0;1;0;0;0;0.0000
811632;PROBLEM Service Alert:  cloud-1294.masterinter.net/check_haproxy is CRITICAL;resolved;support;maska;https://rt.i.masterinter.net/Ticket/Display.html?id=811632;"4381";"56710";2026-06-03 06:52:36.000;0;1;0;0;0;0.0000
811797;(admin.masterdc.com CID#4849) Zmena hesla;resolved;support;maska;https://rt.i.masterinter.net/Ticket/Display.html?id=811797;"4849";;2026-06-03 06:53:37.000;0;0;1;0;0;0.0000
811797;(admin.masterdc.com CID#4849) Zmena hesla;resolved;support;maska;https://rt.i.masterinter.net/Ticket/Display.html?id=811797;"4849";;2026-06-03 06:57:13.000;0;1;0;0;0;0.2500
809745;(admin.masterdc.com CID#9425) Hodnoty limit˘ CPU a MEM do manifest˘ PROD pod˘ aplikaËnÌch server˘ a DB;open;support;belousov;https://rt.i.masterinter.net/Ticket/Display.html?id=809745;"9425";"116715";2026-06-03 06:57:43.000;0;1;0;0;0;0.0000
810451;Obj. ID: 10520 Z·kaznÌk: #4236 - »evelÌËek Marek (Liquid Design s.r.o.);resolved;objednavky;blazek;https://rt.i.masterinter.net/Ticket/Display.html?id=810451;"4236";;2026-06-03 06:59:30.000;0;1;0;0;0;0.5000
809663;Access to the MasterDC infrastructure for installing the StackBill portal;open;support;vaclav.rozsypalek;https://rt.i.masterinter.net/Ticket/Display.html?id=809663;"9665";;2026-06-03 07:03:36.000;0;1;0;0;0;0.0000
811800;Emailov˝ log - dva emaily za sebou;resolved;support;maska;https://rt.i.masterinter.net/Ticket/Display.html?id=811800;"4039";;2026-06-03 07:04:56.000;0;0;1;0;0;0.0000
811800;Emailov˝ log - dva emaily za sebou;resolved;support;maska;https://rt.i.masterinter.net/Ticket/Display.html?id=811800;"4039";;2026-06-03 07:04:57.000;0;1;0;0;0;0.0000
809963;Update managed Windows serveru - d8001+VMs;resolved;support;schon;https://rt.i.masterinter.net/Ticket/Display.html?id=809963;"9066";;2026-06-03 07:14:38.000;0;1;0;0;0;0.0833
809969;Update managed Windows serveru - d8104+VMs;resolved;support;schon;https://rt.i.masterinter.net/Ticket/Display.html?id=809969;"6052";;2026-06-03 07:16:21.000;0;1;0;0;0;0.0833
809968;Update managed Windows serveru - d8025+VM-TS@d8025;resolved;support;schon;https://rt.i.masterinter.net/Ticket/Display.html?id=809968;"8204";;2026-06-03 07:18:10.000;0;1;0;0;0;0.0833
811519;PROBLEM Service Alert: 1962@brq-dc2-v3/nrpe_disk is CRITICAL;new;support;ondrej;https://rt.i.masterinter.net/Ticket/Display.html?id=811519;"6775";;2026-06-03 07:18:35.000;1;0;0;0;0;0.2500
811327;(admin.masterdc.com CID#8446) Priprava high memory nodu;open;support;ondrej;https://rt.i.masterinter.net/Ticket/Display.html?id=811327;"8446";;2026-06-03 07:24:38.000;0;1;0;0;0;0.0000
226420;Switched Rack PDU: Internal power supply #1 fault.;resolved;noc;ondrej;https://rt.i.masterinter.net/Ticket/Display.html?id=226420;;;2026-06-03 07:30:21.000;0;0;1;0;0;0.0000
811543;(admin.masterdc.com CID#6434) Zav¯enÌ zbyteËn˝ch port˘ na cloud-159;resolved;support;uhlik;https://rt.i.masterinter.net/Ticket/Display.html?id=811543;"6434";"86923";2026-06-03 07:30:50.000;0;1;0;0;0;0.0000
811802;(admin.masterdc.com CID#4067) Automatick˝ deployment - projekt api_myplann;open;support;maska;https://rt.i.masterinter.net/Ticket/Display.html?id=811802;"4067";"81132";2026-06-03 07:33:51.000;0;0;1;0;0;0.0000
811802;(admin.masterdc.com CID#4067) Automatick˝ deployment - projekt api_myplann;open;support;maska;https://rt.i.masterinter.net/Ticket/Display.html?id=811802;"4067";"81132";2026-06-03 07:33:51.000;0;1;0;0;0;0.0000
811800;Emailov˝ log - dva emaily za sebou;resolved;support;jarmara;https://rt.i.masterinter.net/Ticket/Display.html?id=811800;"4039";;2026-06-03 07:41:39.000;0;1;0;0;0;0.5000
811729;[csirt-cz] [TLP:CLEAR] [Max CVSS 7.5] BIND 9 opravuje 6 zranitelnostÌ;resolved;csirt;belousov;https://rt.i.masterinter.net/Ticket/Display.html?id=811729;;;2026-06-03 07:42:55.000;1;0;0;0;0;0.0000
809745;(admin.masterdc.com CID#9425) Hodnoty limit˘ CPU a MEM do manifest˘ PROD pod˘ aplikaËnÌch server˘ a DB;open;support;belousov;https://rt.i.masterinter.net/Ticket/Display.html?id=809745;"9425";"116715";2026-06-03 07:48:17.000;0;0;1;0;0;0.5000
811803;PROBLEM Service Alert:  cloud-2156/https is CRITICAL;open;support;maska;https://rt.i.masterinter.net/Ticket/Display.html?id=811803;"6284";"57922";2026-06-03 07:49:48.000;0;0;1;0;0;0.0000
811573;PROBLEM Service Alert: d1031-vm306/check_nrpe_systemd is CRITICAL;resolved;support;jarmara;https://rt.i.masterinter.net/Ticket/Display.html?id=811573;"7247";;2026-06-03 07:49:50.000;0;0;1;0;0;0.0000
811435;ZruöenÌ sluûby, ukonËena k datu 31.05.2026 z·kaznÌk #2926 - Fiala Martin (eStudio.cz);open;cancel;blazek;https://rt.i.masterinter.net/Ticket/Display.html?id=811435;"2926";;2026-06-03 07:53:21.000;1;0;0;0;0;0.0833
809673;Update managed Windows d9732, d9708, d9750;open;windows;antonin.homola;https://rt.i.masterinter.net/Ticket/Display.html?id=809673;"7101";;2026-06-03 07:55:53.000;0;1;0;0;0;0.0833
811573;PROBLEM Service Alert: d1031-vm306/check_nrpe_systemd is CRITICAL;resolved;support;tomas.krupicka;https://rt.i.masterinter.net/Ticket/Display.html?id=811573;"7247";;2026-06-03 07:57:00.000;0;1;0;0;0;0.2500
811803;PROBLEM Service Alert:  cloud-2156/https is CRITICAL;open;support;maska;https://rt.i.masterinter.net/Ticket/Display.html?id=811803;"6284";"57922";2026-06-03 08:05:34.000;0;1;0;0;0;0.2500
811794;Whitelistovanie IP na emailovom serveri;resolved;support;maska;https://rt.i.masterinter.net/Ticket/Display.html?id=811794;"4039";"22767";2026-06-03 08:06:20.000;1;0;0;0;0;0.0000
810503;(admin.masterdc.com CID#5066) zebra.usetreno.cz z local sÌtÏ;resolved;support;belousov;https://rt.i.masterinter.net/Ticket/Display.html?id=810503;"5066";;2026-06-03 08:06:36.000;1;0;0;0;0;0.5000
811543;(admin.masterdc.com CID#6434) Zav¯enÌ zbyteËn˝ch port˘ na cloud-159;resolved;support;uhlik;https://rt.i.masterinter.net/Ticket/Display.html?id=811543;"6434";"86923";2026-06-03 08:12:20.000;0;1;0;0;0;0.0000
796815;Obj. ID: 10415 Z·kaznÌk: #9489 - Novotn˝ Radek (Mediawork Services s.r.o.);open;objednavky;uhlik;https://rt.i.masterinter.net/Ticket/Display.html?id=796815;"9489";;2026-06-03 08:14:06.000;0;1;0;0;0;0.0000
811543;(admin.masterdc.com CID#6434) Zav¯enÌ zbyteËn˝ch port˘ na cloud-159;resolved;support;uhlik;https://rt.i.masterinter.net/Ticket/Display.html?id=811543;"6434";"86923";2026-06-03 08:15:05.000;0;0;1;0;0;2.9167
811780;(admin.masterdc.com CID#2621) Instalace NFS;resolved;support;michal.nosek;https://rt.i.masterinter.net/Ticket/Display.html?id=811780;"2621";"85699";2026-06-03 08:21:25.000;0;1;0;0;0;0.0000
811780;(admin.masterdc.com CID#2621) Instalace NFS;resolved;support;michal.nosek;https://rt.i.masterinter.net/Ticket/Display.html?id=811780;"2621";"85699";2026-06-03 08:21:39.000;0;0;1;0;0;0.2500
811800;Emailov˝ log - dva emaily za sebou;resolved;support;jarmara;https://rt.i.masterinter.net/Ticket/Display.html?id=811800;"4039";;2026-06-03 08:29:45.000;0;1;0;0;0;0.0000
665314;Elasticsearch cluster na managed logy + migrace z centos 7 [tracking];open;linux;zidek;https://rt.i.masterinter.net/Ticket/Display.html?id=665314;;;2026-06-03 08:31:14.000;1;0;0;0;0;0.5000
805918;"99% quota threshold exceeded by D4546\bcp-9136-vm568";resolved;support;antonin.homola;https://rt.i.masterinter.net/Ticket/Display.html?id=805918;;;2026-06-03 08:37:22.000;1;0;0;0;0;0.0833
711926;OpenVPN aktivita;resolved;support;antonin.homola;https://rt.i.masterinter.net/Ticket/Display.html?id=711926;"6128";;2026-06-03 08:40:13.000;1;0;0;0;0;0.0500
811522;nastavenÌ pr·v k ssl;resolved;managed;uhlik;https://rt.i.masterinter.net/Ticket/Display.html?id=811522;;;2026-06-03 08:44:56.000;0;1;0;0;0;0.0000
810346;(admin.masterdc.com CID#6083) Citus - connection pooling;open;support;chudy;https://rt.i.masterinter.net/Ticket/Display.html?id=810346;"6083";;2026-06-03 08:51:42.000;0;1;0;0;0;0.0000
808805;(admin.masterdc.com CID#6644) urgent - nefunguje nam vps;resolved;support;blazek;https://rt.i.masterinter.net/Ticket/Display.html?id=808805;"6644";;2026-06-03 08:51:57.000;0;0;1;0;0;0.2500
809621;Dotaz: priv·tnÌ sÌù VPN a omezenÌ port˘ pro VDS servery;resolved;support;blazek;https://rt.i.masterinter.net/Ticket/Display.html?id=809621;;;2026-06-03 08:55:35.000;1;0;0;0;0;0.1667
809937;p¯etÌûen˝ cloud-3152;resolved;support;blazek;https://rt.i.masterinter.net/Ticket/Display.html?id=809937;"4039";;2026-06-03 08:57:35.000;0;0;1;0;0;0.5000
811522;nastavenÌ pr·v k ssl;resolved;managed;uhlik;https://rt.i.masterinter.net/Ticket/Display.html?id=811522;;;2026-06-03 09:04:17.000;0;0;1;0;0;0.5000
809758;Certificate will expire in 7 days - b411cb9a-5f53-407d-8995-85eae78ced05;resolved;support;jarmara;https://rt.i.masterinter.net/Ticket/Display.html?id=809758;;;2026-06-03 09:05:10.000;0;0;1;0;0;0.0167
758085;Obj. ID: 10077 Z·kaznÌk: #4149 - Svoboda Jan (Infinity Energy, s.r.o.);open;objednavky;jiri.sakac;https://rt.i.masterinter.net/Ticket/Display.html?id=758085;"4149";;2026-06-03 09:19:41.000;0;1;0;0;0;0.0000
811814;(admin.masterdc.com CID#9199) MySQL logov·nÌ;open;support;maska;https://rt.i.masterinter.net/Ticket/Display.html?id=811814;"9199";;2026-06-03 09:33:36.000;0;1;0;0;0;0.0833
807254;"110% quota threshold exceeded by D4546\bcp-6480-d9756-VMFS";resolved;support;schon;https://rt.i.masterinter.net/Ticket/Display.html?id=807254;"6480";"116203";2026-06-03 09:42:09.000;1;0;0;0;0;0.2500
810639;Statut·rnÌ mÏsto Brno: Ve¯ejn· zak·zka: Platforma pro spr·vu AI agent˘ a automatizovan˝ch workflow;open;poptavky;jiri.sakac;https://rt.i.masterinter.net/Ticket/Display.html?id=810639;;;2026-06-03 09:42:12.000;0;1;0;0;0;0.0000
806098;RetroTV transcoder na serveru 192.168.99.102 ó root ˙kony pro uûivatele rak;open;support;uhlik;https://rt.i.masterinter.net/Ticket/Display.html?id=806098;"9489";;2026-06-03 09:42:26.000;0;1;0;0;0;0.0000
809958;Update internÌch systÈm˘ 5/2026 @zidek;new;support;zidek;https://rt.i.masterinter.net/Ticket/Display.html?id=809958;;;2026-06-03 09:48:00.000;1;0;0;0;0;2.5000
809669;Update managed Windows servers - d8026 + win VMs;resolved;windows;antonin.homola;https://rt.i.masterinter.net/Ticket/Display.html?id=809669;"4736";;2026-06-03 09:54:36.000;0;1;0;0;0;0.0833
794951;Update infra;open;support;chudy;https://rt.i.masterinter.net/Ticket/Display.html?id=794951;"6083";;2026-06-03 09:57:01.000;0;1;0;0;0;0.0000
810140;(admin.masterdc.com CID#4209) ext. zalohy na serveru Ë·steËnÏ nefunkËnÌ;open;support;uhlik;https://rt.i.masterinter.net/Ticket/Display.html?id=810140;"4209";"91183";2026-06-03 09:59:05.000;0;1;0;0;0;0.0000
811780;(admin.masterdc.com CID#2621) Instalace NFS;resolved;support;michal.nosek;https://rt.i.masterinter.net/Ticket/Display.html?id=811780;"2621";"85699";2026-06-03 10:05:44.000;0;1;0;0;0;0.5000
810140;(admin.masterdc.com CID#4209) ext. zalohy na serveru Ë·steËnÏ nefunkËnÌ;open;support;uhlik;https://rt.i.masterinter.net/Ticket/Display.html?id=810140;"4209";"91183";2026-06-03 10:12:49.000;0;1;0;0;0;0.0000
811819;zmÏna nastavenÌ vhosta pro domÈnu https://www.masterhomesecurity.com;resolved;managed;jarmara;https://rt.i.masterinter.net/Ticket/Display.html?id=811819;;;2026-06-03 10:19:45.000;0;0;1;0;0;0.0000
811820;[csirt-cz] [TLP:CLEAR] [Max CVSS 8.2] SolarWinds Web Help Desk opravuje 1 zranitelnost;resolved;csirt;belousov;https://rt.i.masterinter.net/Ticket/Display.html?id=811820;;;2026-06-03 10:41:09.000;1;0;0;0;0;0.0000
811814;(admin.masterdc.com CID#9199) MySQL logov·nÌ;open;support;maska;https://rt.i.masterinter.net/Ticket/Display.html?id=811814;"9199";;2026-06-03 10:44:00.000;0;0;1;0;0;0.0000
811821;mail.estudio.cz: Maximum number of connections;resolved;support;jarmara;https://rt.i.masterinter.net/Ticket/Display.html?id=811821;"2926";;2026-06-03 10:49:13.000;0;0;1;0;0;0.0000
811821;mail.estudio.cz: Maximum number of connections;resolved;support;jarmara;https://rt.i.masterinter.net/Ticket/Display.html?id=811821;"2926";;2026-06-03 10:49:13.000;0;1;0;0;0;0.0000
811821;mail.estudio.cz: Maximum number of connections;resolved;support;jarmara;https://rt.i.masterinter.net/Ticket/Display.html?id=811821;"2926";;2026-06-03 10:52:43.000;0;1;0;0;0;0.2500
809768;PROBLEM Service Alert: d1196/nrpe_disk is CRITICAL;open;support;tomas.krupicka;https://rt.i.masterinter.net/Ticket/Display.html?id=809768;"4067";"81132";2026-06-03 10:56:39.000;0;1;0;0;0;0.2500
810249;(CID 7101) Pravideln˝ update operaËnÌho systÈmu managed serveru dne 10.06.2026;resolved;rozesilky;uhlik;https://rt.i.masterinter.net/Ticket/Display.html?id=810249;"7101";;2026-06-03 11:00:59.000;1;0;0;0;0;0.0000
811819;zmÏna nastavenÌ vhosta pro domÈnu https://www.masterhomesecurity.com;resolved;managed;jarmara;https://rt.i.masterinter.net/Ticket/Display.html?id=811819;;;2026-06-03 11:07:07.000;0;1;0;0;0;0.2500
810249;(CID 7101) Pravideln˝ update operaËnÌho systÈmu managed serveru dne 10.06.2026;resolved;rozesilky;uhlik;https://rt.i.masterinter.net/Ticket/Display.html?id=810249;"7101";;2026-06-03 11:07:49.000;0;0;1;0;0;0.5000
811417;d9725 - zvyseny load;resolved;support;maska;https://rt.i.masterinter.net/Ticket/Display.html?id=811417;"6593";"90636";2026-06-03 11:11:25.000;0;1;0;0;0;0.2500
810451;Obj. ID: 10520 Z·kaznÌk: #4236 - »evelÌËek Marek (Liquid Design s.r.o.);resolved;objednavky;blazek;https://rt.i.masterinter.net/Ticket/Display.html?id=810451;"4236";;2026-06-03 11:13:24.000;0;1;0;0;0;0.5000
811085;Postgresql pro acc1 - acc5 a produkce;open;support;machovec;https://rt.i.masterinter.net/Ticket/Display.html?id=811085;;;2026-06-03 11:20:52.000;0;1;0;0;0;2.0000
811085;Postgresql pro acc1 - acc5 a produkce;open;support;ondrej;https://rt.i.masterinter.net/Ticket/Display.html?id=811085;;;2026-06-03 11:23:47.000;1;0;0;0;0;1.0000
806210;SeaweedFS;open;EPIC;ondrej;https://rt.i.masterinter.net/Ticket/Display.html?id=806210;"5066";;2026-06-03 11:24:02.000;1;0;0;0;0;1.0000
804163;PROBLEM Service Alert:  d95/nrpe_mailq is CRITICAL ;resolved;support;tomas.krupicka;https://rt.i.masterinter.net/Ticket/Display.html?id=804163;"7247";"72162";2026-06-03 11:27:53.000;0;1;0;0;0;0.5000
811417;d9725 - zvyseny load;resolved;support;maska;https://rt.i.masterinter.net/Ticket/Display.html?id=811417;"6593";"90636";2026-06-03 11:29:53.000;0;1;0;0;0;0.2500
811476;"3844 DAIN - Proxmox";open;poptavky;blazek;https://rt.i.masterinter.net/Ticket/Display.html?id=811476;;;2026-06-03 11:34:22.000;1;0;0;0;0;0.0000
811819;zmÏna nastavenÌ vhosta pro domÈnu https://www.masterhomesecurity.com;resolved;managed;jarmara;https://rt.i.masterinter.net/Ticket/Display.html?id=811819;;;2026-06-03 11:38:10.000;0;1;0;0;0;0.0000
810115;(admin.masterdc.com CID#5066) microsoft patch tuesday may;resolved;support;antonin.homola;https://rt.i.masterinter.net/Ticket/Display.html?id=810115;"5066";;2026-06-03 11:51:47.000;0;1;0;0;0;0.0333
787793;Obj. ID: 10311 Z·kaznÌk: #6480 - Koutn˝ Ji¯Ì (TAMURA-EUROPE LIMITED, organizaËnÌ sloûka);resolved;objednavky;antonin.homola;https://rt.i.masterinter.net/Ticket/Display.html?id=787793;"6480";;2026-06-03 11:54:06.000;0;1;0;0;0;0.0833
802165;Obj. ID: 10460 Z·kaznÌk: #7101 - »ech Tom·ö  (4Leaders, s.r.o.);resolved;objednavky;antonin.homola;https://rt.i.masterinter.net/Ticket/Display.html?id=802165;"7101";;2026-06-03 11:56:07.000;0;1;0;0;0;0.0833
811417;d9725 - zvyseny load;resolved;support;maska;https://rt.i.masterinter.net/Ticket/Display.html?id=811417;"6593";"90636";2026-06-03 11:58:48.000;0;1;0;0;0;0.0000
809671;Update managed Windows serveru - d4157, d631+VMs;resolved;windows;antonin.homola;https://rt.i.masterinter.net/Ticket/Display.html?id=809671;"4759";;2026-06-03 12:00:10.000;0;1;0;0;0;0.0500
794951;Update infra;open;support;chudy;https://rt.i.masterinter.net/Ticket/Display.html?id=794951;"6083";;2026-06-03 12:02:53.000;0;1;0;0;0;0.0000
790177;Obj. ID: 10335 Z·kaznÌk: #9412 - Matras Duöan (nsure s.r.o.);resolved;objednavky;antonin.homola;https://rt.i.masterinter.net/Ticket/Display.html?id=790177;"9412";;2026-06-03 12:03:51.000;0;1;0;0;0;0.0833
811072;[Tracking] Golemos - Status meetingy;open;EPIC;tomas.krupicka;https://rt.i.masterinter.net/Ticket/Display.html?id=811072;"7247";"77741";2026-06-03 12:04:38.000;1;0;0;0;0;0.5000
811723;PROBLEM Service Alert:  d4659-vm309/nrpe_disk is CRITICAL;open;support;tomas.krupicka;https://rt.i.masterinter.net/Ticket/Display.html?id=811723;"7247";"72162";2026-06-03 12:06:12.000;0;1;0;0;0;0.2500
811829;(admin.masterdc.com CID#3033) Server Zane;resolved;Incident Reports;ondrej;https://rt.i.masterinter.net/Ticket/Display.html?id=811829;"3033";"100151";2026-06-03 12:08:21.000;0;1;0;0;0;0.5000
811417;d9725 - zvyseny load;resolved;support;maska;https://rt.i.masterinter.net/Ticket/Display.html?id=811417;"6593";"90636";2026-06-03 12:08:29.000;0;1;0;0;0;0.0000
811829;(admin.masterdc.com CID#3033) Server Zane;resolved;Incident Reports;ondrej;https://rt.i.masterinter.net/Ticket/Display.html?id=811829;"3033";"100151";2026-06-03 12:09:13.000;0;0;1;0;0;0.0000
811834;(admin.masterdc.com CID#6434) NapojenÌ cloud-1951 na logovacÌ server;resolved;support;jarmara;https://rt.i.masterinter.net/Ticket/Display.html?id=811834;"6434";"86923";2026-06-03 12:18:21.000;0;1;0;0;0;0.0000
811831;PROBLEM Service Alert:  golemos-web/check_services_golemos is CRITICAL ;resolved;support;jarmara;https://rt.i.masterinter.net/Ticket/Display.html?id=811831;"7247";"72162";2026-06-03 12:30:50.000;0;0;1;0;0;0.0000
805446;Obj. ID: 10486 Z·kaznÌk: #4138 - äpalek Ji¯Ì (PROEBIZ s.r.o.);open;objednavky;belousov;https://rt.i.masterinter.net/Ticket/Display.html?id=805446;"4138";;2026-06-03 12:34:54.000;1;0;0;0;0;0.0000
805446;Obj. ID: 10486 Z·kaznÌk: #4138 - äpalek Ji¯Ì (PROEBIZ s.r.o.);open;objednavky;belousov;https://rt.i.masterinter.net/Ticket/Display.html?id=805446;"4138";;2026-06-03 12:36:03.000;0;0;1;0;0;0.5000
805446;Obj. ID: 10486 Z·kaznÌk: #4138 - äpalek Ji¯Ì (PROEBIZ s.r.o.);open;objednavky;jarmara;https://rt.i.masterinter.net/Ticket/Display.html?id=805446;"4138";;2026-06-03 12:37:08.000;0;0;1;0;0;0.5000
811836;(admin.masterdc.com CID#7377) Emaily v monitoringu serveru;resolved;support;jarmara;https://rt.i.masterinter.net/Ticket/Display.html?id=811836;"7377";;2026-06-03 12:38:34.000;0;0;1;0;0;0.0000
811836;(admin.masterdc.com CID#7377) Emaily v monitoringu serveru;resolved;support;jarmara;https://rt.i.masterinter.net/Ticket/Display.html?id=811836;"7377";;2026-06-03 12:38:34.000;0;1;0;0;0;0.0000
811836;(admin.masterdc.com CID#7377) Emaily v monitoringu serveru;resolved;support;jarmara;https://rt.i.masterinter.net/Ticket/Display.html?id=811836;"7377";;2026-06-03 12:43:43.000;0;1;0;0;0;0.0833
811838;[csirt-cz] [TLP:CLEAR] [Max CVSS 8.1] rsync opravuje 6 zranitelnostÌ;resolved;csirt;belousov;https://rt.i.masterinter.net/Ticket/Display.html?id=811838;;;2026-06-03 12:46:08.000;0;0;1;0;0;0.0000
811838;[csirt-cz] [TLP:CLEAR] [Max CVSS 8.1] rsync opravuje 6 zranitelnostÌ;resolved;csirt;belousov;https://rt.i.masterinter.net/Ticket/Display.html?id=811838;;;2026-06-03 12:46:55.000;1;0;0;0;0;0.0000
811822;Dotaz k z·lohovacÌmu prostoru;new;linux;antonin.homola;https://rt.i.masterinter.net/Ticket/Display.html?id=811822;"2630";;2026-06-03 12:51:46.000;1;0;0;0;0;0.1667
811843;mail.estudio.cz: roundcube;resolved;support;jarmara;https://rt.i.masterinter.net/Ticket/Display.html?id=811843;"2926";"116791";2026-06-03 12:54:28.000;0;0;1;0;0;0.0000
811843;mail.estudio.cz: roundcube;resolved;support;jarmara;https://rt.i.masterinter.net/Ticket/Display.html?id=811843;"2926";"116791";2026-06-03 12:54:28.000;0;1;0;0;0;0.0000
811836;(admin.masterdc.com CID#7377) Emaily v monitoringu serveru;resolved;support;jarmara;https://rt.i.masterinter.net/Ticket/Display.html?id=811836;"7377";;2026-06-03 13:07:32.000;0;1;0;0;0;0.0000
811834;(admin.masterdc.com CID#6434) NapojenÌ cloud-1951 na logovacÌ server;resolved;support;belousov;https://rt.i.masterinter.net/Ticket/Display.html?id=811834;"6434";"86923";2026-06-03 13:10:49.000;0;0;1;0;0;0.0000
811834;(admin.masterdc.com CID#6434) NapojenÌ cloud-1951 na logovacÌ server;resolved;support;belousov;https://rt.i.masterinter.net/Ticket/Display.html?id=811834;"6434";"86923";2026-06-03 13:13:21.000;0;1;0;0;0;0.0000
811072;[Tracking] Golemos - Status meetingy;open;EPIC;hrncir;https://rt.i.masterinter.net/Ticket/Display.html?id=811072;"7247";"77741";2026-06-03 13:16:16.000;1;0;0;0;0;0.5000
809764;Update managed Windows serveru - vm534;resolved;windows;antonin.homola;https://rt.i.masterinter.net/Ticket/Display.html?id=809764;"4551";;2026-06-03 13:18:24.000;1;0;0;0;0;0.1667
809757;Windows server update managed GCP - PRG2/PRG3/BER/MUC/FRA/VIE/BUD;open;windows;antonin.homola;https://rt.i.masterinter.net/Ticket/Display.html?id=809757;"7988";;2026-06-03 13:19:22.000;1;0;0;0;0;0.5000
809757;Windows server update managed GCP - PRG2/PRG3/BER/MUC/FRA/VIE/BUD;open;windows;antonin.homola;https://rt.i.masterinter.net/Ticket/Display.html?id=809757;"6128";;2026-06-03 13:19:22.000;1;0;0;0;0;0.5000
811843;mail.estudio.cz: roundcube;resolved;support;ryska;https://rt.i.masterinter.net/Ticket/Display.html?id=811843;"2926";"116791";2026-06-03 13:26:56.000;0;1;0;0;0;0.0000
811835;[csirt-cz] [TLP:CLEAR] [Max CVSS 7.7] Elastic opravuje 10 zranitelnostÌ;resolved;csirt;belousov;https://rt.i.masterinter.net/Ticket/Display.html?id=811835;;;2026-06-03 13:27:30.000;1;0;0;0;0;0.0000
811618;PROBLEM Service Alert:  102@d9710/ssl_validation_portal.elixeum.cloud is CRITICAL;open;support;jarmara;https://rt.i.masterinter.net/Ticket/Display.html?id=811618;"7138";"70277";2026-06-03 13:29:50.000;0;1;0;0;0;0.0833
811029;(admin.masterdc.com CID#8576) Aktivace ASP.NET Core 8 pro novou subdomÈnu;resolved;support;ulman;https://rt.i.masterinter.net/Ticket/Display.html?id=811029;"8576";"86709";2026-06-03 13:32:39.000;0;1;0;0;0;0.0000
811578;UpozornÏnÌ na zranitelnost v sÌti ñ û·dost o ¯eöenÌ;open;scanneris;jarmara;https://rt.i.masterinter.net/Ticket/Display.html?id=811578;"2728";;2026-06-03 13:34:33.000;0;0;1;0;0;0.0000
811577;UpozornÏnÌ na zranitelnost v sÌti ñ û·dost o ¯eöenÌ;resolved;scanneris;jarmara;https://rt.i.masterinter.net/Ticket/Display.html?id=811577;"4138";;2026-06-03 13:34:40.000;0;0;1;0;0;0.0000
811576;UpozornÏnÌ na zranitelnost v sÌti ñ û·dost o ¯eöenÌ;resolved;scanneris;jarmara;https://rt.i.masterinter.net/Ticket/Display.html?id=811576;"9469";;2026-06-03 13:34:44.000;0;0;1;0;0;0.0000
811575;UpozornÏnÌ na zranitelnost v sÌti ñ û·dost o ¯eöenÌ;resolved;scanneris;jarmara;https://rt.i.masterinter.net/Ticket/Display.html?id=811575;"8986";;2026-06-03 13:34:50.000;0;0;1;0;0;0.0000
811574;UpozornÏnÌ na zranitelnost v sÌti ñ û·dost o ¯eöenÌ;open;scanneris;jarmara;https://rt.i.masterinter.net/Ticket/Display.html?id=811574;"3565";;2026-06-03 13:34:55.000;0;0;1;0;0;0.0000
809349;(admin.masterdc.com CID#8087) é·dost o anal˝zu zpomalenÌ MySQL serveru ó 12. 5. a 11. 5. 2026;open;support;hrncir;https://rt.i.masterinter.net/Ticket/Display.html?id=809349;"8087";"92001";2026-06-03 13:35:53.000;0;1;0;0;0;0.0000
808743;[csirt-cz] [TLP:CLEAR] Apache HTTP Server opravuje 11 zraniteænostÌ;resolved;csirt;belousov;https://rt.i.masterinter.net/Ticket/Display.html?id=808743;;;2026-06-03 13:38:57.000;1;0;0;0;0;0.0000
811854;[csirt-cz] [TLP:CLEAR] [Max CVSS 8.1] Apache Solr upozorÚuje na 1 zranitelnost;resolved;csirt;belousov;https://rt.i.masterinter.net/Ticket/Display.html?id=811854;;;2026-06-03 13:57:04.000;1;0;0;0;0;0.0000
806060;HW pro Ceph FS Storage;resolved;support;vaclav.rozsypalek;https://rt.i.masterinter.net/Ticket/Display.html?id=806060;;;2026-06-03 14:07:01.000;1;0;0;0;0;0.0000
809663;Access to the MasterDC infrastructure for installing the StackBill portal;open;support;vaclav.rozsypalek;https://rt.i.masterinter.net/Ticket/Display.html?id=809663;"9665";;2026-06-03 14:10:20.000;0;1;0;0;0;0.0000
810639;Statut·rnÌ mÏsto Brno: Ve¯ejn· zak·zka: Platforma pro spr·vu AI agent˘ a automatizovan˝ch workflow;open;poptavky;jiri.sakac;https://rt.i.masterinter.net/Ticket/Display.html?id=810639;;;2026-06-03 14:28:49.000;0;0;1;0;0;5.0000
806953;aktualizace OS na cloudu 2214 a 2123 + WAF;new;managed;tarcak;https://rt.i.masterinter.net/Ticket/Display.html?id=806953;"6283";;2026-06-03 14:36:56.000;1;0;0;0;0;4.0000
794951;Update infra;open;support;chudy;https://rt.i.masterinter.net/Ticket/Display.html?id=794951;"6083";;2026-06-03 14:37:01.000;1;0;0;0;0;0.0000
811128;Premazanie emailovej schr·nky;resolved;support;landa;https://rt.i.masterinter.net/Ticket/Display.html?id=811128;"4039";"33619";2026-06-03 14:47:27.000;1;0;0;0;0;0.0000
810623;PROBLEM Service Alert:  d5303/check_isp_domains is CRITICAL ;resolved;support;landa;https://rt.i.masterinter.net/Ticket/Display.html?id=810623;"4033";"95807";2026-06-03 14:48:08.000;0;1;0;0;0;0.0000
811148;d8029-101.masterinter.net/check_isp_domains is CRITICAL;resolved;support;landa;https://rt.i.masterinter.net/Ticket/Display.html?id=811148;"7194";"71200";2026-06-03 14:50:02.000;0;1;0;0;0;0.0000
810639;Statut·rnÌ mÏsto Brno: Ve¯ejn· zak·zka: Platforma pro spr·vu AI agent˘ a automatizovan˝ch workflow;open;poptavky;jiri.sakac;https://rt.i.masterinter.net/Ticket/Display.html?id=810639;;;2026-06-03 15:11:15.000;0;1;0;0;0;4.0000
811489;[UCZ] Upgrade Ingress + obnova certifikatu;open;support;hrncir;https://rt.i.masterinter.net/Ticket/Display.html?id=811489;"5066";;2026-06-03 15:15:14.000;0;1;0;0;0;0.0000
811489;[UCZ] Upgrade Ingress + obnova certifikatu;open;support;hrncir;https://rt.i.masterinter.net/Ticket/Display.html?id=811489;"5066";;2026-06-03 15:19:59.000;0;1;0;0;0;0.0000
810639;Statut·rnÌ mÏsto Brno: Ve¯ejn· zak·zka: Platforma pro spr·vu AI agent˘ a automatizovan˝ch workflow;open;poptavky;hrncir;https://rt.i.masterinter.net/Ticket/Display.html?id=810639;;;2026-06-03 15:21:58.000;1;0;0;0;0;3.2500
794951;Update infra;open;support;chudy;https://rt.i.masterinter.net/Ticket/Display.html?id=794951;"6083";;2026-06-03 15:23:00.000;0;1;0;0;0;0.0000
811029;(admin.masterdc.com CID#8576) Aktivace ASP.NET Core 8 pro novou subdomÈnu;resolved;support;ulman;https://rt.i.masterinter.net/Ticket/Display.html?id=811029;"8576";"86709";2026-06-03 15:26:30.000;0;1;0;0;0;0.0000
811029;(admin.masterdc.com CID#8576) Aktivace ASP.NET Core 8 pro novou subdomÈnu;resolved;support;ulman;https://rt.i.masterinter.net/Ticket/Display.html?id=811029;"8576";"86709";2026-06-03 15:26:36.000;1;0;0;0;0;0.0000
811424;ZruöenÌ sluûby, ukonËena k datu 31.05.2026 z·kaznÌk #8968 - Fiala Jind¯ich;open;cancel;landa;https://rt.i.masterinter.net/Ticket/Display.html?id=811424;"8968";;2026-06-03 16:13:08.000;0;1;0;0;0;0.2500
810991;PROBLEM Service Alert:  d9750-vm1/check_iis is CRITICAL ;resolved;support;landa;https://rt.i.masterinter.net/Ticket/Display.html?id=810991;"7101";"91093";2026-06-03 16:20:23.000;1;0;0;0;0;0.0000
810990;PROBLEM Service Alert: cloud-1759.masterinter.net/check_isp_domains is CRITICAL;resolved;support;landa;https://rt.i.masterinter.net/Ticket/Display.html?id=810990;"8473";"86244";2026-06-03 16:20:59.000;1;0;0;0;0;0.0000
811428;ZruöenÌ sluûby, ukonËena k datu 31.05.2026 z·kaznÌk #4289 - Schwarzer Svatoslav  (ENVIPARTNER, s.r.o.);open;cancel;landa;https://rt.i.masterinter.net/Ticket/Display.html?id=811428;"4289";;2026-06-03 16:25:53.000;0;1;0;0;0;0.0000
811428;ZruöenÌ sluûby, ukonËena k datu 31.05.2026 z·kaznÌk #4289 - Schwarzer Svatoslav  (ENVIPARTNER, s.r.o.);open;cancel;landa;https://rt.i.masterinter.net/Ticket/Display.html?id=811428;"4289";;2026-06-03 16:26:02.000;0;0;1;0;0;0.2500
811518;(admin.masterdc.com CID#7247) Promaz·nÌ e-mailovÈ schr·nky - smolicek.com;resolved;support;landa;https://rt.i.masterinter.net/Ticket/Display.html?id=811518;"7247";"72162";2026-06-03 16:26:54.000;0;1;0;0;0;0.0000
811630;ZruöenÌ sluûby, ukonËena k datu 01.06.2026 z·kaznÌk #7414 - ZahradnÌk Tom·ö (Wereldo.com, s.r.o.);open;cancel;landa;https://rt.i.masterinter.net/Ticket/Display.html?id=811630;"7414";;2026-06-03 16:31:13.000;0;1;0;0;0;0.2500
811627;ZruöenÌ sluûby, ukonËena k datu 01.06.2026 z·kaznÌk #4225 - KrËm·¯ Milan (Net202 s.r.o.);open;cancel;landa;https://rt.i.masterinter.net/Ticket/Display.html?id=811627;"4225";;2026-06-03 16:34:20.000;0;1;0;0;0;0.2500
810632;Update managed Windows serveru - d563+VMs;resolved;windows;ulman;https://rt.i.masterinter.net/Ticket/Display.html?id=810632;"9333";;2026-06-03 17:59:21.000;0;1;0;0;0;0.0000
810630;Update managed Windows serveru - d4407, d8006+VM;resolved;windows;ulman;https://rt.i.masterinter.net/Ticket/Display.html?id=810630;"4703";;2026-06-03 17:59:57.000;1;0;0;0;0;1.0000
810630;Update managed Windows serveru - d4407, d8006+VM;resolved;windows;ulman;https://rt.i.masterinter.net/Ticket/Display.html?id=810630;"4703";;2026-06-03 18:00:11.000;0;1;0;0;0;0.0000
803611;(CID 4381) Bezplatn· moûnost aktualizace firmware dne 30.4.2026;open;rozesilky;landa;https://rt.i.masterinter.net/Ticket/Display.html?id=803611;"4381";;2026-06-03 18:52:29.000;0;1;0;0;0;0.0000
803611;(CID 4381) Bezplatn· moûnost aktualizace firmware dne 30.4.2026;open;rozesilky;landa;https://rt.i.masterinter.net/Ticket/Display.html?id=803611;"4381";;2026-06-03 18:52:42.000;0;0;1;0;0;0.5000
803675;(CID 4940) Bezplatn· moûnost aktualizace firmware dne 30.4.2026;open;rozesilky;landa;https://rt.i.masterinter.net/Ticket/Display.html?id=803675;"4940";;2026-06-03 18:53:08.000;0;1;0;0;0;0.5000
803616;(CID 7324) Bezplatn· moûnost aktualizace firmware dne 30.4.2026;open;rozesilky;landa;https://rt.i.masterinter.net/Ticket/Display.html?id=803616;"7324";;2026-06-03 18:53:36.000;0;1;0;0;0;0.5000
811871;PROBLEM Service Alert:  cloud-1649/nrpe_load is CRITICAL;resolved;support;landa;https://rt.i.masterinter.net/Ticket/Display.html?id=811871;"5066";"80868";2026-06-03 19:16:06.000;0;1;0;0;0;0.5000
811855;PROBLEM Service Alert:  mediaboard-haproxy/check_haproxy is CRITICAL;new;support;landa;https://rt.i.masterinter.net/Ticket/Display.html?id=811855;"6083";;2026-06-03 19:17:05.000;0;0;1;0;0;0.0000
810630;Update managed Windows serveru - d4407, d8006+VM;resolved;windows;ulman;https://rt.i.masterinter.net/Ticket/Display.html?id=810630;"4703";;2026-06-03 19:29:01.000;0;1;0;0;0;1.5000
739301;Obj. ID: 9938 Z·kaznÌk: #4491 - Valigura Jozef (IT futurity, s.r.o.);open;objednavky;uhlik;https://rt.i.masterinter.net/Ticket/Display.html?id=739301;"4491";;2026-06-03 19:30:49.000;0;1;0;0;0;0.0000
808634;(admin.masterdc.com CID#8611) Pravideln· aktualizace OS;resolved;support;blazek;https://rt.i.masterinter.net/Ticket/Display.html?id=808634;"8611";;2026-06-03 20:01:14.000;0;1;0;0;0;0.0000
809757;Windows server update managed GCP - PRG2/PRG3/BER/MUC/FRA/VIE/BUD;open;windows;antonin.homola;https://rt.i.masterinter.net/Ticket/Display.html?id=809757;"7988";;2026-06-03 20:05:08.000;1;0;0;0;0;0.2500
809757;Windows server update managed GCP - PRG2/PRG3/BER/MUC/FRA/VIE/BUD;open;windows;antonin.homola;https://rt.i.masterinter.net/Ticket/Display.html?id=809757;"6128";;2026-06-03 20:05:08.000;1;0;0;0;0;0.2500
810915;[Aures] Upgrade TEST/DEV24;open;EPIC;hrncir;https://rt.i.masterinter.net/Ticket/Display.html?id=810915;"7245";;2026-06-03 20:07:47.000;0;1;0;0;0;0.0000
811880;⁄tok na 80.79.28.37 [tracking];resolved;support;zidek;https://rt.i.masterinter.net/Ticket/Display.html?id=811880;"3795";;2026-06-03 20:12:29.000;0;0;1;0;0;0.0000
811880;⁄tok na 80.79.28.37 [tracking];resolved;support;zidek;https://rt.i.masterinter.net/Ticket/Display.html?id=811880;"5236";;2026-06-03 20:12:29.000;0;0;1;0;0;0.0000
811880;⁄tok na 80.79.28.37 [tracking];resolved;support;zidek;https://rt.i.masterinter.net/Ticket/Display.html?id=811880;"3795";;2026-06-03 20:17:14.000;1;0;0;0;0;0.2500
811880;⁄tok na 80.79.28.37 [tracking];resolved;support;zidek;https://rt.i.masterinter.net/Ticket/Display.html?id=811880;"5236";;2026-06-03 20:17:14.000;1;0;0;0;0;0.2500
811884;Mikro v˝padky nap¯ÌË sluûbami;resolved;support;landa;https://rt.i.masterinter.net/Ticket/Display.html?id=811884;"6790";;2026-06-03 20:30:49.000;0;1;0;0;0;0.0000
811886;(admin.masterdc.com CID#4724) ProblÈmy s dostupnostÌ server˘;resolved;support;landa;https://rt.i.masterinter.net/Ticket/Display.html?id=811886;"4724";;2026-06-03 20:31:48.000;0;1;0;0;0;0.0000
811887;(admin.masterdc.com CID#6325) Pad webov;resolved;support;landa;https://rt.i.masterinter.net/Ticket/Display.html?id=811887;"6325";"78566";2026-06-03 20:32:19.000;0;1;0;0;0;0.0000
808634;(admin.masterdc.com CID#8611) Pravideln· aktualizace OS;resolved;support;blazek;https://rt.i.masterinter.net/Ticket/Display.html?id=808634;"8611";;2026-06-03 20:34:42.000;0;1;0;0;0;0.0000
811880;⁄tok na 80.79.28.37 [tracking];resolved;support;zidek;https://rt.i.masterinter.net/Ticket/Display.html?id=811880;"3795";;2026-06-03 20:34:43.000;1;0;0;0;0;0.5000
811880;⁄tok na 80.79.28.37 [tracking];resolved;support;zidek;https://rt.i.masterinter.net/Ticket/Display.html?id=811880;"5236";;2026-06-03 20:34:43.000;1;0;0;0;0;0.5000
810976;Update managed Windows d9756, d9756-FileStore;resolved;windows;ulman;https://rt.i.masterinter.net/Ticket/Display.html?id=810976;"6480";;2026-06-03 20:44:16.000;0;1;0;0;0;1.5000
810632;Update managed Windows serveru - d563+VMs;resolved;windows;ulman;https://rt.i.masterinter.net/Ticket/Display.html?id=810632;"9333";;2026-06-03 20:44:54.000;0;1;0;0;0;2.0000
810629;Update managed Windows d8028, d8028-vm1;resolved;windows;ulman;https://rt.i.masterinter.net/Ticket/Display.html?id=810629;"8576";;2026-06-03 20:46:21.000;0;1;0;0;0;0.0000
808634;(admin.masterdc.com CID#8611) Pravideln· aktualizace OS;resolved;support;blazek;https://rt.i.masterinter.net/Ticket/Display.html?id=808634;"8611";;2026-06-03 20:47:00.000;0;1;0;0;0;0.0000
808634;(admin.masterdc.com CID#8611) Pravideln· aktualizace OS;resolved;support;blazek;https://rt.i.masterinter.net/Ticket/Display.html?id=808634;"8611";;2026-06-03 20:52:01.000;0;1;0;0;0;0.0000
809757;Windows server update managed GCP - PRG2/PRG3/BER/MUC/FRA/VIE/BUD;open;windows;antonin.homola;https://rt.i.masterinter.net/Ticket/Display.html?id=809757;"7988";;2026-06-03 20:56:34.000;1;0;0;0;0;1.0000
809757;Windows server update managed GCP - PRG2/PRG3/BER/MUC/FRA/VIE/BUD;open;windows;antonin.homola;https://rt.i.masterinter.net/Ticket/Display.html?id=809757;"6128";;2026-06-03 20:56:34.000;1;0;0;0;0;1.0000
809757;Windows server update managed GCP - PRG2/PRG3/BER/MUC/FRA/VIE/BUD;open;windows;antonin.homola;https://rt.i.masterinter.net/Ticket/Display.html?id=809757;"7988";;2026-06-03 20:58:26.000;0;1;0;0;0;0.0000
809757;Windows server update managed GCP - PRG2/PRG3/BER/MUC/FRA/VIE/BUD;open;windows;antonin.homola;https://rt.i.masterinter.net/Ticket/Display.html?id=809757;"6128";;2026-06-03 20:58:26.000;0;1;0;0;0;0.0000
811880;⁄tok na 80.79.28.37 [tracking];resolved;support;zidek;https://rt.i.masterinter.net/Ticket/Display.html?id=811880;"3795";;2026-06-03 21:02:03.000;0;0;1;0;0;0.0000
811880;⁄tok na 80.79.28.37 [tracking];resolved;support;zidek;https://rt.i.masterinter.net/Ticket/Display.html?id=811880;"5236";;2026-06-03 21:02:03.000;0;0;1;0;0;0.0000
811880;⁄tok na 80.79.28.37 [tracking];resolved;support;zidek;https://rt.i.masterinter.net/Ticket/Display.html?id=811880;"3795";;2026-06-03 21:02:45.000;1;0;0;0;0;0.0000
811880;⁄tok na 80.79.28.37 [tracking];resolved;support;zidek;https://rt.i.masterinter.net/Ticket/Display.html?id=811880;"5236";;2026-06-03 21:02:45.000;1;0;0;0;0;0.0000
808634;(admin.masterdc.com CID#8611) Pravideln· aktualizace OS;resolved;support;blazek;https://rt.i.masterinter.net/Ticket/Display.html?id=808634;"8611";;2026-06-03 21:04:50.000;0;1;0;0;0;0.0000
809349;(admin.masterdc.com CID#8087) é·dost o anal˝zu zpomalenÌ MySQL serveru ó 12. 5. a 11. 5. 2026;open;support;hrncir;https://rt.i.masterinter.net/Ticket/Display.html?id=809349;"8087";"92001";2026-06-03 21:06:27.000;0;1;0;0;0;0.0000
811884;Mikro v˝padky nap¯ÌË sluûbami;resolved;support;landa;https://rt.i.masterinter.net/Ticket/Display.html?id=811884;"6790";;2026-06-03 21:09:45.000;0;1;0;0;0;0.0000
811886;(admin.masterdc.com CID#4724) ProblÈmy s dostupnostÌ server˘;resolved;support;landa;https://rt.i.masterinter.net/Ticket/Display.html?id=811886;"4724";;2026-06-03 21:10:23.000;0;1;0;0;0;0.0000
811887;(admin.masterdc.com CID#6325) Pad webov;resolved;support;landa;https://rt.i.masterinter.net/Ticket/Display.html?id=811887;"6325";"78566";2026-06-03 21:10:45.000;0;1;0;0;0;0.0000
811895;Timeouty na haproxy napriec projektami;resolved;support;landa;https://rt.i.masterinter.net/Ticket/Display.html?id=811895;"4381";;2026-06-03 21:11:22.000;0;1;0;0;0;0.0000
808634;(admin.masterdc.com CID#8611) Pravideln· aktualizace OS;resolved;support;blazek;https://rt.i.masterinter.net/Ticket/Display.html?id=808634;"8611";;2026-06-03 21:11:35.000;0;1;0;0;0;0.0000
811896;V˝padky serveru;resolved;support;landa;https://rt.i.masterinter.net/Ticket/Display.html?id=811896;"3088";;2026-06-03 21:11:45.000;0;1;0;0;0;0.0000
808634;(admin.masterdc.com CID#8611) Pravideln· aktualizace OS;resolved;support;blazek;https://rt.i.masterinter.net/Ticket/Display.html?id=808634;"8611";;2026-06-03 21:22:14.000;0;1;0;0;0;0.0000
809764;Update managed Windows serveru - vm534;resolved;windows;antonin.homola;https://rt.i.masterinter.net/Ticket/Display.html?id=809764;"4551";;2026-06-03 21:26:08.000;0;1;0;0;0;1.0000
811885;Re: ** PROBLEM Service Alert:  cloud-1964/mysql-max-connections is UNKNOWN (1) **;open;support;landa;https://rt.i.masterinter.net/Ticket/Display.html?id=811885;"4039";;2026-06-03 21:28:04.000;0;1;0;0;0;0.0000
809349;(admin.masterdc.com CID#8087) é·dost o anal˝zu zpomalenÌ MySQL serveru ó 12. 5. a 11. 5. 2026;open;support;hrncir;https://rt.i.masterinter.net/Ticket/Display.html?id=809349;"8087";"92001";2026-06-03 21:32:14.000;0;1;0;0;0;0.0000
809349;(admin.masterdc.com CID#8087) é·dost o anal˝zu zpomalenÌ MySQL serveru ó 12. 5. a 11. 5. 2026;open;support;hrncir;https://rt.i.masterinter.net/Ticket/Display.html?id=809349;"8087";"92001";2026-06-03 21:37:44.000;0;1;0;0;0;0.0000
809349;(admin.masterdc.com CID#8087) é·dost o anal˝zu zpomalenÌ MySQL serveru ó 12. 5. a 11. 5. 2026;open;support;hrncir;https://rt.i.masterinter.net/Ticket/Display.html?id=809349;"8087";"92001";2026-06-03 22:03:32.000;0;1;0;0;0;0.0000
809349;(admin.masterdc.com CID#8087) é·dost o anal˝zu zpomalenÌ MySQL serveru ó 12. 5. a 11. 5. 2026;open;support;hrncir;https://rt.i.masterinter.net/Ticket/Display.html?id=809349;"8087";"92001";2026-06-03 22:44:10.000;0;1;0;0;0;0.0000
809349;(admin.masterdc.com CID#8087) é·dost o anal˝zu zpomalenÌ MySQL serveru ó 12. 5. a 11. 5. 2026;open;support;hrncir;https://rt.i.masterinter.net/Ticket/Display.html?id=809349;"8087";"92001";2026-06-03 23:04:25.000;0;1;0;0;0;0.0000
811899;PROBLEM Service Alert:  d415/check_http_content_CRON is CRITICAL;resolved;support;landa;https://rt.i.masterinter.net/Ticket/Display.html?id=811899;"4067";"81132";2026-06-03 23:11:46.000;0;1;0;0;0;0.2500
809349;(admin.masterdc.com CID#8087) é·dost o anal˝zu zpomalenÌ MySQL serveru ó 12. 5. a 11. 5. 2026;open;support;hrncir;https://rt.i.masterinter.net/Ticket/Display.html?id=809349;"8087";"92001";2026-06-03 23:28:12.000;0;1;0;0;0;0.0000
809349;(admin.masterdc.com CID#8087) é·dost o anal˝zu zpomalenÌ MySQL serveru ó 12. 5. a 11. 5. 2026;open;support;hrncir;https://rt.i.masterinter.net/Ticket/Display.html?id=809349;"8087";"92001";2026-06-03 23:40:45.000;0;1;0;0;0;0.0000
809349;(admin.masterdc.com CID#8087) é·dost o anal˝zu zpomalenÌ MySQL serveru ó 12. 5. a 11. 5. 2026;open;support;hrncir;https://rt.i.masterinter.net/Ticket/Display.html?id=809349;"8087";"92001";2026-06-03 23:49:29.000;0;1;0;0;0;0.0000
809349;(admin.masterdc.com CID#8087) é·dost o anal˝zu zpomalenÌ MySQL serveru ó 12. 5. a 11. 5. 2026;open;support;hrncir;https://rt.i.masterinter.net/Ticket/Display.html?id=809349;"8087";"92001";2026-06-04 00:05:57.000;0;0;1;0;0;0.0000
809349;(admin.masterdc.com CID#8087) é·dost o anal˝zu zpomalenÌ MySQL serveru ó 12. 5. a 11. 5. 2026;open;support;hrncir;https://rt.i.masterinter.net/Ticket/Display.html?id=809349;"8087";"92001";2026-06-04 00:06:07.000;0;0;1;0;0;0.0000
809349;(admin.masterdc.com CID#8087) é·dost o anal˝zu zpomalenÌ MySQL serveru ó 12. 5. a 11. 5. 2026;open;support;hrncir;https://rt.i.masterinter.net/Ticket/Display.html?id=809349;"8087";"92001";2026-06-04 00:06:08.000;0;1;0;0;0;3.0000
809349;(admin.masterdc.com CID#8087) é·dost o anal˝zu zpomalenÌ MySQL serveru ó 12. 5. a 11. 5. 2026;open;support;hrncir;https://rt.i.masterinter.net/Ticket/Display.html?id=809349;"8087";"92001";2026-06-04 00:08:46.000;0;0;1;0;0;0.0000
810915;[Aures] Upgrade TEST/DEV24;open;EPIC;hrncir;https://rt.i.masterinter.net/Ticket/Display.html?id=810915;"7245";;2026-06-04 00:45:05.000;0;1;0;0;0;2.5000
811908;[Failed] vm1 - Backup Job vm1 - Thursday, 04 June 2026 04:53:27;resolved;support;ulman;https://rt.i.masterinter.net/Ticket/Display.html?id=811908;;;2026-06-04 03:03:36.000;0;0;1;0;0;0.0000
809673;Update managed Windows d9732, d9708, d9750;open;windows;ulman;https://rt.i.masterinter.net/Ticket/Display.html?id=809673;"7101";;2026-06-04 03:12:41.000;1;0;0;0;0;0.0000
809673;Update managed Windows d9732, d9708, d9750;open;windows;ulman;https://rt.i.masterinter.net/Ticket/Display.html?id=809673;"7101";;2026-06-04 03:26:39.000;0;1;0;0;0;0.2500
810629;Update managed Windows d8028, d8028-vm1;resolved;windows;ulman;https://rt.i.masterinter.net/Ticket/Display.html?id=810629;"8576";;2026-06-04 03:49:22.000;0;1;0;0;0;1.0000
811906;Zalohovaci prostor zaplnen z 99% u vds769;resolved;support;ulman;https://rt.i.masterinter.net/Ticket/Display.html?id=811906;"5810";;2026-06-04 03:53:48.000;0;0;1;0;0;0.0000
811908;[Failed] vm1 - Backup Job vm1 - Thursday, 04 June 2026 04:53:27;resolved;support;ulman;https://rt.i.masterinter.net/Ticket/Display.html?id=811908;;;2026-06-04 04:00:35.000;1;0;0;0;0;0.1667
811908;[Failed] vm1 - Backup Job vm1 - Thursday, 04 June 2026 04:53:27;resolved;support;ulman;https://rt.i.masterinter.net/Ticket/Display.html?id=811908;;;2026-06-04 04:01:07.000;1;0;0;0;0;0.0000
811050;(admin.masterdc.com CID#9415) CBB-T-COM-01 ñ poûadavek na ISO pro repair / in-place upgrade;resolved;support;ulman;https://rt.i.masterinter.net/Ticket/Display.html?id=811050;"9415";;2026-06-04 04:03:23.000;0;1;0;0;0;0.0000
811147;(admin.masterdc.com CID#7226) Defender na serveru 1372;resolved;support;ulman;https://rt.i.masterinter.net/Ticket/Display.html?id=811147;"7226";"71825";2026-06-04 04:05:14.000;0;1;0;0;0;0.0000
811883;[FIRING:2]  (NOC SNMP);resolved;noc;zidek;https://rt.i.masterinter.net/Ticket/Display.html?id=811883;;;2026-06-04 04:11:15.000;1;0;0;0;0;0.0000
811878;MAI Alert System: BGP flap core sÌtÏ lo1.cr5.r3-1-4.dc3.cejl.brq.masterinter.net;resolved;noc;zidek;https://rt.i.masterinter.net/Ticket/Display.html?id=811878;;;2026-06-04 04:12:06.000;1;0;0;0;0;0.0000
811882;** PROBLEM Host Alert: sl819s.r2-1-15.dc2.cejl.brq_deufol_bgp2 is DOWN (1) **;resolved;noc;zidek;https://rt.i.masterinter.net/Ticket/Display.html?id=811882;;;2026-06-04 04:12:49.000;1;0;0;0;0;0.0000
811875;DDD Alert on col3.i.masterinter.net: 2026-06-03 21:50:42 - mai_net (1253) - Detected ;resolved;noc;zidek;https://rt.i.masterinter.net/Ticket/Display.html?id=811875;;;2026-06-04 04:13:27.000;1;0;0;0;0;0.0000
811906;Zalohovaci prostor zaplnen z 99% u vds769;resolved;support;ulman;https://rt.i.masterinter.net/Ticket/Display.html?id=811906;"5810";;2026-06-04 04:19:43.000;0;0;1;0;0;0.0000
811906;Zalohovaci prostor zaplnen z 99% u vds769;resolved;support;ulman;https://rt.i.masterinter.net/Ticket/Display.html?id=811906;"5810";;2026-06-04 04:25:59.000;1;0;0;0;0;0.0000
811891;[Failed] CSQL - Backup Job CSQL-d9801 - Wednesday, 03 June 2026 22:30:27;resolved;support;ulman;https://rt.i.masterinter.net/Ticket/Display.html?id=811891;;;2026-06-04 04:28:31.000;0;0;1;0;0;0.0000
811891;[Failed] CSQL - Backup Job CSQL-d9801 - Wednesday, 03 June 2026 22:30:27;resolved;support;ulman;https://rt.i.masterinter.net/Ticket/Display.html?id=811891;;;2026-06-04 04:32:26.000;1;0;0;0;0;0.1667
811891;[Failed] CSQL - Backup Job CSQL-d9801 - Wednesday, 03 June 2026 22:30:27;resolved;support;ulman;https://rt.i.masterinter.net/Ticket/Display.html?id=811891;;;2026-06-04 04:32:39.000;1;0;0;0;0;0.0167
811915;ProblÈmy riorey s rr2 po ˙toku 3.6.2026 [tracking] RRCASE-3965 [riorey];resolved;support;zidek;https://rt.i.masterinter.net/Ticket/Display.html?id=811915;;;2026-06-04 04:33:52.000;1;0;0;0;0;0.3333
811912;[Warning] veeam - Job veeam - Thursday, 04 June 2026 06:06:39;resolved;support;ulman;https://rt.i.masterinter.net/Ticket/Display.html?id=811912;;;2026-06-04 04:34:07.000;0;0;1;0;0;0.0000
811937;[Warning] veeam-backup1 - Job veeam-backup1 - Thursday, 04 June 2026 06:33:36;resolved;support;ulman;https://rt.i.masterinter.net/Ticket/Display.html?id=811937;;;2026-06-04 04:34:47.000;0;0;1;0;0;0.0000
811884;Mikro v˝padky nap¯ÌË sluûbami;resolved;support;zidek;https://rt.i.masterinter.net/Ticket/Display.html?id=811884;"6790";;2026-06-04 04:35:23.000;0;0;1;0;0;0.0000
811884;Mikro v˝padky nap¯ÌË sluûbami;resolved;support;zidek;https://rt.i.masterinter.net/Ticket/Display.html?id=811884;"6790";;2026-06-04 04:36:18.000;0;1;0;0;0;0.0333
811886;(admin.masterdc.com CID#4724) ProblÈmy s dostupnostÌ server˘;resolved;support;zidek;https://rt.i.masterinter.net/Ticket/Display.html?id=811886;"4724";;2026-06-04 04:36:39.000;0;0;1;0;0;0.0000
811886;(admin.masterdc.com CID#4724) ProblÈmy s dostupnostÌ server˘;resolved;support;zidek;https://rt.i.masterinter.net/Ticket/Display.html?id=811886;"4724";;2026-06-04 04:36:48.000;0;1;0;0;0;0.0333
811887;(admin.masterdc.com CID#6325) Pad webov;resolved;support;zidek;https://rt.i.masterinter.net/Ticket/Display.html?id=811887;"6325";"78566";2026-06-04 04:37:14.000;0;1;0;0;0;0.0333
811937;[Warning] veeam-backup1 - Job veeam-backup1 - Thursday, 04 June 2026 06:33:36;resolved;support;ulman;https://rt.i.masterinter.net/Ticket/Display.html?id=811937;;;2026-06-04 04:37:29.000;1;0;0;0;0;0.0000
811912;[Warning] veeam - Job veeam - Thursday, 04 June 2026 06:06:39;resolved;support;ulman;https://rt.i.masterinter.net/Ticket/Display.html?id=811912;;;2026-06-04 04:38:09.000;1;0;0;0;0;0.0000
811937;[Warning] veeam-backup1 - Job veeam-backup1 - Thursday, 04 June 2026 06:33:36;resolved;support;ulman;https://rt.i.masterinter.net/Ticket/Display.html?id=811937;;;2026-06-04 04:38:24.000;1;0;0;0;0;0.0000
811887;(admin.masterdc.com CID#6325) Pad webov;resolved;support;zidek;https://rt.i.masterinter.net/Ticket/Display.html?id=811887;"6325";"78566";2026-06-04 04:39:03.000;0;0;1;0;0;0.0000
811896;V˝padky serveru;resolved;support;zidek;https://rt.i.masterinter.net/Ticket/Display.html?id=811896;"3088";;2026-06-04 04:39:51.000;0;1;0;0;0;0.0333
811896;V˝padky serveru;resolved;support;zidek;https://rt.i.masterinter.net/Ticket/Display.html?id=811896;"3088";;2026-06-04 04:39:56.000;0;0;1;0;0;0.0000
811895;Timeouty na haproxy napriec projektami;resolved;support;zidek;https://rt.i.masterinter.net/Ticket/Display.html?id=811895;"4381";;2026-06-04 04:40:42.000;0;0;1;0;0;0.0000
811895;Timeouty na haproxy napriec projektami;resolved;support;zidek;https://rt.i.masterinter.net/Ticket/Display.html?id=811895;"4381";;2026-06-04 04:40:43.000;0;1;0;0;0;0.0333
811951;MAI Alert System: eBGP flap fabric ss100 dc4 Brno lo1.sl105s.r3-1-8.dc3.cejl.brq.masterinter.net;resolved;noc;zidek;https://rt.i.masterinter.net/Ticket/Display.html?id=811951;;;2026-06-04 04:42:33.000;1;0;0;0;0;0.0000
811957;Oprava + p¯id·nÌ dashboard˘ riorey v GrafanÏ;resolved;support;zidek;https://rt.i.masterinter.net/Ticket/Display.html?id=811957;;;2026-06-04 05:12:12.000;0;0;1;0;0;0.0000
811957;Oprava + p¯id·nÌ dashboard˘ riorey v GrafanÏ;resolved;support;zidek;https://rt.i.masterinter.net/Ticket/Display.html?id=811957;;;2026-06-04 05:12:58.000;1;0;0;0;0;0.2500
811957;Oprava + p¯id·nÌ dashboard˘ riorey v GrafanÏ;resolved;support;belousov;https://rt.i.masterinter.net/Ticket/Display.html?id=811957;;;2026-06-04 06:07:07.000;0;1;0;0;0;0.0000
811147;(admin.masterdc.com CID#7226) Defender na serveru 1372;resolved;support;ulman;https://rt.i.masterinter.net/Ticket/Display.html?id=811147;"7226";"71825";2026-06-04 06:10:02.000;0;1;0;0;0;0.0000
811880;⁄tok na 80.79.28.37 [tracking];resolved;support;zidek;https://rt.i.masterinter.net/Ticket/Display.html?id=811880;"3795";;2026-06-04 06:18:14.000;0;1;0;0;0;0.0000
811880;⁄tok na 80.79.28.37 [tracking];resolved;support;zidek;https://rt.i.masterinter.net/Ticket/Display.html?id=811880;"5236";;2026-06-04 06:18:14.000;0;1;0;0;0;0.0000
811958;(admin.masterdc.com CID#8720) Pravidelnost z·lohov·nÌ;open;support;blazek;https://rt.i.masterinter.net/Ticket/Display.html?id=811958;"8720";;2026-06-04 06:18:21.000;0;0;1;0;0;0.0000
811900;PROBLEM Service Alert:  d1264 - managed/check_isp_domains is CRITICAL;open;support;jarmara;https://rt.i.masterinter.net/Ticket/Display.html?id=811900;"2522";;2026-06-04 06:18:38.000;0;0;1;0;0;0.0000
811880;⁄tok na 80.79.28.37 [tracking];resolved;support;zidek;https://rt.i.masterinter.net/Ticket/Display.html?id=811880;"3795";;2026-06-04 06:18:57.000;0;0;1;0;0;0.0000
811880;⁄tok na 80.79.28.37 [tracking];resolved;support;zidek;https://rt.i.masterinter.net/Ticket/Display.html?id=811880;"5236";;2026-06-04 06:18:57.000;0;0;1;0;0;0.0000
811880;⁄tok na 80.79.28.37 [tracking];resolved;support;zidek;https://rt.i.masterinter.net/Ticket/Display.html?id=811880;"3795";;2026-06-04 06:19:02.000;0;0;1;0;0;0.0000
811880;⁄tok na 80.79.28.37 [tracking];resolved;support;zidek;https://rt.i.masterinter.net/Ticket/Display.html?id=811880;"5236";;2026-06-04 06:19:02.000;0;0;1;0;0;0.0000
811880;⁄tok na 80.79.28.37 [tracking];resolved;support;zidek;https://rt.i.masterinter.net/Ticket/Display.html?id=811880;"3795";;2026-06-04 06:19:43.000;1;0;0;0;0;0.0833
811880;⁄tok na 80.79.28.37 [tracking];resolved;support;zidek;https://rt.i.masterinter.net/Ticket/Display.html?id=811880;"5236";;2026-06-04 06:19:43.000;1;0;0;0;0;0.0833
811958;(admin.masterdc.com CID#8720) Pravidelnost z·lohov·nÌ;open;support;blazek;https://rt.i.masterinter.net/Ticket/Display.html?id=811958;"8720";;2026-06-04 06:21:38.000;0;1;0;0;0;0.0000
811050;(admin.masterdc.com CID#9415) CBB-T-COM-01 ñ poûadavek na ISO pro repair / in-place upgrade;resolved;support;ulman;https://rt.i.masterinter.net/Ticket/Display.html?id=811050;"9415";;2026-06-04 06:24:56.000;0;1;0;0;0;0.0000
811885;Re: ** PROBLEM Service Alert:  cloud-1964/mysql-max-connections is UNKNOWN (1) **;open;support;jarmara;https://rt.i.masterinter.net/Ticket/Display.html?id=811885;"4039";;2026-06-04 06:25:04.000;0;0;1;0;0;0.0000
811050;(admin.masterdc.com CID#9415) CBB-T-COM-01 ñ poûadavek na ISO pro repair / in-place upgrade;resolved;support;ulman;https://rt.i.masterinter.net/Ticket/Display.html?id=811050;"9415";;2026-06-04 06:25:05.000;1;0;0;0;0;0.0000
811147;(admin.masterdc.com CID#7226) Defender na serveru 1372;resolved;support;ulman;https://rt.i.masterinter.net/Ticket/Display.html?id=811147;"7226";"71825";2026-06-04 06:25:25.000;1;0;0;0;0;0.0000
811871;PROBLEM Service Alert:  cloud-1649/nrpe_load is CRITICAL;resolved;support;jarmara;https://rt.i.masterinter.net/Ticket/Display.html?id=811871;"5066";"80868";2026-06-04 06:26:07.000;0;0;1;0;0;0.0000
811899;PROBLEM Service Alert:  d415/check_http_content_CRON is CRITICAL;resolved;support;jarmara;https://rt.i.masterinter.net/Ticket/Display.html?id=811899;"4067";"81132";2026-06-04 06:27:03.000;0;0;1;0;0;0.0000
811964;update pohoda;resolved;windows;ulman;https://rt.i.masterinter.net/Ticket/Display.html?id=811964;;;2026-06-04 06:32:50.000;1;0;0;0;0;0.0000
811912;[Warning] veeam - Job veeam - Thursday, 04 June 2026 06:06:39;resolved;support;ulman;https://rt.i.masterinter.net/Ticket/Display.html?id=811912;;;2026-06-04 06:33:58.000;1;0;0;0;0;0.0833
811937;[Warning] veeam-backup1 - Job veeam-backup1 - Thursday, 04 June 2026 06:33:36;resolved;support;ulman;https://rt.i.masterinter.net/Ticket/Display.html?id=811937;;;2026-06-04 06:34:23.000;1;0;0;0;0;0.0833
811963;(admin.masterdc.com CID#4067) pr·va na sloûku apache - Urgent produkce;open;support;jarmara;https://rt.i.masterinter.net/Ticket/Display.html?id=811963;"4067";"81132";2026-06-04 06:35:59.000;0;0;1;0;0;0.0000
811963;(admin.masterdc.com CID#4067) pr·va na sloûku apache - Urgent produkce;open;support;jarmara;https://rt.i.masterinter.net/Ticket/Display.html?id=811963;"4067";"81132";2026-06-04 06:36:00.000;0;1;0;0;0;0.0000
811886;(admin.masterdc.com CID#4724) ProblÈmy s dostupnostÌ server˘;resolved;support;zidek;https://rt.i.masterinter.net/Ticket/Display.html?id=811886;"4724";;2026-06-04 06:36:11.000;0;1;0;0;0;0.0333
811961;d51-101 - domena peterlegwood.cz;resolved;support;maska;https://rt.i.masterinter.net/Ticket/Display.html?id=811961;"5641";"69572";2026-06-04 06:36:39.000;0;0;1;0;0;0.0000
810435;Azure OpenAI ó integrace pro automatickÈ zpracov·nÌ faktur v M-Files;open;support;ulman;https://rt.i.masterinter.net/Ticket/Display.html?id=810435;;;2026-06-04 06:37:10.000;1;0;0;0;0;1.5000
811899;PROBLEM Service Alert:  d415/check_http_content_CRON is CRITICAL;resolved;support;landa;https://rt.i.masterinter.net/Ticket/Display.html?id=811899;"4067";"81132";2026-06-04 06:38:11.000;0;1;0;0;0;0.0000
809745;(admin.masterdc.com CID#9425) Hodnoty limit˘ CPU a MEM do manifest˘ PROD pod˘ aplikaËnÌch server˘ a DB;open;support;belousov;https://rt.i.masterinter.net/Ticket/Display.html?id=809745;"9425";"116715";2026-06-04 06:38:17.000;0;1;0;0;0;0.0000
811961;d51-101 - domena peterlegwood.cz;resolved;support;maska;https://rt.i.masterinter.net/Ticket/Display.html?id=811961;"5641";"69572";2026-06-04 06:38:48.000;0;0;1;0;0;0.0000
811856;(admin.masterdc.com CID#5066) Nefunkcni smerovani top-test.cz na acc1;open;support;belousov;https://rt.i.masterinter.net/Ticket/Display.html?id=811856;"5066";;2026-06-04 06:38:53.000;0;0;1;0;0;0.0000
811955;PROBLEM Service Alert:  cloud-1607/nrpe_disk is CRITICAL;resolved;support;landa;https://rt.i.masterinter.net/Ticket/Display.html?id=811955;"7814";"79503";2026-06-04 06:44:12.000;0;0;1;0;0;0.0000
811856;(admin.masterdc.com CID#5066) Nefunkcni smerovani top-test.cz na acc1;open;support;belousov;https://rt.i.masterinter.net/Ticket/Display.html?id=811856;"5066";;2026-06-04 06:49:17.000;0;1;0;0;0;0.0000
811063;(admin.masterdc.com CID#9665)) StackWatch Deployment;open;support;vaclav.rozsypalek;https://rt.i.masterinter.net/Ticket/Display.html?id=811063;"9665";;2026-06-04 06:50:09.000;0;1;0;0;0;0.0000
811961;d51-101 - domena peterlegwood.cz;resolved;support;maska;https://rt.i.masterinter.net/Ticket/Display.html?id=811961;"5641";"69572";2026-06-04 06:58:31.000;0;1;0;0;0;0.3333
743099;[tracking] Pravideln· kontrola kopia z·loh;open;support;blazek;https://rt.i.masterinter.net/Ticket/Display.html?id=743099;;;2026-06-04 07:05:31.000;1;0;0;0;0;0.0833
808634;(admin.masterdc.com CID#8611) Pravideln· aktualizace OS;resolved;support;blazek;https://rt.i.masterinter.net/Ticket/Display.html?id=808634;"8611";;2026-06-04 07:06:05.000;0;0;1;0;0;1.5000
811975;DDD Alert on col3.i.masterinter.net: 2026-06-04 09:04:03 - mai_net_ipv6 (1253) - Detected ;resolved;noc;zidek;https://rt.i.masterinter.net/Ticket/Display.html?id=811975;;;2026-06-04 07:06:48.000;1;0;0;0;0;0.0000
811914;cloud-1294.masterinter.net: LE renewal FAIL;resolved;letsencrypt;jarmara;https://rt.i.masterinter.net/Ticket/Display.html?id=811914;;;2026-06-04 07:08:20.000;0;0;1;0;0;0.0000
811858;(admin.masterdc.com CID#8446) Zruseni serveru;open;support;jarmara;https://rt.i.masterinter.net/Ticket/Display.html?id=811858;"8446";;2026-06-04 07:10:21.000;0;0;1;0;0;0.0000
811858;(admin.masterdc.com CID#8446) Zruseni serveru;open;support;jarmara;https://rt.i.masterinter.net/Ticket/Display.html?id=811858;"8446";;2026-06-04 07:10:22.000;0;1;0;0;0;0.0000
811969;Rohlik7989@GCP/check_win_uptime;new;support;antonin.homola;https://rt.i.masterinter.net/Ticket/Display.html?id=811969;"7989";;2026-06-04 07:11:32.000;0;0;1;0;0;0.0000
811969;Rohlik7989@GCP/check_win_uptime;new;support;antonin.homola;https://rt.i.masterinter.net/Ticket/Display.html?id=811969;"7989";;2026-06-04 07:12:31.000;1;0;0;0;0;0.0833
811966;cloud-1668/nrpe_disk is CRITICAL;resolved;support;jarmara;https://rt.i.masterinter.net/Ticket/Display.html?id=811966;"5066";;2026-06-04 07:14:06.000;0;0;1;0;0;0.0000
811955;PROBLEM Service Alert:  cloud-1607/nrpe_disk is CRITICAL;resolved;support;landa;https://rt.i.masterinter.net/Ticket/Display.html?id=811955;"7814";"79503";2026-06-04 07:16:50.000;0;1;0;0;0;0.2500
811906;Zalohovaci prostor zaplnen z 99% u vds769;resolved;support;schon;https://rt.i.masterinter.net/Ticket/Display.html?id=811906;"5810";;2026-06-04 07:18:56.000;0;0;1;0;0;0.0000
811981;Sluûby ËekajÌ na schv·lenÌ techu, Klient #8611 - »ernÌn Jan (3IT ˙spÏön˝ eshop s.r.o.);open;todo;blazek;https://rt.i.masterinter.net/Ticket/Display.html?id=811981;"8611";;2026-06-04 07:21:21.000;0;0;1;0;0;0.0000
811956;PROBLEM Service Alert:  cloud-1825/nrpe_disk is CRITICAL;new;support;jarmara;https://rt.i.masterinter.net/Ticket/Display.html?id=811956;"6790";;2026-06-04 07:22:07.000;0;0;1;0;0;0.0000
811959;d238-mail10 - mÌsto na disku;resolved;support;jarmara;https://rt.i.masterinter.net/Ticket/Display.html?id=811959;"6771";;2026-06-04 07:22:21.000;0;0;1;0;0;0.0000
811963;(admin.masterdc.com CID#4067) pr·va na sloûku apache - Urgent produkce;open;support;tomas.krupicka;https://rt.i.masterinter.net/Ticket/Display.html?id=811963;"4067";"81132";2026-06-04 07:27:37.000;0;1;0;0;0;0.3333
809764;Update managed Windows serveru - vm534;resolved;windows;antonin.homola;https://rt.i.masterinter.net/Ticket/Display.html?id=809764;"4551";;2026-06-04 07:32:46.000;0;1;0;0;0;0.0833
811980;d8006@WS22-PROD/check_win_uptime is CRITICAL;resolved;support;ulman;https://rt.i.masterinter.net/Ticket/Display.html?id=811980;"4703";;2026-06-04 07:46:59.000;1;0;0;0;0;0.0833
811980;d8006@WS22-PROD/check_win_uptime is CRITICAL;resolved;support;ulman;https://rt.i.masterinter.net/Ticket/Display.html?id=811980;"4703";;2026-06-04 07:47:12.000;0;0;1;0;0;0.0000
810629;Update managed Windows d8028, d8028-vm1;resolved;windows;ulman;https://rt.i.masterinter.net/Ticket/Display.html?id=810629;"8576";;2026-06-04 07:50:03.000;0;1;0;0;0;0.0000
810629;Update managed Windows d8028, d8028-vm1;resolved;windows;ulman;https://rt.i.masterinter.net/Ticket/Display.html?id=810629;"8576";;2026-06-04 07:50:19.000;1;0;0;0;0;0.0000
811906;Zalohovaci prostor zaplnen z 99% u vds769;resolved;support;schon;https://rt.i.masterinter.net/Ticket/Display.html?id=811906;"5810";;2026-06-04 07:54:54.000;0;0;1;0;0;0.0000
811906;Zalohovaci prostor zaplnen z 99% u vds769;resolved;support;schon;https://rt.i.masterinter.net/Ticket/Display.html?id=811906;"5810";;2026-06-04 07:57:50.000;0;1;0;0;0;0.2500
812017;(admin.masterdc.com CID#8864) Z¯ÌzenÌ novÈ sluûby;resolved;support;blazek;https://rt.i.masterinter.net/Ticket/Display.html?id=812017;"8864";;2026-06-04 07:59:51.000;0;0;1;0;0;0.0000
812022;RioRey management rweb/https-metrics is CRITICAL;resolved;support;belousov;https://rt.i.masterinter.net/Ticket/Display.html?id=812022;"7451";;2026-06-04 08:05:00.000;0;0;1;0;0;0.0000
812022;RioRey management rweb/https-metrics is CRITICAL;resolved;support;belousov;https://rt.i.masterinter.net/Ticket/Display.html?id=812022;"7451";;2026-06-04 08:09:40.000;1;0;0;0;0;0.2500
812017;(admin.masterdc.com CID#8864) Z¯ÌzenÌ novÈ sluûby;resolved;support;blazek;https://rt.i.masterinter.net/Ticket/Display.html?id=812017;"8864";;2026-06-04 08:09:59.000;1;0;0;0;0;0.0000
812017;(admin.masterdc.com CID#8864) Z¯ÌzenÌ novÈ sluûby;resolved;support;blazek;https://rt.i.masterinter.net/Ticket/Display.html?id=812017;"8864";;2026-06-04 08:12:03.000;0;1;0;0;0;0.0000
812026;Obj. ID: 10543 Z·kaznÌk: #8864 - Hunka Ji¯Ì (Jagu s.r.o.);resolved;objednavky;jarmara;https://rt.i.masterinter.net/Ticket/Display.html?id=812026;"8864";;2026-06-04 08:16:27.000;0;0;1;0;0;0.0000
812029;Sluûby ËekajÌ na schv·lenÌ techu, Klient #8864 - Hunka Ji¯Ì (Jagu s.r.o.);resolved;todo;jarmara;https://rt.i.masterinter.net/Ticket/Display.html?id=812029;"8864";;2026-06-04 08:16:58.000;0;0;1;0;0;0.0000
812025;d51-101.masterinter.net/check_isp_le_renewal is CRITICAL;new;support;jarmara;https://rt.i.masterinter.net/Ticket/Display.html?id=812025;"5641";;2026-06-04 08:17:13.000;0;0;1;0;0;0.0000
809089;(admin.masterdc.com CID#4033) d5303, d723 - aktualizace roundcube;open;support;ryska;https://rt.i.masterinter.net/Ticket/Display.html?id=809089;"4033";;2026-06-04 08:26:16.000;0;1;0;0;0;0.0000
812030;cloud 2245@Brno - mail.master.cz/check_emailquota is CRITICAL;resolved;support;ulman;https://rt.i.masterinter.net/Ticket/Display.html?id=812030;"7451";;2026-06-04 08:37:31.000;0;0;1;0;0;0.0000
808634;(admin.masterdc.com CID#8611) Pravideln· aktualizace OS;resolved;support;blazek;https://rt.i.masterinter.net/Ticket/Display.html?id=808634;"8611";;2026-06-04 08:37:34.000;0;1;0;0;0;0.0000
811503;Obj. ID: 10540 Z·kaznÌk: #8611 - »ernÌn Jan (3IT ˙spÏön˝ eshop s.r.o.);resolved;objednavky;blazek;https://rt.i.masterinter.net/Ticket/Display.html?id=811503;"8611";;2026-06-04 08:39:30.000;0;0;1;0;0;0.2500
812030;cloud 2245@Brno - mail.master.cz/check_emailquota is CRITICAL;resolved;support;ulman;https://rt.i.masterinter.net/Ticket/Display.html?id=812030;"7451";;2026-06-04 08:41:58.000;0;1;0;0;0;0.1667
811531;mailove filtry v isp manageru;resolved;support;ryska;https://rt.i.masterinter.net/Ticket/Display.html?id=811531;"3308";;2026-06-04 08:43:33.000;0;1;0;0;0;0.0000
812037;Pl·novan· odst·vka DZC;resolved;support;ulman;https://rt.i.masterinter.net/Ticket/Display.html?id=812037;;;2026-06-04 08:44:06.000;0;0;1;0;0;0.0000
810630;Update managed Windows serveru - d4407, d8006+VM;resolved;windows;ulman;https://rt.i.masterinter.net/Ticket/Display.html?id=810630;"4703";;2026-06-04 08:47:33.000;0;1;0;0;0;0.0167
811267;(admin.masterdc.com CID#6516) Nov˝ openVPN profil pro PILOUS-PL;resolved;support;antonin.homola;https://rt.i.masterinter.net/Ticket/Display.html?id=811267;"6516";;2026-06-04 08:47:47.000;0;1;0;0;0;0.0333
811959;d238-mail10 - mÌsto na disku;resolved;support;uhlik;https://rt.i.masterinter.net/Ticket/Display.html?id=811959;"6771";;2026-06-04 08:50:15.000;0;0;1;0;0;0.0000
811246;RE: NastavenÌ novÈho roku;resolved;support;antonin.homola;https://rt.i.masterinter.net/Ticket/Display.html?id=811246;"4551";;2026-06-04 08:50:18.000;0;1;0;0;0;0.0833
811843;mail.estudio.cz: roundcube;resolved;support;ryska;https://rt.i.masterinter.net/Ticket/Display.html?id=811843;"2926";"116791";2026-06-04 08:51:38.000;0;0;1;0;0;0.5000
811959;d238-mail10 - mÌsto na disku;resolved;support;uhlik;https://rt.i.masterinter.net/Ticket/Display.html?id=811959;"6771";;2026-06-04 08:52:08.000;0;1;0;0;0;0.2500
811834;(admin.masterdc.com CID#6434) NapojenÌ cloud-1951 na logovacÌ server;resolved;support;belousov;https://rt.i.masterinter.net/Ticket/Display.html?id=811834;"6434";"86923";2026-06-04 08:57:28.000;0;1;0;0;0;0.0000
811296;(admin.masterdc.com CID#5066) Defguard pro copywriters;resolved;support;machovec;https://rt.i.masterinter.net/Ticket/Display.html?id=811296;"5066";;2026-06-04 08:57:35.000;0;1;0;0;0;0.0000
811834;(admin.masterdc.com CID#6434) NapojenÌ cloud-1951 na logovacÌ server;resolved;support;belousov;https://rt.i.masterinter.net/Ticket/Display.html?id=811834;"6434";"86923";2026-06-04 08:58:14.000;1;0;0;0;0;0.7500
784567;[Aures] Debug sÌùovÈ komunikace v k8s;open;EPIC;belousov;https://rt.i.masterinter.net/Ticket/Display.html?id=784567;"7245";"91598";2026-06-04 09:03:27.000;0;0;1;0;0;0.0000
812038;(admin.masterdc.com CID#6666)) lose SSH connetion after reboot;resolved;support;jarmara;https://rt.i.masterinter.net/Ticket/Display.html?id=812038;"6666";;2026-06-04 09:03:53.000;0;0;1;0;0;0.0000
812038;(admin.masterdc.com CID#6666)) lose SSH connetion after reboot;resolved;support;jarmara;https://rt.i.masterinter.net/Ticket/Display.html?id=812038;"6666";;2026-06-04 09:03:53.000;0;1;0;0;0;0.0000
812038;(admin.masterdc.com CID#6666)) lose SSH connetion after reboot;resolved;support;jarmara;https://rt.i.masterinter.net/Ticket/Display.html?id=812038;"6666";;2026-06-04 09:14:37.000;0;1;0;0;0;0.2500
811327;(admin.masterdc.com CID#8446) Priprava high memory nodu;open;support;ondrej;https://rt.i.masterinter.net/Ticket/Display.html?id=811327;"8446";;2026-06-04 09:22:41.000;0;1;0;0;0;0.0000
809971;Update managed Windows serveru;open;support;schon;https://rt.i.masterinter.net/Ticket/Display.html?id=809971;"6516";;2026-06-04 09:23:08.000;1;0;0;0;0;0.5000
812043;(admin.masterdc.com CID#7247) Problem se SPAMy;open;support;jarmara;https://rt.i.masterinter.net/Ticket/Display.html?id=812043;"7247";"72162";2026-06-04 09:35:04.000;0;0;1;0;0;0.0000
812043;(admin.masterdc.com CID#7247) Problem se SPAMy;open;support;jarmara;https://rt.i.masterinter.net/Ticket/Display.html?id=812043;"7247";"72162";2026-06-04 09:35:05.000;0;1;0;0;0;0.0000
812026;Obj. ID: 10543 Z·kaznÌk: #8864 - Hunka Ji¯Ì (Jagu s.r.o.);resolved;objednavky;blazek;https://rt.i.masterinter.net/Ticket/Display.html?id=812026;"8864";;2026-06-04 09:40:22.000;0;1;0;0;0;0.5000
812017;(admin.masterdc.com CID#8864) Z¯ÌzenÌ novÈ sluûby;resolved;support;blazek;https://rt.i.masterinter.net/Ticket/Display.html?id=812017;"8864";;2026-06-04 09:41:40.000;0;0;1;0;0;0.0833
812026;Obj. ID: 10543 Z·kaznÌk: #8864 - Hunka Ji¯Ì (Jagu s.r.o.);resolved;objednavky;blazek;https://rt.i.masterinter.net/Ticket/Display.html?id=812026;"8864";;2026-06-04 10:04:11.000;1;0;0;0;0;0.0000
810688;⁄tok na IP 81.31.45.144;resolved;support;blazek;https://rt.i.masterinter.net/Ticket/Display.html?id=810688;"6283";"80983";2026-06-04 10:14:17.000;0;0;1;0;0;0.2500
812048;usetreno.cz - https_usetreno_c1-3 - v˝padek sluûeb;resolved;EPIC;uhlik;https://rt.i.masterinter.net/Ticket/Display.html?id=812048;"5066";;2026-06-04 10:34:45.000;0;0;1;0;0;0.0000
809768;PROBLEM Service Alert: d1196/nrpe_disk is CRITICAL;open;support;tomas.krupicka;https://rt.i.masterinter.net/Ticket/Display.html?id=809768;"4067";"81132";2026-06-04 10:37:38.000;0;1;0;0;0;0.1667
812048;usetreno.cz - https_usetreno_c1-3 - v˝padek sluûeb;resolved;EPIC;uhlik;https://rt.i.masterinter.net/Ticket/Display.html?id=812048;"5066";;2026-06-04 10:37:42.000;0;1;0;0;0;0.0000
810140;(admin.masterdc.com CID#4209) ext. zalohy na serveru Ë·steËnÏ nefunkËnÌ;open;support;uhlik;https://rt.i.masterinter.net/Ticket/Display.html?id=810140;"4209";"91183";2026-06-04 10:40:23.000;0;1;0;0;0;0.0000
812036;(admin.masterdc.com CID#9665)) Language file | Czech Language support;open;support;uhlik;https://rt.i.masterinter.net/Ticket/Display.html?id=812036;"9665";;2026-06-04 10:47:05.000;0;0;1;0;0;0.0000
812038;(admin.masterdc.com CID#6666)) lose SSH connetion after reboot;resolved;support;jarmara;https://rt.i.masterinter.net/Ticket/Display.html?id=812038;"6666";;2026-06-04 10:54:26.000;0;1;0;0;0;0.0833
788593;(admin.masterdc.com CID#8446) eBPF observability;open;EPIC;dusan.grmela;https://rt.i.masterinter.net/Ticket/Display.html?id=788593;"8446";"85143";2026-06-04 10:54:56.000;0;1;0;0;0;2.0000
812047;[csirt-cz] [TLP:CLEAR] [Max CVSS 9.2] Kritick· zranitelnost HTTP/2 Bomb ve webov˝ch serverech;new;csirt;uhlik;https://rt.i.masterinter.net/Ticket/Display.html?id=812047;;;2026-06-04 10:57:04.000;0;0;1;0;0;0.0000
812044;ALERT: pap.quido3.dc4.cejl.brq - SA-201A - R4-1/11 - R4-2/11 [SA_201A] went below Threshold of 1 with 0;resolved;noc;uhlik;https://rt.i.masterinter.net/Ticket/Display.html?id=812044;;;2026-06-04 10:58:59.000;0;0;1;0;0;0.0000
811904;[Failed] 8300_backup_cloud-1735 (1 machines) 1 failed;resolved;support;uhlik;https://rt.i.masterinter.net/Ticket/Display.html?id=811904;;;2026-06-04 11:02:55.000;0;0;1;0;0;0.0000
812043;(admin.masterdc.com CID#7247) Problem se SPAMy;open;support;tomas.krupicka;https://rt.i.masterinter.net/Ticket/Display.html?id=812043;"7247";"72162";2026-06-04 11:03:19.000;0;1;0;0;0;0.5000
812048;usetreno.cz - https_usetreno_c1-3 - v˝padek sluûeb;resolved;EPIC;ondrej;https://rt.i.masterinter.net/Ticket/Display.html?id=812048;"5066";;2026-06-04 11:08:04.000;0;1;0;0;0;0.0000
812051;(admin.masterdc.com CID#4940) V˝padky konektivity;resolved;support;landa;https://rt.i.masterinter.net/Ticket/Display.html?id=812051;"4940";;2026-06-04 11:10:58.000;0;1;0;0;0;0.0000
812051;(admin.masterdc.com CID#4940) V˝padky konektivity;resolved;support;landa;https://rt.i.masterinter.net/Ticket/Display.html?id=812051;"4940";;2026-06-04 11:11:07.000;0;0;1;0;0;0.0833
812050;cloud-1981 (s3-minio) - mÌsto na disku;open;support;uhlik;https://rt.i.masterinter.net/Ticket/Display.html?id=812050;"6790";;2026-06-04 11:13:23.000;0;0;1;0;0;0.0000
812050;cloud-1981 (s3-minio) - mÌsto na disku;open;support;uhlik;https://rt.i.masterinter.net/Ticket/Display.html?id=812050;"6790";;2026-06-04 11:13:23.000;0;0;1;0;0;0.0000
812050;cloud-1981 (s3-minio) - mÌsto na disku;open;support;uhlik;https://rt.i.masterinter.net/Ticket/Display.html?id=812050;"6790";;2026-06-04 11:13:28.000;0;0;1;0;0;0.0000
812050;cloud-1981 (s3-minio) - mÌsto na disku;open;support;uhlik;https://rt.i.masterinter.net/Ticket/Display.html?id=812050;"6790";;2026-06-04 11:13:41.000;0;0;1;0;0;0.0000
812050;cloud-1981 (s3-minio) - mÌsto na disku;open;support;uhlik;https://rt.i.masterinter.net/Ticket/Display.html?id=812050;"6790";;2026-06-04 11:14:55.000;0;1;0;0;0;0.0000
812048;usetreno.cz - https_usetreno_c1-3 - v˝padek sluûeb;resolved;EPIC;uhlik;https://rt.i.masterinter.net/Ticket/Display.html?id=812048;"5066";;2026-06-04 11:15:58.000;0;0;1;0;0;0.0000
810639;Statut·rnÌ mÏsto Brno: Ve¯ejn· zak·zka: Platforma pro spr·vu AI agent˘ a automatizovan˝ch workflow;open;poptavky;jiri.sakac;https://rt.i.masterinter.net/Ticket/Display.html?id=810639;;;2026-06-04 11:20:09.000;0;1;0;0;0;0.0000
811904;[Failed] 8300_backup_cloud-1735 (1 machines) 1 failed;resolved;support;ulman;https://rt.i.masterinter.net/Ticket/Display.html?id=811904;;;2026-06-04 11:21:05.000;0;0;1;0;0;0.0000
811904;[Failed] 8300_backup_cloud-1735 (1 machines) 1 failed;resolved;support;ulman;https://rt.i.masterinter.net/Ticket/Display.html?id=811904;;;2026-06-04 11:22:35.000;1;0;0;0;0;0.0333
810630;Update managed Windows serveru - d4407, d8006+VM;resolved;windows;ulman;https://rt.i.masterinter.net/Ticket/Display.html?id=810630;"4703";;2026-06-04 11:23:54.000;1;0;0;0;0;0.0000
811964;update pohoda;resolved;windows;ulman;https://rt.i.masterinter.net/Ticket/Display.html?id=811964;;;2026-06-04 11:25:14.000;1;0;0;0;0;0.5000
811964;update pohoda;resolved;windows;ulman;https://rt.i.masterinter.net/Ticket/Display.html?id=811964;;;2026-06-04 11:25:29.000;1;0;0;0;0;0.0000
808400;cloud-1299 - isp_le_renewal szaszplusz.hu;resolved;support;jarmara;https://rt.i.masterinter.net/Ticket/Display.html?id=808400;"6985";"68182";2026-06-04 11:25:40.000;1;0;0;0;0;0.0167
811904;[Failed] 8300_backup_cloud-1735 (1 machines) 1 failed;resolved;support;tarcak;https://rt.i.masterinter.net/Ticket/Display.html?id=811904;;;2026-06-04 11:25:48.000;1;0;0;0;0;0.0000
810976;Update managed Windows d9756, d9756-FileStore;resolved;windows;ulman;https://rt.i.masterinter.net/Ticket/Display.html?id=810976;"6480";;2026-06-04 11:28:56.000;0;1;0;0;0;0.0833
810976;Update managed Windows d9756, d9756-FileStore;resolved;windows;ulman;https://rt.i.masterinter.net/Ticket/Display.html?id=810976;"6480";;2026-06-04 11:29:05.000;1;0;0;0;0;0.0000
812048;usetreno.cz - https_usetreno_c1-3 - v˝padek sluûeb;resolved;EPIC;machovec;https://rt.i.masterinter.net/Ticket/Display.html?id=812048;"5066";;2026-06-04 11:31:25.000;0;0;1;0;0;0.0000
812048;usetreno.cz - https_usetreno_c1-3 - v˝padek sluûeb;resolved;EPIC;machovec;https://rt.i.masterinter.net/Ticket/Display.html?id=812048;"5066";;2026-06-04 11:31:25.000;1;0;0;0;0;0.5000
812053;NasazenÌ nov˝ch vhost config˘ + reload;open;support;uhlik;https://rt.i.masterinter.net/Ticket/Display.html?id=812053;"4138";;2026-06-04 11:34:05.000;0;0;1;0;0;0.0000
812053;NasazenÌ nov˝ch vhost config˘ + reload;open;support;uhlik;https://rt.i.masterinter.net/Ticket/Display.html?id=812053;"4138";;2026-06-04 11:34:05.000;0;1;0;0;0;0.0000
812048;usetreno.cz - https_usetreno_c1-3 - v˝padek sluûeb;resolved;EPIC;ondrej;https://rt.i.masterinter.net/Ticket/Display.html?id=812048;"5066";;2026-06-04 11:34:06.000;0;1;0;0;0;0.5000
812053;NasazenÌ nov˝ch vhost config˘ + reload;open;support;uhlik;https://rt.i.masterinter.net/Ticket/Display.html?id=812053;"4138";;2026-06-04 11:35:36.000;0;1;0;0;0;0.0000
809349;(admin.masterdc.com CID#8087) é·dost o anal˝zu zpomalenÌ MySQL serveru ó 12. 5. a 11. 5. 2026;open;support;chudy;https://rt.i.masterinter.net/Ticket/Display.html?id=809349;"8087";"92001";2026-06-04 11:41:11.000;0;1;0;0;0;0.0000
812054;d400.masterinter.net/check_isp_domains is CRITICAL;resolved;support;jarmara;https://rt.i.masterinter.net/Ticket/Display.html?id=812054;"4857";"76325";2026-06-04 11:43:07.000;0;0;1;0;0;0.0000
811296;(admin.masterdc.com CID#5066) Defguard pro copywriters;resolved;support;machovec;https://rt.i.masterinter.net/Ticket/Display.html?id=811296;"5066";;2026-06-04 11:44:40.000;0;1;0;0;0;0.2500
812054;d400.masterinter.net/check_isp_domains is CRITICAL;resolved;support;jarmara;https://rt.i.masterinter.net/Ticket/Display.html?id=812054;"4857";"76325";2026-06-04 11:44:53.000;0;1;0;0;0;0.2500
810931;Upgrade Percona DB na stacku 3 - staging;open;support;chudy;https://rt.i.masterinter.net/Ticket/Display.html?id=810931;"6790";"90270";2026-06-04 12:02:10.000;0;1;0;0;0;0.0000
812043;(admin.masterdc.com CID#7247) Problem se SPAMy;open;support;tomas.krupicka;https://rt.i.masterinter.net/Ticket/Display.html?id=812043;"7247";"72162";2026-06-04 12:05:21.000;0;1;0;0;0;0.6667
810632;Update managed Windows serveru - d563+VMs;resolved;windows;ulman;https://rt.i.masterinter.net/Ticket/Display.html?id=810632;"9333";;2026-06-04 12:06:11.000;0;1;0;0;0;0.0833
810632;Update managed Windows serveru - d563+VMs;resolved;windows;ulman;https://rt.i.masterinter.net/Ticket/Display.html?id=810632;"9333";;2026-06-04 12:06:21.000;1;0;0;0;0;0.0000
812057;(admin.masterdc.com CID#5760) ProblÈm s routovanÌm /javascript na serveri d9752;resolved;support;jarmara;https://rt.i.masterinter.net/Ticket/Display.html?id=812057;"5760";;2026-06-04 12:08:37.000;0;0;1;0;0;0.0000
812057;(admin.masterdc.com CID#5760) ProblÈm s routovanÌm /javascript na serveri d9752;resolved;support;jarmara;https://rt.i.masterinter.net/Ticket/Display.html?id=812057;"5760";;2026-06-04 12:08:38.000;0;1;0;0;0;0.0000
812057;(admin.masterdc.com CID#5760) ProblÈm s routovanÌm /javascript na serveri d9752;resolved;support;ryska;https://rt.i.masterinter.net/Ticket/Display.html?id=812057;"5760";;2026-06-04 12:12:23.000;0;1;0;0;0;0.0000
809757;Windows server update managed GCP - PRG2/PRG3/BER/MUC/FRA/VIE/BUD;open;windows;antonin.homola;https://rt.i.masterinter.net/Ticket/Display.html?id=809757;"7988";;2026-06-04 12:16:33.000;1;0;0;0;0;0.0833
809757;Windows server update managed GCP - PRG2/PRG3/BER/MUC/FRA/VIE/BUD;open;windows;antonin.homola;https://rt.i.masterinter.net/Ticket/Display.html?id=809757;"6128";;2026-06-04 12:16:33.000;1;0;0;0;0;0.0833
812057;(admin.masterdc.com CID#5760) ProblÈm s routovanÌm /javascript na serveri d9752;resolved;support;ryska;https://rt.i.masterinter.net/Ticket/Display.html?id=812057;"5760";;2026-06-04 12:19:07.000;0;1;0;0;0;0.0000
804163;PROBLEM Service Alert:  d95/nrpe_mailq is CRITICAL ;resolved;support;tomas.krupicka;https://rt.i.masterinter.net/Ticket/Display.html?id=804163;"7247";"72162";2026-06-04 12:20:16.000;0;1;0;0;0;0.0000
812057;(admin.masterdc.com CID#5760) ProblÈm s routovanÌm /javascript na serveri d9752;resolved;support;ryska;https://rt.i.masterinter.net/Ticket/Display.html?id=812057;"5760";;2026-06-04 12:20:59.000;0;0;1;0;0;0.2500
783727;MailServer pro »SOB penzi;open;EPIC;chudy;https://rt.i.masterinter.net/Ticket/Display.html?id=783727;"6790";;2026-06-04 12:23:30.000;0;1;0;0;0;0.0000
809769;Update Win-VPS cluster;open;windows;antonin.homola;https://rt.i.masterinter.net/Ticket/Display.html?id=809769;"7443";;2026-06-04 12:23:42.000;1;0;0;0;0;4.0000
812061;(admin.masterdc.com CID#6194) Backup policy;resolved;support;jarmara;https://rt.i.masterinter.net/Ticket/Display.html?id=812061;"6194";;2026-06-04 12:31:44.000;0;1;0;0;0;0.2500
812061;(admin.masterdc.com CID#6194) Backup policy;resolved;support;jarmara;https://rt.i.masterinter.net/Ticket/Display.html?id=812061;"6194";;2026-06-04 12:38:08.000;0;0;1;0;0;0.0000
784567;[Aures] Debug sÌùovÈ komunikace v k8s;open;EPIC;belousov;https://rt.i.masterinter.net/Ticket/Display.html?id=784567;"7245";"91598";2026-06-04 12:41:07.000;0;1;0;0;0;0.0000
811914;cloud-1294.masterinter.net: LE renewal FAIL;resolved;letsencrypt;jarmara;https://rt.i.masterinter.net/Ticket/Display.html?id=811914;;;2026-06-04 12:44:38.000;1;0;0;0;0;0.0833
812038;(admin.masterdc.com CID#6666)) lose SSH connetion after reboot;resolved;support;jarmara;https://rt.i.masterinter.net/Ticket/Display.html?id=812038;"6666";;2026-06-04 12:55:36.000;0;1;0;0;0;0.0000
812070;[MDC] Cloudstack - backup/DR solution;new;managed;hrncir;https://rt.i.masterinter.net/Ticket/Display.html?id=812070;;;2026-06-04 13:02:28.000;1;0;0;0;0;0.7500
798795;(admin.masterdc.com CID#8446) Popis BGP-Based Failover;open;support;zidek;https://rt.i.masterinter.net/Ticket/Display.html?id=798795;"8446";;2026-06-04 13:02:39.000;1;0;0;0;0;0.2500
812043;(admin.masterdc.com CID#7247) Problem se SPAMy;open;support;tomas.krupicka;https://rt.i.masterinter.net/Ticket/Display.html?id=812043;"7247";"72162";2026-06-04 13:03:17.000;0;1;0;0;0;0.5000
811646;Obj. ID: 10542 Z·kaznÌk: #3788 - Bartoö Jan (Smartdata, s.r.o.);open;objednavky;ulman;https://rt.i.masterinter.net/Ticket/Display.html?id=811646;"3788";;2026-06-04 13:10:12.000;0;1;0;0;0;5.0000
812043;(admin.masterdc.com CID#7247) Problem se SPAMy;open;support;tomas.krupicka;https://rt.i.masterinter.net/Ticket/Display.html?id=812043;"7247";"72162";2026-06-04 13:11:45.000;0;1;0;0;0;0.0000
812043;(admin.masterdc.com CID#7247) Problem se SPAMy;open;support;tomas.krupicka;https://rt.i.masterinter.net/Ticket/Display.html?id=812043;"7247";"72162";2026-06-04 13:12:46.000;1;0;0;0;0;1.6667
809745;(admin.masterdc.com CID#9425) Hodnoty limit˘ CPU a MEM do manifest˘ PROD pod˘ aplikaËnÌch server˘ a DB;open;support;belousov;https://rt.i.masterinter.net/Ticket/Display.html?id=809745;"9425";"116715";2026-06-04 13:16:03.000;0;1;0;0;0;0.0000
809745;(admin.masterdc.com CID#9425) Hodnoty limit˘ CPU a MEM do manifest˘ PROD pod˘ aplikaËnÌch server˘ a DB;open;support;belousov;https://rt.i.masterinter.net/Ticket/Display.html?id=809745;"9425";"116715";2026-06-04 13:25:34.000;0;1;0;0;0;0.0000
812050;cloud-1981 (s3-minio) - mÌsto na disku;open;support;uhlik;https://rt.i.masterinter.net/Ticket/Display.html?id=812050;"6790";;2026-06-04 13:32:19.000;0;1;0;0;0;0.0000
812071;blokovani legitimniho provozu d1009;resolved;support;uhlik;https://rt.i.masterinter.net/Ticket/Display.html?id=812071;"3308";"90484";2026-06-04 13:35:38.000;0;0;1;0;0;0.0000
812071;blokovani legitimniho provozu d1009;resolved;support;uhlik;https://rt.i.masterinter.net/Ticket/Display.html?id=812071;"3308";"90484";2026-06-04 13:35:38.000;0;1;0;0;0;0.0000
798795;(admin.masterdc.com CID#8446) Popis BGP-Based Failover;open;support;zidek;https://rt.i.masterinter.net/Ticket/Display.html?id=798795;"8446";;2026-06-04 13:38:03.000;1;0;0;0;0;0.5000
811884;Mikro v˝padky nap¯ÌË sluûbami;resolved;support;zidek;https://rt.i.masterinter.net/Ticket/Display.html?id=811884;"6790";;2026-06-04 13:41:47.000;0;1;0;0;0;0.0333
811896;V˝padky serveru;resolved;support;zidek;https://rt.i.masterinter.net/Ticket/Display.html?id=811896;"3088";;2026-06-04 13:42:05.000;0;1;0;0;0;0.0333
811887;(admin.masterdc.com CID#6325) Pad webov;resolved;support;zidek;https://rt.i.masterinter.net/Ticket/Display.html?id=811887;"6325";"78566";2026-06-04 13:42:29.000;0;1;0;0;0;0.0333
812066;(admin.masterdc.com CID#7026) Instalace supervisorctl;resolved;support;uhlik;https://rt.i.masterinter.net/Ticket/Display.html?id=812066;"7026";"68948";2026-06-04 13:43:34.000;0;0;1;0;0;0.0000
812066;(admin.masterdc.com CID#7026) Instalace supervisorctl;resolved;support;uhlik;https://rt.i.masterinter.net/Ticket/Display.html?id=812066;"7026";"68948";2026-06-04 13:43:34.000;0;1;0;0;0;0.0000
812071;blokovani legitimniho provozu d1009;resolved;support;michal.nosek;https://rt.i.masterinter.net/Ticket/Display.html?id=812071;"3308";"90484";2026-06-04 13:56:04.000;0;1;0;0;0;0.0000
812071;blokovani legitimniho provozu d1009;resolved;support;michal.nosek;https://rt.i.masterinter.net/Ticket/Display.html?id=812071;"3308";"90484";2026-06-04 13:56:13.000;0;0;1;0;0;0.2500
812053;NasazenÌ nov˝ch vhost config˘ + reload;open;support;uhlik;https://rt.i.masterinter.net/Ticket/Display.html?id=812053;"4138";;2026-06-04 14:01:22.000;0;1;0;0;0;0.0000
811895;Timeouty na haproxy napriec projektami;resolved;support;zidek;https://rt.i.masterinter.net/Ticket/Display.html?id=811895;"4381";;2026-06-04 14:04:24.000;0;1;0;0;0;0.0833
811957;Oprava + p¯id·nÌ dashboard˘ riorey v GrafanÏ;resolved;support;zidek;https://rt.i.masterinter.net/Ticket/Display.html?id=811957;;;2026-06-04 14:07:33.000;1;0;0;0;0;0.0833
809769;Update Win-VPS cluster;open;windows;antonin.homola;https://rt.i.masterinter.net/Ticket/Display.html?id=809769;"7443";;2026-06-04 14:08:45.000;1;0;0;0;0;1.5000
812066;(admin.masterdc.com CID#7026) Instalace supervisorctl;resolved;support;uhlik;https://rt.i.masterinter.net/Ticket/Display.html?id=812066;"7026";"68948";2026-06-04 14:11:18.000;0;1;0;0;0;0.2500
812066;(admin.masterdc.com CID#7026) Instalace supervisorctl;resolved;support;jarmara;https://rt.i.masterinter.net/Ticket/Display.html?id=812066;"7026";"68948";2026-06-04 14:11:31.000;0;0;1;0;0;0.2500
807242;PROBLEM Service Alert:  d4169/check_isp_domains is CRITICAL;resolved;support;jarmara;https://rt.i.masterinter.net/Ticket/Display.html?id=807242;"4236";;2026-06-04 14:12:15.000;0;0;1;0;0;0.0833
810271;PROBLEM Service Alert:  d418-101/nrpe_mailq is CRITICAL;resolved;support;jarmara;https://rt.i.masterinter.net/Ticket/Display.html?id=810271;"3308";;2026-06-04 14:12:54.000;0;0;1;0;0;0.3333
810759;d4683-3315+3314/nrpe_check_haproxy_ssl_certs is CRITICAL;resolved;support;jarmara;https://rt.i.masterinter.net/Ticket/Display.html?id=810759;"9207";;2026-06-04 14:13:55.000;1;0;0;0;0;0.1667
811334;(admin.masterdc.com CID#8446) Zruseni nepotrebneho US GW serveru;open;support;dusan.grmela;https://rt.i.masterinter.net/Ticket/Display.html?id=811334;"8446";;2026-06-04 14:14:35.000;0;0;1;0;0;0.0000
811334;(admin.masterdc.com CID#8446) Zruseni nepotrebneho US GW serveru;open;support;dusan.grmela;https://rt.i.masterinter.net/Ticket/Display.html?id=811334;"8446";;2026-06-04 14:16:02.000;1;0;0;0;0;1.0000
806953;aktualizace OS na cloudu 2214 a 2123 + WAF;new;managed;tarcak;https://rt.i.masterinter.net/Ticket/Display.html?id=806953;"6283";;2026-06-04 14:29:50.000;1;0;0;0;0;1.0000
769617;Implentace NSX pro #7555 Domat [tracking];open;EPIC;tarcak;https://rt.i.masterinter.net/Ticket/Display.html?id=769617;"7555";;2026-06-04 14:30:09.000;0;0;1;0;0;2.0000
812078;Zpomalen˝ server;open;support;tomas.krupicka;https://rt.i.masterinter.net/Ticket/Display.html?id=812078;"5169";;2026-06-04 14:36:54.000;0;1;0;0;0;0.0000
796815;Obj. ID: 10415 Z·kaznÌk: #9489 - Novotn˝ Radek (Mediawork Services s.r.o.);open;objednavky;uhlik;https://rt.i.masterinter.net/Ticket/Display.html?id=796815;"9489";;2026-06-04 14:37:17.000;0;1;0;0;0;0.0000
812078;Zpomalen˝ server;open;support;tomas.krupicka;https://rt.i.masterinter.net/Ticket/Display.html?id=812078;"5169";;2026-06-04 14:54:15.000;0;1;0;0;0;0.5000
812078;Zpomalen˝ server;open;support;tomas.krupicka;https://rt.i.masterinter.net/Ticket/Display.html?id=812078;"5169";;2026-06-04 14:54:25.000;1;0;0;0;0;0.0000
810639;Statut·rnÌ mÏsto Brno: Ve¯ejn· zak·zka: Platforma pro spr·vu AI agent˘ a automatizovan˝ch workflow;open;poptavky;jiri.sakac;https://rt.i.masterinter.net/Ticket/Display.html?id=810639;;;2026-06-04 15:10:28.000;0;1;0;0;0;0.0000
806955;(admin.masterdc.com CID#4067) Popt·vka nov· infrastruktura;open;support;hrncir;https://rt.i.masterinter.net/Ticket/Display.html?id=806955;"4067";;2026-06-04 15:34:37.000;1;0;0;0;0;1.5000
806955;(admin.masterdc.com CID#4067) Popt·vka nov· infrastruktura;open;support;hrncir;https://rt.i.masterinter.net/Ticket/Display.html?id=806955;"4067";;2026-06-04 15:35:41.000;0;1;0;0;0;0.2500
809089;(admin.masterdc.com CID#4033) d5303, d723 - aktualizace roundcube;open;support;ryska;https://rt.i.masterinter.net/Ticket/Display.html?id=809089;"4033";;2026-06-04 15:39:40.000;0;1;0;0;0;1.0000
809088;(admin.masterdc.com CID#7145) d8020 - aktualizace roundcube;open;support;ryska;https://rt.i.masterinter.net/Ticket/Display.html?id=809088;"7145";"70332";2026-06-04 15:40:48.000;0;1;0;0;0;0.0000
809088;(admin.masterdc.com CID#7145) d8020 - aktualizace roundcube;open;support;ryska;https://rt.i.masterinter.net/Ticket/Display.html?id=809088;"7145";"70332";2026-06-04 15:40:54.000;0;0;1;0;0;1.0000
810678;PROBLEM Service Alert:  d1855-101/http is CRITICAL;open;support;tomas.krupicka;https://rt.i.masterinter.net/Ticket/Display.html?id=810678;"4067";"81132";2026-06-04 15:48:45.000;0;1;0;0;0;1.0000
810812;PROBLEM Service Alert: cloud-3045/nrpe_disk is CRITICAL;open;support;tomas.krupicka;https://rt.i.masterinter.net/Ticket/Display.html?id=810812;"2214";;2026-06-04 15:50:57.000;0;1;0;0;0;0.0833
810979;(admin.masterdc.com CID#4067) Produkce - nefunkËnÌ urgent;open;support;tomas.krupicka;https://rt.i.masterinter.net/Ticket/Display.html?id=810979;"4067";;2026-06-04 16:15:22.000;0;1;0;0;0;0.7500
812078;Zpomalen˝ server;open;support;tomas.krupicka;https://rt.i.masterinter.net/Ticket/Display.html?id=812078;"5169";;2026-06-04 16:26:32.000;0;1;0;0;0;0.5000
811963;(admin.masterdc.com CID#4067) pr·va na sloûku apache - Urgent produkce;open;support;tomas.krupicka;https://rt.i.masterinter.net/Ticket/Display.html?id=811963;"4067";"81132";2026-06-04 16:34:07.000;0;1;0;0;0;0.2500
811735;(admin.masterdc.com CID#4067) Automatick˝ deployment - projekt external;open;support;tomas.krupicka;https://rt.i.masterinter.net/Ticket/Display.html?id=811735;"4067";"81132";2026-06-04 16:49:46.000;0;1;0;0;0;0.3333
811802;(admin.masterdc.com CID#4067) Automatick˝ deployment - projekt api_myplann;open;support;tomas.krupicka;https://rt.i.masterinter.net/Ticket/Display.html?id=811802;"4067";"81132";2026-06-04 16:50:20.000;0;1;0;0;0;0.3333
811242;(admin.masterdc.com CID#7247) Rate-limiting scraper trafficu z datacenter IP (www1-4);open;support;tomas.krupicka;https://rt.i.masterinter.net/Ticket/Display.html?id=811242;"7247";"72162";2026-06-04 16:55:10.000;0;1;0;0;0;0.0000
812087;Nefunguje lets encrypt pro new.epravo.cz;resolved;support;tomas.krupicka;https://rt.i.masterinter.net/Ticket/Display.html?id=812087;"5169";;2026-06-04 17:21:32.000;0;1;0;0;0;0.3333
812092;cloud-3229/nrpe_cis_disk is CRITICAL;open;support;tomas.krupicka;https://rt.i.masterinter.net/Ticket/Display.html?id=812092;"5066";;2026-06-04 18:14:15.000;0;1;0;0;0;0.5000
812093;eu-fsn-k8-p0-cp-003/check_k8s_pods_kube-system is CRITICAL;open;support;tomas.krupicka;https://rt.i.masterinter.net/Ticket/Display.html?id=812093;"8446";;2026-06-04 18:28:32.000;0;1;0;0;0;0.5000
809757;Windows server update managed GCP - PRG2/PRG3/BER/MUC/FRA/VIE/BUD;open;windows;antonin.homola;https://rt.i.masterinter.net/Ticket/Display.html?id=809757;"7988";;2026-06-04 18:41:01.000;1;0;0;0;0;0.1667
809757;Windows server update managed GCP - PRG2/PRG3/BER/MUC/FRA/VIE/BUD;open;windows;antonin.homola;https://rt.i.masterinter.net/Ticket/Display.html?id=809757;"6128";;2026-06-04 18:41:01.000;1;0;0;0;0;0.1667
809757;Windows server update managed GCP - PRG2/PRG3/BER/MUC/FRA/VIE/BUD;open;windows;antonin.homola;https://rt.i.masterinter.net/Ticket/Display.html?id=809757;"7988";;2026-06-04 19:19:14.000;0;1;0;0;0;0.8333
809757;Windows server update managed GCP - PRG2/PRG3/BER/MUC/FRA/VIE/BUD;open;windows;antonin.homola;https://rt.i.masterinter.net/Ticket/Display.html?id=809757;"6128";;2026-06-04 19:19:14.000;0;1;0;0;0;0.8333
812078;Zpomalen˝ server;open;support;tomas.krupicka;https://rt.i.masterinter.net/Ticket/Display.html?id=812078;"5169";;2026-06-04 19:39:01.000;0;1;0;0;0;0.0000
812078;Zpomalen˝ server;open;support;tomas.krupicka;https://rt.i.masterinter.net/Ticket/Display.html?id=812078;"5169";;2026-06-04 20:28:07.000;0;1;0;0;0;0.5000
812078;Zpomalen˝ server;open;support;tomas.krupicka;https://rt.i.masterinter.net/Ticket/Display.html?id=812078;"5169";;2026-06-04 20:42:04.000;0;1;0;0;0;0.0000
809766;Update managed Windows serveru - vm569;open;windows;antonin.homola;https://rt.i.masterinter.net/Ticket/Display.html?id=809766;"3127";;2026-06-04 20:48:51.000;0;1;0;0;0;0.8333
809769;Update Win-VPS cluster;open;windows;antonin.homola;https://rt.i.masterinter.net/Ticket/Display.html?id=809769;"7443";;2026-06-04 20:52:46.000;1;0;0;0;0;0.5000
812047;[csirt-cz] [TLP:CLEAR] [Max CVSS 9.2] Kritick· zranitelnost HTTP/2 Bomb ve webov˝ch serverech;new;csirt;belousov;https://rt.i.masterinter.net/Ticket/Display.html?id=812047;;;2026-06-04 21:57:15.000;1;0;0;0;0;0.0000
809757;Windows server update managed GCP - PRG2/PRG3/BER/MUC/FRA/VIE/BUD;open;windows;antonin.homola;https://rt.i.masterinter.net/Ticket/Display.html?id=809757;"7988";;2026-06-04 22:32:33.000;0;1;0;0;0;1.0000
809757;Windows server update managed GCP - PRG2/PRG3/BER/MUC/FRA/VIE/BUD;open;windows;antonin.homola;https://rt.i.masterinter.net/Ticket/Display.html?id=809757;"6128";;2026-06-04 22:32:33.000;0;1;0;0;0;1.0000
809757;Windows server update managed GCP - PRG2/PRG3/BER/MUC/FRA/VIE/BUD;open;windows;antonin.homola;https://rt.i.masterinter.net/Ticket/Display.html?id=809757;"7988";;2026-06-04 22:34:08.000;1;0;0;0;0;0.0833
809757;Windows server update managed GCP - PRG2/PRG3/BER/MUC/FRA/VIE/BUD;open;windows;antonin.homola;https://rt.i.masterinter.net/Ticket/Display.html?id=809757;"6128";;2026-06-04 22:34:08.000;1;0;0;0;0;0.0833
812106;cloud-1063.masterinter.net/nrpe_disk_winv2 is CRITICAL;new;support;antonin.homola;https://rt.i.masterinter.net/Ticket/Display.html?id=812106;"5559";;2026-06-04 23:03:54.000;0;0;1;0;0;0.0000
812093;eu-fsn-k8-p0-cp-003/check_k8s_pods_kube-system is CRITICAL;open;support;tomas.krupicka;https://rt.i.masterinter.net/Ticket/Display.html?id=812093;"8446";;2026-06-05 01:42:20.000;0;1;0;0;0;0.5000
812103;If you have type 2 diabetes, read this now;new;spam;zidek;https://rt.i.masterinter.net/Ticket/Display.html?id=812103;;;2026-06-05 04:32:16.000;0;0;1;0;0;0.0000
811915;ProblÈmy riorey s rr2 po ˙toku 3.6.2026 [tracking] RRCASE-3965 [riorey];resolved;support;zidek;https://rt.i.masterinter.net/Ticket/Display.html?id=811915;;;2026-06-05 04:33:54.000;1;0;0;0;0;0.2500
811632;PROBLEM Service Alert:  cloud-1294.masterinter.net/check_haproxy is CRITICAL;resolved;support;maska;https://rt.i.masterinter.net/Ticket/Display.html?id=811632;"4381";"56710";2026-06-05 05:03:03.000;0;1;0;0;0;0.0000
743099;[tracking] Pravideln· kontrola kopia z·loh;open;support;blazek;https://rt.i.masterinter.net/Ticket/Display.html?id=743099;;;2026-06-05 05:21:20.000;1;0;0;0;0;0.0000
812114;Nov˝ proxy a app server;new;support;blazek;https://rt.i.masterinter.net/Ticket/Display.html?id=812114;"8611";;2026-06-05 05:33:40.000;1;0;0;0;0;0.0000
809960;Update managed Windows serveru - d9808 + Win VMs;resolved;support;schon;https://rt.i.masterinter.net/Ticket/Display.html?id=809960;"3113";;2026-06-05 05:44:13.000;0;1;0;0;0;0.2500
812111;d9738-101 web/ssl_validation_kibana.3it.cz is CRITICAL;open;support;landa;https://rt.i.masterinter.net/Ticket/Display.html?id=812111;"8611";;2026-06-05 06:06:59.000;0;0;1;0;0;0.0000
812112;cloud-2156/nrpe_mysql_backup is CRITICAL;resolved;support;landa;https://rt.i.masterinter.net/Ticket/Display.html?id=812112;;;2026-06-05 06:08:53.000;0;0;1;0;0;0.0000
812112;cloud-2156/nrpe_mysql_backup is CRITICAL;resolved;support;landa;https://rt.i.masterinter.net/Ticket/Display.html?id=812112;;;2026-06-05 06:09:24.000;1;0;0;0;0;0.0833
812093;eu-fsn-k8-p0-cp-003/check_k8s_pods_kube-system is CRITICAL;open;support;landa;https://rt.i.masterinter.net/Ticket/Display.html?id=812093;"8446";;2026-06-05 06:10:27.000;0;0;1;0;0;0.0000
812078;Zpomalen˝ server;open;support;landa;https://rt.i.masterinter.net/Ticket/Display.html?id=812078;"5169";;2026-06-05 06:11:10.000;0;0;1;0;0;0.0000
812087;Nefunguje lets encrypt pro new.epravo.cz;resolved;support;landa;https://rt.i.masterinter.net/Ticket/Display.html?id=812087;"5169";;2026-06-05 06:11:47.000;0;0;1;0;0;0.0000
812086;Instalace Redis, a novych PHP verzi ;resolved;support;landa;https://rt.i.masterinter.net/Ticket/Display.html?id=812086;"5169";"92023";2026-06-05 06:14:01.000;0;0;1;0;0;0.0000
812082;(admin.masterdc.com CID#8473) Doinstalace aplikaci na cloud-1759;resolved;support;landa;https://rt.i.masterinter.net/Ticket/Display.html?id=812082;"8473";"86244";2026-06-05 06:16:38.000;0;0;1;0;0;0.0000
812086;Instalace Redis, a novych PHP verzi ;resolved;support;landa;https://rt.i.masterinter.net/Ticket/Display.html?id=812086;"5169";"92023";2026-06-05 06:30:48.000;0;1;0;0;0;0.5000
812113;PROBLEM Service Alert:  czphatestk8sreg01/nrpe_disk is CRITICAL ;open;support;landa;https://rt.i.masterinter.net/Ticket/Display.html?id=812113;"7245";;2026-06-05 06:37:30.000;0;0;1;0;0;0.0000
812051;(admin.masterdc.com CID#4940) V˝padky konektivity;resolved;support;landa;https://rt.i.masterinter.net/Ticket/Display.html?id=812051;"4940";;2026-06-05 06:41:38.000;0;0;1;0;0;0.0000
812092;cloud-3229/nrpe_cis_disk is CRITICAL;open;support;landa;https://rt.i.masterinter.net/Ticket/Display.html?id=812092;"5066";;2026-06-05 06:45:40.000;0;0;1;0;0;0.0000
812072;Vytvo¯enÌ firemnÌho e-mailu pro M·ria Hodyov·;resolved;hr;ulman;https://rt.i.masterinter.net/Ticket/Display.html?id=812072;;;2026-06-05 06:47:48.000;0;0;1;0;0;0.0000
811646;Obj. ID: 10542 Z·kaznÌk: #3788 - Bartoö Jan (Smartdata, s.r.o.);open;objednavky;ulman;https://rt.i.masterinter.net/Ticket/Display.html?id=811646;"3788";;2026-06-05 06:53:31.000;1;0;0;0;0;0.0000
812117;nov· role v Dynamics365 pro navol·vaËku;resolved;windows;ulman;https://rt.i.masterinter.net/Ticket/Display.html?id=812117;;;2026-06-05 06:55:33.000;1;0;0;0;0;0.0833
812066;(admin.masterdc.com CID#7026) Instalace supervisorctl;resolved;support;uhlik;https://rt.i.masterinter.net/Ticket/Display.html?id=812066;"7026";"68948";2026-06-05 07:18:39.000;1;0;0;0;0;0.0000
812053;NasazenÌ nov˝ch vhost config˘ + reload;open;support;uhlik;https://rt.i.masterinter.net/Ticket/Display.html?id=812053;"4138";;2026-06-05 07:18:53.000;1;0;0;0;0;0.0000
812135;(admin.masterdc.com CID#7247) Pridani SpiderLing mezi bots na openresty 1r/m;resolved;support;landa;https://rt.i.masterinter.net/Ticket/Display.html?id=812135;"7247";"72162";2026-06-05 07:30:34.000;0;0;1;0;0;0.0000
812135;(admin.masterdc.com CID#7247) Pridani SpiderLing mezi bots na openresty 1r/m;resolved;support;landa;https://rt.i.masterinter.net/Ticket/Display.html?id=812135;"7247";"72162";2026-06-05 07:30:35.000;0;1;0;0;0;0.0000
809960;Update managed Windows serveru - d9808 + Win VMs;resolved;support;schon;https://rt.i.masterinter.net/Ticket/Display.html?id=809960;"3113";;2026-06-05 07:35:49.000;0;1;0;0;0;1.0000
812072;Vytvo¯enÌ firemnÌho e-mailu pro M·ria Hodyov·;resolved;hr;ulman;https://rt.i.masterinter.net/Ticket/Display.html?id=812072;;;2026-06-05 07:38:00.000;0;1;0;0;0;0.5000
812116;ZmÏna adresy pro zasÌl·nÌ faktur DIGAMMA Brno, s.r.o.;open;support;landa;https://rt.i.masterinter.net/Ticket/Display.html?id=812116;"9040";;2026-06-05 07:47:51.000;0;0;1;0;0;0.0000
812127;Flap labda CETIN 5.6.2026;resolved;support;zidek;https://rt.i.masterinter.net/Ticket/Display.html?id=812127;;;2026-06-05 07:58:04.000;0;1;0;0;0;0.2500
812118;DDD Alert on col3.i.masterinter.net: 2026-06-05 09:04:02 - mai_net_ipv6 (1253) - Detected ;resolved;noc;zidek;https://rt.i.masterinter.net/Ticket/Display.html?id=812118;;;2026-06-05 08:00:12.000;1;0;0;0;0;0.0000
812115;DDD Alert on col3.i.masterinter.net: 2026-06-05 08:29:11 - mai_net_ipv6 (1253) - Detected ;resolved;noc;zidek;https://rt.i.masterinter.net/Ticket/Display.html?id=812115;;;2026-06-05 08:00:18.000;1;0;0;0;0;0.0000
812119;MAI Alert System: Core sit nebo nix.cz flap BFD protokolu na eOS Arista Routeru lo1.cr5.r3-1-4.dc3.cejl.brq.masterinter.net;resolved;noc;zidek;https://rt.i.masterinter.net/Ticket/Display.html?id=812119;;;2026-06-05 08:00:24.000;1;0;0;0;0;0.0000
811515;V˝padek serveru;open;support;uhlik;https://rt.i.masterinter.net/Ticket/Display.html?id=811515;"4551";;2026-06-05 08:00:29.000;1;0;0;0;0;0.0000
601167;Nahrada za MoinMoin - MediaWiki [tracking];open;support;zidek;https://rt.i.masterinter.net/Ticket/Display.html?id=601167;"7451";;2026-06-05 08:01:31.000;1;0;0;0;0;0.0333
773835;[tracking] VPS öablony;open;support;blazek;https://rt.i.masterinter.net/Ticket/Display.html?id=773835;;;2026-06-05 08:15:17.000;1;0;0;0;0;0.0000
807910;ESET upgrade to v13 [tracking];resolved;support;schon;https://rt.i.masterinter.net/Ticket/Display.html?id=807910;;;2026-06-05 08:26:07.000;1;0;0;0;0;0.0833
812145;Aktualizace Sentry + Grafany;open;support;belousov;https://rt.i.masterinter.net/Ticket/Display.html?id=812145;"6790";"90270";2026-06-05 08:29:31.000;0;0;1;0;0;0.0000
812135;(admin.masterdc.com CID#7247) Pridani SpiderLing mezi bots na openresty 1r/m;resolved;support;tomas.krupicka;https://rt.i.masterinter.net/Ticket/Display.html?id=812135;"7247";"72162";2026-06-05 08:30:30.000;0;1;0;0;0;0.2500
809663;Access to the MasterDC infrastructure for installing the StackBill portal;open;support;vaclav.rozsypalek;https://rt.i.masterinter.net/Ticket/Display.html?id=809663;"9665";;2026-06-05 08:31:33.000;0;1;0;0;0;0.0000
812145;Aktualizace Sentry + Grafany;open;support;belousov;https://rt.i.masterinter.net/Ticket/Display.html?id=812145;"6790";"90270";2026-06-05 08:31:48.000;0;1;0;0;0;0.0000
809959;Update managed Windows serveru - cloud-1371, cloud-1372;resolved;support;schon;https://rt.i.masterinter.net/Ticket/Display.html?id=809959;"7226";;2026-06-05 08:32:09.000;0;1;0;0;0;0.1667
773835;[tracking] VPS öablony;open;support;blazek;https://rt.i.masterinter.net/Ticket/Display.html?id=773835;;;2026-06-05 08:33:15.000;1;0;0;0;0;0.1667
809966;Update managed Windows serveru - cloud-1219;resolved;support;schon;https://rt.i.masterinter.net/Ticket/Display.html?id=809966;"6173";;2026-06-05 08:34:51.000;0;1;0;0;0;0.1667
809745;(admin.masterdc.com CID#9425) Hodnoty limit˘ CPU a MEM do manifest˘ PROD pod˘ aplikaËnÌch server˘ a DB;open;support;belousov;https://rt.i.masterinter.net/Ticket/Display.html?id=809745;"9425";"116715";2026-06-05 08:39:23.000;0;1;0;0;0;0.0000
809745;(admin.masterdc.com CID#9425) Hodnoty limit˘ CPU a MEM do manifest˘ PROD pod˘ aplikaËnÌch server˘ a DB;open;support;belousov;https://rt.i.masterinter.net/Ticket/Display.html?id=809745;"9425";"116715";2026-06-05 08:39:34.000;0;0;1;0;0;1.0000
811296;(admin.masterdc.com CID#5066) Defguard pro copywriters;resolved;support;machovec;https://rt.i.masterinter.net/Ticket/Display.html?id=811296;"5066";;2026-06-05 08:40:40.000;0;1;0;0;0;0.2500
807254;"110% quota threshold exceeded by D4546\bcp-6480-d9756-VMFS";resolved;support;schon;https://rt.i.masterinter.net/Ticket/Display.html?id=807254;"6480";"116203";2026-06-05 08:41:35.000;1;0;0;0;0;0.1667
812145;Aktualizace Sentry + Grafany;open;support;belousov;https://rt.i.masterinter.net/Ticket/Display.html?id=812145;"6790";"90270";2026-06-05 08:42:57.000;0;1;0;0;0;0.0000
812074;Obj. ID: 10544 Z·kaznÌk: #7324 - Hofer VÌt (Aceproit s.r.o.);open;objednavky;tarcak;https://rt.i.masterinter.net/Ticket/Display.html?id=812074;"7324";;2026-06-05 08:46:19.000;0;0;1;0;0;0.0000
811834;(admin.masterdc.com CID#6434) NapojenÌ cloud-1951 na logovacÌ server;resolved;support;belousov;https://rt.i.masterinter.net/Ticket/Display.html?id=811834;"6434";"86923";2026-06-05 08:46:48.000;0;1;0;0;0;0.0000
812127;Flap labda CETIN 5.6.2026;resolved;support;zidek;https://rt.i.masterinter.net/Ticket/Display.html?id=812127;;;2026-06-05 08:53:24.000;0;1;0;0;0;0.0000
812135;(admin.masterdc.com CID#7247) Pridani SpiderLing mezi bots na openresty 1r/m;resolved;support;tomas.krupicka;https://rt.i.masterinter.net/Ticket/Display.html?id=812135;"7247";"72162";2026-06-05 09:04:46.000;0;1;0;0;0;0.2500
812077;Upgrade k8s;new;support;hrncir;https://rt.i.masterinter.net/Ticket/Display.html?id=812077;"8446";"85129";2026-06-05 09:06:16.000;1;0;0;0;0;1.2500
807254;"110% quota threshold exceeded by D4546\bcp-6480-d9756-VMFS";resolved;support;ulman;https://rt.i.masterinter.net/Ticket/Display.html?id=807254;"6480";"116203";2026-06-05 09:06:59.000;1;0;0;0;0;0.0000
812149;PROBLEM Service Alert:  eu-fsn-k8-p0-cp-001/check_k8s_pods_kube-system is CRITICAL;open;support;hrncir;https://rt.i.masterinter.net/Ticket/Display.html?id=812149;"8446";;2026-06-05 09:10:28.000;1;0;0;0;0;0.0000
812149;PROBLEM Service Alert:  eu-fsn-k8-p0-cp-001/check_k8s_pods_kube-system is CRITICAL;open;support;hrncir;https://rt.i.masterinter.net/Ticket/Display.html?id=812149;"8446";;2026-06-05 09:27:38.000;0;1;0;0;0;0.2500
811310;d125/check_isp_le_renewal is CRITICAL;resolved;support;jarmara;https://rt.i.masterinter.net/Ticket/Display.html?id=811310;"3652";;2026-06-05 09:33:43.000;1;0;0;0;0;0.0833
812054;d400.masterinter.net/check_isp_domains is CRITICAL;resolved;support;jarmara;https://rt.i.masterinter.net/Ticket/Display.html?id=812054;"4857";"76325";2026-06-05 09:37:49.000;1;0;0;0;0;0.0000
811323;d4169/check_isp_le_renewal is CRITICAL;resolved;support;jarmara;https://rt.i.masterinter.net/Ticket/Display.html?id=811323;"4236";;2026-06-05 09:38:20.000;1;0;0;0;0;0.0167
811538;PROBLEM Service Alert: cloud-2156/http is CRITICAL;resolved;support;jarmara;https://rt.i.masterinter.net/Ticket/Display.html?id=811538;"6284";;2026-06-05 09:38:52.000;1;0;0;0;0;0.0167
811819;zmÏna nastavenÌ vhosta pro domÈnu https://www.masterhomesecurity.com;resolved;managed;jarmara;https://rt.i.masterinter.net/Ticket/Display.html?id=811819;;;2026-06-05 09:39:16.000;0;0;1;0;0;0.0833
812117;nov· role v Dynamics365 pro navol·vaËku;resolved;windows;ulman;https://rt.i.masterinter.net/Ticket/Display.html?id=812117;;;2026-06-05 09:42:20.000;1;0;0;0;0;2.0000
811530;(admin.masterdc.com CID#3113) Managed Docker Windows Containers Server;open;support;ulman;https://rt.i.masterinter.net/Ticket/Display.html?id=811530;"3113";"93000";2026-06-05 09:49:04.000;0;1;0;0;0;0.2500
812160;haproxy dev beleuchtung nova domena ssua.pgmrls.eu;resolved;support;landa;https://rt.i.masterinter.net/Ticket/Display.html?id=812160;"4381";"56710";2026-06-05 09:49:42.000;0;0;1;0;0;0.0000
812160;haproxy dev beleuchtung nova domena ssua.pgmrls.eu;resolved;support;landa;https://rt.i.masterinter.net/Ticket/Display.html?id=812160;"4381";"56710";2026-06-05 09:49:43.000;0;1;0;0;0;0.0000
812066;(admin.masterdc.com CID#7026) Instalace supervisorctl;resolved;support;uhlik;https://rt.i.masterinter.net/Ticket/Display.html?id=812066;"7026";"68948";2026-06-05 09:58:25.000;0;1;0;0;0;0.0000
811834;(admin.masterdc.com CID#6434) NapojenÌ cloud-1951 na logovacÌ server;resolved;support;belousov;https://rt.i.masterinter.net/Ticket/Display.html?id=811834;"6434";"86923";2026-06-05 10:06:22.000;0;1;0;0;0;0.0000
812167;haproxy - whitelist user agenta pre beleuchtung;open;support;jarmara;https://rt.i.masterinter.net/Ticket/Display.html?id=812167;"4381";;2026-06-05 10:09:06.000;0;0;1;0;0;0.0000
812167;haproxy - whitelist user agenta pre beleuchtung;open;support;jarmara;https://rt.i.masterinter.net/Ticket/Display.html?id=812167;"4381";;2026-06-05 10:09:06.000;0;1;0;0;0;0.0000
812167;haproxy - whitelist user agenta pre beleuchtung;open;support;belousov;https://rt.i.masterinter.net/Ticket/Display.html?id=812167;"4381";;2026-06-05 10:15:33.000;0;1;0;0;0;0.0000
812145;Aktualizace Sentry + Grafany;open;support;belousov;https://rt.i.masterinter.net/Ticket/Display.html?id=812145;"6790";"90270";2026-06-05 10:16:50.000;0;1;0;0;0;0.0000
809745;(admin.masterdc.com CID#9425) Hodnoty limit˘ CPU a MEM do manifest˘ PROD pod˘ aplikaËnÌch server˘ a DB;open;support;belousov;https://rt.i.masterinter.net/Ticket/Display.html?id=809745;"9425";"116715";2026-06-05 10:24:00.000;0;1;0;0;0;0.0000
812082;(admin.masterdc.com CID#8473) Doinstalace aplikaci na cloud-1759;resolved;support;michal.nosek;https://rt.i.masterinter.net/Ticket/Display.html?id=812082;"8473";"86244";2026-06-05 10:27:40.000;0;1;0;0;0;0.2500
812168;(admin.masterdc.com CID#9076) Instalace FTP serveru;open;support;jarmara;https://rt.i.masterinter.net/Ticket/Display.html?id=812168;"9076";"95563";2026-06-05 10:30:52.000;0;0;1;0;0;0.0000
812168;(admin.masterdc.com CID#9076) Instalace FTP serveru;open;support;jarmara;https://rt.i.masterinter.net/Ticket/Display.html?id=812168;"9076";"95563";2026-06-05 10:30:52.000;0;1;0;0;0;0.0000
809663;Access to the MasterDC infrastructure for installing the StackBill portal;open;support;vaclav.rozsypalek;https://rt.i.masterinter.net/Ticket/Display.html?id=809663;"9665";;2026-06-05 10:39:12.000;0;1;0;0;0;0.0000
812135;(admin.masterdc.com CID#7247) Pridani SpiderLing mezi bots na openresty 1r/m;resolved;support;jiri.sakac;https://rt.i.masterinter.net/Ticket/Display.html?id=812135;"7247";"72162";2026-06-05 10:48:04.000;0;1;0;0;0;0.0000
812160;haproxy dev beleuchtung nova domena ssua.pgmrls.eu;resolved;support;maska;https://rt.i.masterinter.net/Ticket/Display.html?id=812160;"4381";"56710";2026-06-05 10:56:05.000;0;1;0;0;0;0.7500
812168;(admin.masterdc.com CID#9076) Instalace FTP serveru;open;support;jarmara;https://rt.i.masterinter.net/Ticket/Display.html?id=812168;"9076";"95563";2026-06-05 11:00:23.000;0;1;0;0;0;0.2500
812167;haproxy - whitelist user agenta pre beleuchtung;open;support;belousov;https://rt.i.masterinter.net/Ticket/Display.html?id=812167;"4381";;2026-06-05 11:02:06.000;0;1;0;0;0;0.0000
812170;PROBLEM Service Alert:  cloud-2156/https_api.angelomonitor.com is CRITICAL;new;support;jarmara;https://rt.i.masterinter.net/Ticket/Display.html?id=812170;"6284";;2026-06-05 11:03:56.000;0;0;1;0;0;0.0000
812113;PROBLEM Service Alert:  czphatestk8sreg01/nrpe_disk is CRITICAL ;open;support;belousov;https://rt.i.masterinter.net/Ticket/Display.html?id=812113;"7245";;2026-06-05 11:06:40.000;0;1;0;0;0;0.0000
812172;PROBLEM Service Alert:  cloud-1825/nrpe_load is CRITICAL;new;support;jarmara;https://rt.i.masterinter.net/Ticket/Display.html?id=812172;"6790";;2026-06-05 11:09:48.000;0;0;1;0;0;0.0000
812167;haproxy - whitelist user agenta pre beleuchtung;open;support;belousov;https://rt.i.masterinter.net/Ticket/Display.html?id=812167;"4381";;2026-06-05 11:12:53.000;0;1;0;0;0;0.0000
811296;(admin.masterdc.com CID#5066) Defguard pro copywriters;resolved;support;ondrej;https://rt.i.masterinter.net/Ticket/Display.html?id=811296;"5066";;2026-06-05 11:16:35.000;0;1;0;0;0;0.0000
812030;cloud 2245@Brno - mail.master.cz/check_emailquota is CRITICAL;resolved;support;ulman;https://rt.i.masterinter.net/Ticket/Display.html?id=812030;"7451";;2026-06-05 11:21:18.000;0;1;0;0;0;0.2500
812030;cloud 2245@Brno - mail.master.cz/check_emailquota is CRITICAL;resolved;support;ulman;https://rt.i.masterinter.net/Ticket/Display.html?id=812030;"7451";;2026-06-05 11:21:48.000;1;0;0;0;0;0.0000
812030;cloud 2245@Brno - mail.master.cz/check_emailquota is CRITICAL;resolved;support;ulman;https://rt.i.masterinter.net/Ticket/Display.html?id=812030;"7451";;2026-06-05 11:22:37.000;1;0;0;0;0;0.0167
811834;(admin.masterdc.com CID#6434) NapojenÌ cloud-1951 na logovacÌ server;resolved;support;belousov;https://rt.i.masterinter.net/Ticket/Display.html?id=811834;"6434";"86923";2026-06-05 11:31:57.000;0;1;0;0;0;0.0000
812167;haproxy - whitelist user agenta pre beleuchtung;open;support;belousov;https://rt.i.masterinter.net/Ticket/Display.html?id=812167;"4381";;2026-06-05 11:33:02.000;0;1;0;0;0;0.0000
812167;haproxy - whitelist user agenta pre beleuchtung;open;support;belousov;https://rt.i.masterinter.net/Ticket/Display.html?id=812167;"4381";;2026-06-05 11:33:49.000;0;0;1;0;0;1.0000
809745;(admin.masterdc.com CID#9425) Hodnoty limit˘ CPU a MEM do manifest˘ PROD pod˘ aplikaËnÌch server˘ a DB;open;support;belousov;https://rt.i.masterinter.net/Ticket/Display.html?id=809745;"9425";"116715";2026-06-05 11:34:12.000;0;0;1;0;0;0.7500
812169;[csirt-cz] [TLP:CLEAR] [Max CVSS 7.5] SolarWinds Serv-U opravuje 1 vysoce z·vaûnou zranitelnost;resolved;csirt;belousov;https://rt.i.masterinter.net/Ticket/Display.html?id=812169;;;2026-06-05 11:34:46.000;1;0;0;0;0;0.0000
809768;PROBLEM Service Alert: d1196/nrpe_disk is CRITICAL;open;support;tomas.krupicka;https://rt.i.masterinter.net/Ticket/Display.html?id=809768;"4067";"81132";2026-06-05 11:40:01.000;0;1;0;0;0;0.0000
812135;(admin.masterdc.com CID#7247) Pridani SpiderLing mezi bots na openresty 1r/m;resolved;support;jiri.sakac;https://rt.i.masterinter.net/Ticket/Display.html?id=812135;"7247";"72162";2026-06-05 11:54:26.000;0;1;0;0;0;0.0000
812135;(admin.masterdc.com CID#7247) Pridani SpiderLing mezi bots na openresty 1r/m;resolved;support;jiri.sakac;https://rt.i.masterinter.net/Ticket/Display.html?id=812135;"7247";"72162";2026-06-05 11:54:41.000;0;0;1;0;0;0.3333
803174;(admin.masterdc.com CID#9076) Povolit SSH p¯Ìstup + PHP 8.5;open;support;jarmara;https://rt.i.masterinter.net/Ticket/Display.html?id=803174;"9076";"95563";2026-06-05 11:56:08.000;0;1;0;0;0;0.2500
812140;DDD Alert on col3.i.masterinter.net: 2026-06-05 10:04:01 - mai_net_ipv6 (1253) - Detected ;resolved;noc;zidek;https://rt.i.masterinter.net/Ticket/Display.html?id=812140;;;2026-06-05 11:58:34.000;1;0;0;0;0;0.0000
812175;P¯ipojenÌ k SQL datab·zi TEAS_ESHOP na d125;stalled;support;jarmara;https://rt.i.masterinter.net/Ticket/Display.html?id=812175;"3652";"86025";2026-06-05 11:58:54.000;0;0;1;0;0;0.0000
812175;P¯ipojenÌ k SQL datab·zi TEAS_ESHOP na d125;stalled;support;jarmara;https://rt.i.masterinter.net/Ticket/Display.html?id=812175;"3652";"86025";2026-06-05 11:58:54.000;0;1;0;0;0;0.0000
811258;(admin.masterdc.com CID#7988) PRG3 - instalace PowerChute - D1229+D1231;open;support;ulman;https://rt.i.masterinter.net/Ticket/Display.html?id=811258;"7988";;2026-06-05 12:03:19.000;0;1;0;0;0;0.5000
811258;(admin.masterdc.com CID#7988) PRG3 - instalace PowerChute - D1229+D1231;open;support;ulman;https://rt.i.masterinter.net/Ticket/Display.html?id=811258;"6128";;2026-06-05 12:03:19.000;0;1;0;0;0;0.5000
812175;P¯ipojenÌ k SQL datab·zi TEAS_ESHOP na d125;stalled;support;maska;https://rt.i.masterinter.net/Ticket/Display.html?id=812175;"3652";"86025";2026-06-05 12:16:49.000;0;1;0;0;0;0.3333
811242;(admin.masterdc.com CID#7247) Rate-limiting scraper trafficu z datacenter IP (www1-4);open;support;tomas.krupicka;https://rt.i.masterinter.net/Ticket/Display.html?id=811242;"7247";"72162";2026-06-05 12:27:36.000;0;1;0;0;0;0.6667
558709;ProblÈm s host route OS10 / Problem na dp3 v praze / test server  77.93.193.225 3.8.2022 [tracking];resolved;networking;zidek;https://rt.i.masterinter.net/Ticket/Display.html?id=558709;"1253";;2026-06-05 12:32:59.000;1;0;0;0;0;0.0000
780412;Dell SR 216586479 / OS 10.6.0.5 [tracking];resolved;support;zidek;https://rt.i.masterinter.net/Ticket/Display.html?id=780412;;;2026-06-05 12:34:15.000;1;0;0;0;0;0.0000
796304;⁄prava KB - iperf3 / MAC flap [tracking];resolved;support;zidek;https://rt.i.masterinter.net/Ticket/Display.html?id=796304;;;2026-06-05 12:35:48.000;1;0;0;0;0;0.0000
812066;(admin.masterdc.com CID#7026) Instalace supervisorctl;resolved;support;uhlik;https://rt.i.masterinter.net/Ticket/Display.html?id=812066;"7026";"68948";2026-06-05 12:41:06.000;0;1;0;0;0;0.0000
810931;Upgrade Percona DB na stacku 3 - staging;open;support;machovec;https://rt.i.masterinter.net/Ticket/Display.html?id=810931;"6790";"90270";2026-06-05 12:41:47.000;0;1;0;0;0;0.0000
812111;d9738-101 web/ssl_validation_kibana.3it.cz is CRITICAL;open;support;jarmara;https://rt.i.masterinter.net/Ticket/Display.html?id=812111;"8611";;2026-06-05 12:45:26.000;1;0;0;0;0;0.0833
809991;[Aures] Provereni odezvy aplikaci ;open;support;belousov;https://rt.i.masterinter.net/Ticket/Display.html?id=809991;"7245";;2026-06-05 12:46:03.000;0;0;1;0;0;0.0000
812160;haproxy dev beleuchtung nova domena ssua.pgmrls.eu;resolved;support;maska;https://rt.i.masterinter.net/Ticket/Display.html?id=812160;"4381";"56710";2026-06-05 12:49:38.000;0;1;0;0;0;0.0000
812082;(admin.masterdc.com CID#8473) Doinstalace aplikaci na cloud-1759;resolved;support;michal.nosek;https://rt.i.masterinter.net/Ticket/Display.html?id=812082;"8473";"86244";2026-06-05 12:57:22.000;0;1;0;0;0;0.2500
804562;[interni tracking] Databreakers - OstatnÌ pr·ce;open;EPIC;dusan.grmela;https://rt.i.masterinter.net/Ticket/Display.html?id=804562;;;2026-06-05 12:58:15.000;1;0;0;0;0;2.0000
740031;Smaz·nÌ VRF vrf_7613_flexdog [tracking];resolved;support;zidek;https://rt.i.masterinter.net/Ticket/Display.html?id=740031;;;2026-06-05 12:58:27.000;1;0;0;0;0;0.5000
812181;Gmail spam test;resolved;support;zidek;https://rt.i.masterinter.net/Ticket/Display.html?id=812181;;;2026-06-05 13:00:00.000;0;0;1;0;0;0.0000
812181;Gmail spam test;resolved;support;zidek;https://rt.i.masterinter.net/Ticket/Display.html?id=812181;;;2026-06-05 13:00:10.000;0;0;1;0;0;0.0000
812181;Gmail spam test;resolved;support;zidek;https://rt.i.masterinter.net/Ticket/Display.html?id=812181;;;2026-06-05 13:00:46.000;1;0;0;0;0;0.0000
812183;Gmail spam test;resolved;support;zidek;https://rt.i.masterinter.net/Ticket/Display.html?id=812183;;;2026-06-05 13:01:49.000;0;1;0;0;0;0.0000
812077;Upgrade k8s;new;support;dusan.grmela;https://rt.i.masterinter.net/Ticket/Display.html?id=812077;"8446";"85129";2026-06-05 13:02:59.000;1;0;0;0;0;4.0000
812183;Gmail spam test;resolved;support;zidek;https://rt.i.masterinter.net/Ticket/Display.html?id=812183;;;2026-06-05 13:03:27.000;1;0;0;0;0;0.0000
812180;(admin.masterdc.com CID#6128) IPsec tunel swisslog & stroj 10.112.128.60 - objasnÏnÌ ˙Ëelu;open;support;antonin.homola;https://rt.i.masterinter.net/Ticket/Display.html?id=812180;"6128";;2026-06-05 13:03:37.000;0;0;1;0;0;0.0000
807574;Reply z rt oznaËuje gmail jako Spam ;open;support;zidek;https://rt.i.masterinter.net/Ticket/Display.html?id=807574;;;2026-06-05 13:04:01.000;1;0;0;0;0;0.0833
812074;Obj. ID: 10544 Z·kaznÌk: #7324 - Hofer VÌt (Aceproit s.r.o.);open;objednavky;tarcak;https://rt.i.masterinter.net/Ticket/Display.html?id=812074;"7324";;2026-06-05 13:04:13.000;0;1;0;0;0;4.0000
803968;Inventura a dokumentace k LACP rate [tracking];open;support;zidek;https://rt.i.masterinter.net/Ticket/Display.html?id=803968;;;2026-06-05 13:05:20.000;1;0;0;0;0;0.0000
803968;Inventura a dokumentace k LACP rate [tracking];open;support;zidek;https://rt.i.masterinter.net/Ticket/Display.html?id=803968;;;2026-06-05 13:08:18.000;1;0;0;0;0;0.0000
811161;(admin.masterdc.com CID#7247) Podklady k revizi monitoringu naöich sluûeb;open;support;tomas.krupicka;https://rt.i.masterinter.net/Ticket/Display.html?id=811161;"7247";"72162";2026-06-05 13:10:54.000;0;1;0;0;0;1.0000
812066;(admin.masterdc.com CID#7026) Instalace supervisorctl;resolved;support;uhlik;https://rt.i.masterinter.net/Ticket/Display.html?id=812066;"7026";"68948";2026-06-05 13:12:07.000;0;0;1;0;0;0.2500
812184;Pristup serveru Pohoda;resolved;support;ulman;https://rt.i.masterinter.net/Ticket/Display.html?id=812184;"8987";;2026-06-05 13:17:36.000;0;0;1;0;0;0.0000
812184;Pristup serveru Pohoda;resolved;support;zidek;https://rt.i.masterinter.net/Ticket/Display.html?id=812184;"8987";;2026-06-05 13:21:12.000;1;0;0;0;0;0.3333
809991;[Aures] Provereni odezvy aplikaci ;open;support;belousov;https://rt.i.masterinter.net/Ticket/Display.html?id=809991;"7245";;2026-06-05 13:26:30.000;0;1;0;0;0;0.0000
809991;[Aures] Provereni odezvy aplikaci ;open;support;belousov;https://rt.i.masterinter.net/Ticket/Display.html?id=809991;"7245";;2026-06-05 13:26:49.000;0;0;1;0;0;5.0000
811258;(admin.masterdc.com CID#7988) PRG3 - instalace PowerChute - D1229+D1231;open;support;ulman;https://rt.i.masterinter.net/Ticket/Display.html?id=811258;"7988";;2026-06-05 13:29:57.000;0;1;0;0;0;0.0000
811258;(admin.masterdc.com CID#7988) PRG3 - instalace PowerChute - D1229+D1231;open;support;ulman;https://rt.i.masterinter.net/Ticket/Display.html?id=811258;"6128";;2026-06-05 13:29:57.000;0;1;0;0;0;0.0000
811327;(admin.masterdc.com CID#8446) Priprava high memory nodu;open;support;ondrej;https://rt.i.masterinter.net/Ticket/Display.html?id=811327;"8446";;2026-06-05 13:37:32.000;0;1;0;0;0;0.0000
811258;(admin.masterdc.com CID#7988) PRG3 - instalace PowerChute - D1229+D1231;open;support;ulman;https://rt.i.masterinter.net/Ticket/Display.html?id=811258;"7988";;2026-06-05 13:37:33.000;0;1;0;0;0;0.0000
811258;(admin.masterdc.com CID#7988) PRG3 - instalace PowerChute - D1229+D1231;open;support;ulman;https://rt.i.masterinter.net/Ticket/Display.html?id=811258;"6128";;2026-06-05 13:37:33.000;0;1;0;0;0;0.0000
812184;Pristup serveru Pohoda;resolved;support;ulman;https://rt.i.masterinter.net/Ticket/Display.html?id=812184;"8987";;2026-06-05 13:39:34.000;1;0;0;0;0;0.0000
812185;(admin.masterdc.com CID#2621) Obnova ze z·lohy;resolved;support;jarmara;https://rt.i.masterinter.net/Ticket/Display.html?id=812185;"2621";"85699";2026-06-05 13:40:23.000;0;0;1;0;0;0.0000
812185;(admin.masterdc.com CID#2621) Obnova ze z·lohy;resolved;support;jarmara;https://rt.i.masterinter.net/Ticket/Display.html?id=812185;"2621";"85699";2026-06-05 13:40:23.000;0;1;0;0;0;0.0000
812180;(admin.masterdc.com CID#6128) IPsec tunel swisslog & stroj 10.112.128.60 - objasnÏnÌ ˙Ëelu;open;support;antonin.homola;https://rt.i.masterinter.net/Ticket/Display.html?id=812180;"6128";;2026-06-05 13:41:52.000;0;1;0;0;0;0.5000
812184;Pristup serveru Pohoda;resolved;support;ulman;https://rt.i.masterinter.net/Ticket/Display.html?id=812184;"8987";;2026-06-05 13:44:08.000;0;1;0;0;0;0.0833
811258;(admin.masterdc.com CID#7988) PRG3 - instalace PowerChute - D1229+D1231;open;support;ulman;https://rt.i.masterinter.net/Ticket/Display.html?id=811258;"7988";;2026-06-05 13:46:58.000;0;1;0;0;0;0.0000
811258;(admin.masterdc.com CID#7988) PRG3 - instalace PowerChute - D1229+D1231;open;support;ulman;https://rt.i.masterinter.net/Ticket/Display.html?id=811258;"6128";;2026-06-05 13:46:58.000;0;1;0;0;0;0.0000
812180;(admin.masterdc.com CID#6128) IPsec tunel swisslog & stroj 10.112.128.60 - objasnÏnÌ ˙Ëelu;open;support;antonin.homola;https://rt.i.masterinter.net/Ticket/Display.html?id=812180;"6128";;2026-06-05 13:47:09.000;0;1;0;0;0;0.0833
812185;(admin.masterdc.com CID#2621) Obnova ze z·lohy;resolved;support;landa;https://rt.i.masterinter.net/Ticket/Display.html?id=812185;"2621";"85699";2026-06-05 13:48:00.000;0;1;0;0;0;0.2500
812186;admin consent aplikace cal.com pro Martina Baneka;resolved;windows;ulman;https://rt.i.masterinter.net/Ticket/Display.html?id=812186;;;2026-06-05 14:05:32.000;1;0;0;0;0;2.0000
810639;Statut·rnÌ mÏsto Brno: Ve¯ejn· zak·zka: Platforma pro spr·vu AI agent˘ a automatizovan˝ch workflow;open;poptavky;jiri.sakac;https://rt.i.masterinter.net/Ticket/Display.html?id=810639;;;2026-06-05 14:45:35.000;0;1;0;0;0;0.0000
809663;Access to the MasterDC infrastructure for installing the StackBill portal;open;support;vaclav.rozsypalek;https://rt.i.masterinter.net/Ticket/Display.html?id=809663;"9665";;2026-06-05 17:37:37.000;0;1;0;0;0;0.0000
812191;Sentry down Jun 5, 2026, 19:30:16 GMT+2;open;support;uhlik;https://rt.i.masterinter.net/Ticket/Display.html?id=812191;"6790";;2026-06-05 19:20:08.000;0;1;0;0;0;0.0000
812191;Sentry down Jun 5, 2026, 19:30:16 GMT+2;open;support;uhlik;https://rt.i.masterinter.net/Ticket/Display.html?id=812191;"6790";;2026-06-05 19:20:15.000;0;0;1;0;0;0.5000
812206;vsan5-8.r12-5.dc1.4d.prg.i.masterinter.net/idrac status service is CRITICAL;new;support;uhlik;https://rt.i.masterinter.net/Ticket/Display.html?id=812206;"7445";;2026-06-06 02:29:27.000;1;0;0;0;0;0.0000
812207;cloud-1760.masterinter.net/nrpe_strongswan is CRITICAL;open;support;uhlik;https://rt.i.masterinter.net/Ticket/Display.html?id=812207;"8473";;2026-06-06 02:57:57.000;0;1;0;0;0;0.0000
812206;vsan5-8.r12-5.dc1.4d.prg.i.masterinter.net/idrac status service is CRITICAL;new;support;machovec;https://rt.i.masterinter.net/Ticket/Display.html?id=812206;"7445";;2026-06-06 10:55:01.000;1;0;0;0;0;0.5000
812220;PROBLEM Host Alert: eu-fsn-ss-s0-ma-001.dtb.cm is DOWN;resolved;support;ondrej;https://rt.i.masterinter.net/Ticket/Display.html?id=812220;"8446";;2026-06-06 14:50:30.000;0;1;0;0;0;0.0000
812221;PROBLEM Service Alert:  cloud-2156/https is CRITICAL;resolved;Incident Reports;ondrej;https://rt.i.masterinter.net/Ticket/Display.html?id=812221;;;2026-06-06 15:40:50.000;1;0;0;0;0;0.2500
812220;PROBLEM Host Alert: eu-fsn-ss-s0-ma-001.dtb.cm is DOWN;resolved;support;ondrej;https://rt.i.masterinter.net/Ticket/Display.html?id=812220;"8446";;2026-06-06 16:06:30.000;0;1;0;0;0;0.5000
812226;PROBLEM Service Alert:  cloud-3258/https is CRITICAL;new;support;ondrej;https://rt.i.masterinter.net/Ticket/Display.html?id=812226;"9492";;2026-06-06 17:54:34.000;1;0;0;0;0;0.5000
812218;PROBLEM Service Alert:  d1855-101/nrpe_disk is CRITICAL;resolved;support;ondrej;https://rt.i.masterinter.net/Ticket/Display.html?id=812218;"4067";;2026-06-07 01:26:39.000;1;0;0;0;0;0.7500
812233;golemos-web/check_services_golemos is CRITICAL;open;support;ondrej;https://rt.i.masterinter.net/Ticket/Display.html?id=812233;"7247";"72162";2026-06-07 03:39:24.000;1;0;0;0;0;0.5000
812234;cloud-1699/nrpe_cis_disk is CRITICAL;resolved;Incident Reports;ondrej;https://rt.i.masterinter.net/Ticket/Display.html?id=812234;"5066";;2026-06-07 03:53:00.000;0;1;0;0;0;0.5000
812243;(admin.masterdc.com CID#7247) Urgent - nefunkËnÌ email;open;support;tomas.krupicka;https://rt.i.masterinter.net/Ticket/Display.html?id=812243;"7247";;2026-06-07 06:45:09.000;0;1;0;0;0;0.0000
812243;(admin.masterdc.com CID#7247) Urgent - nefunkËnÌ email;open;support;tomas.krupicka;https://rt.i.masterinter.net/Ticket/Display.html?id=812243;"7247";;2026-06-07 06:50:13.000;0;1;0;0;0;0.7500
812248;PROBLEM Service Alert:  d238-web11.masterinter.net/http is CRITICAL;open;support;tomas.krupicka;https://rt.i.masterinter.net/Ticket/Display.html?id=812248;"6771";;2026-06-07 07:31:14.000;0;1;0;0;0;0.5000
812248;PROBLEM Service Alert:  d238-web11.masterinter.net/http is CRITICAL;open;support;tomas.krupicka;https://rt.i.masterinter.net/Ticket/Display.html?id=812248;"6771";;2026-06-07 08:15:25.000;1;0;0;0;0;0.2500
809971;Update managed Windows serveru;open;support;schon;https://rt.i.masterinter.net/Ticket/Display.html?id=809971;"6516";;2026-06-07 17:22:39.000;1;0;0;0;0;0.0000
809971;Update managed Windows serveru;open;support;schon;https://rt.i.masterinter.net/Ticket/Display.html?id=809971;"6516";;2026-06-07 17:30:36.000;0;1;0;0;0;2.5000
812237;d92/check_veeam_backup is CRITICAL;resolved;support;schon;https://rt.i.masterinter.net/Ticket/Display.html?id=812237;"4018";"48850";2026-06-07 19:44:22.000;0;0;1;0;0;0.0000
812236;d9756 FileStore-W25/check_veeam_backup is CRITICAL;resolved;support;schon;https://rt.i.masterinter.net/Ticket/Display.html?id=812236;"6480";;2026-06-07 19:44:26.000;0;0;1;0;0;0.0000
812111;d9738-101 web/ssl_validation_kibana.3it.cz is CRITICAL;open;support;tomas.krupicka;https://rt.i.masterinter.net/Ticket/Display.html?id=812111;"8611";;2026-06-07 22:06:36.000;0;1;0;0;0;0.7500
812281;(admin.masterdc.com CID#8576) ProsÌm, p¯idat do scheduleru;resolved;support;schon;https://rt.i.masterinter.net/Ticket/Display.html?id=812281;"8576";"86709";2026-06-08 05:12:36.000;0;0;1;0;0;0.0000
809971;Update managed Windows serveru;open;support;schon;https://rt.i.masterinter.net/Ticket/Display.html?id=809971;"6516";;2026-06-08 05:16:31.000;0;1;0;0;0;0.5000
812305;grafana-alert/7247_Golemos-wwwOpcacheFreeMemory is CRITICAL;resolved;support;maska;https://rt.i.masterinter.net/Ticket/Display.html?id=812305;"7247";"72162";2026-06-08 05:42:17.000;0;0;1;0;0;0.0000
812243;(admin.masterdc.com CID#7247) Urgent - nefunkËnÌ email;open;support;maska;https://rt.i.masterinter.net/Ticket/Display.html?id=812243;"7247";;2026-06-08 05:46:23.000;0;0;1;0;0;0.0000
812233;golemos-web/check_services_golemos is CRITICAL;open;support;maska;https://rt.i.masterinter.net/Ticket/Display.html?id=812233;"7247";"72162";2026-06-08 05:46:34.000;0;0;1;0;0;0.0000
812229;golemos-web/PROD - 1165231987.s11.eshop-rychle.cz - wwwX - provereni pravidelnych vypadku;open;support;maska;https://rt.i.masterinter.net/Ticket/Display.html?id=812229;"7247";"72162";2026-06-08 05:46:47.000;0;0;1;0;0;0.0000
812184;Pristup serveru Pohoda;resolved;support;ulman;https://rt.i.masterinter.net/Ticket/Display.html?id=812184;"8987";;2026-06-08 05:47:18.000;0;1;0;0;0;0.0833
812234;cloud-1699/nrpe_cis_disk is CRITICAL;resolved;Incident Reports;maska;https://rt.i.masterinter.net/Ticket/Display.html?id=812234;"5066";;2026-06-08 05:48:02.000;0;0;1;0;0;0.0000
812289;PROBLEM Service Alert:  d899/mysql-slavestatus-mysql2 is CRITICAL ;resolved;support;maska;https://rt.i.masterinter.net/Ticket/Display.html?id=812289;"7247";"72162";2026-06-08 05:48:28.000;0;0;1;0;0;0.0000
812184;Pristup serveru Pohoda;resolved;support;ulman;https://rt.i.masterinter.net/Ticket/Display.html?id=812184;"8987";;2026-06-08 05:49:43.000;1;0;0;0;0;0.0000
805274;prostup EIS (IDC) na server MDC Pohoda ;resolved;support;ulman;https://rt.i.masterinter.net/Ticket/Display.html?id=805274;"8987";;2026-06-08 05:50:13.000;1;0;0;0;0;0.0833
811834;(admin.masterdc.com CID#6434) NapojenÌ cloud-1951 na logovacÌ server;resolved;support;belousov;https://rt.i.masterinter.net/Ticket/Display.html?id=811834;"6434";"86923";2026-06-08 05:50:26.000;0;1;0;0;0;0.0000
811258;(admin.masterdc.com CID#7988) PRG3 - instalace PowerChute - D1229+D1231;open;support;ulman;https://rt.i.masterinter.net/Ticket/Display.html?id=811258;"7988";;2026-06-08 05:52:38.000;0;1;0;0;0;0.0000
811258;(admin.masterdc.com CID#7988) PRG3 - instalace PowerChute - D1229+D1231;open;support;ulman;https://rt.i.masterinter.net/Ticket/Display.html?id=811258;"6128";;2026-06-08 05:52:38.000;0;1;0;0;0;0.0000
812271;(admin.masterdc.com CID#4236) Whitelist IP;resolved;support;maska;https://rt.i.masterinter.net/Ticket/Display.html?id=812271;"4236";"119009";2026-06-08 05:53:08.000;0;0;1;0;0;0.0000
812186;admin consent aplikace cal.com pro Martina Baneka;resolved;windows;ulman;https://rt.i.masterinter.net/Ticket/Display.html?id=812186;;;2026-06-08 05:53:28.000;1;0;0;0;0;0.0000
812072;Vytvo¯enÌ firemnÌho e-mailu pro M·ria Hodyov·;resolved;hr;ulman;https://rt.i.masterinter.net/Ticket/Display.html?id=812072;;;2026-06-08 05:54:44.000;1;0;0;0;0;0.0833
812301;[Failed] SQL Server Job System: 'transactionlog-iscsi.Subplan_1' completed on \\CLOUD-1063\DZC.;new;support;ulman;https://rt.i.masterinter.net/Ticket/Display.html?id=812301;;;2026-06-08 05:56:04.000;0;0;1;0;0;0.0000
812271;(admin.masterdc.com CID#4236) Whitelist IP;resolved;support;maska;https://rt.i.masterinter.net/Ticket/Display.html?id=812271;"4236";"119009";2026-06-08 05:58:37.000;0;1;0;0;0;0.2500
812210;cloud-1294.masterinter.net/nrpe_lb_domains is CRITICAL ;new;support;maska;https://rt.i.masterinter.net/Ticket/Display.html?id=812210;"4381";;2026-06-08 06:03:10.000;0;0;1;0;0;0.0000
812214;ZruöenÌ sluûby, ukonËena k datu 05.06.2026 z·kaznÌk #2870 - VyöohlÌd Martin;resolved;cancel;maska;https://rt.i.masterinter.net/Ticket/Display.html?id=812214;"2870";;2026-06-08 06:04:50.000;0;0;1;0;0;0.0000
812218;PROBLEM Service Alert:  d1855-101/nrpe_disk is CRITICAL;resolved;support;maska;https://rt.i.masterinter.net/Ticket/Display.html?id=812218;"4067";;2026-06-08 06:05:08.000;0;0;1;0;0;0.0000
812221;PROBLEM Service Alert:  cloud-2156/https is CRITICAL;resolved;Incident Reports;maska;https://rt.i.masterinter.net/Ticket/Display.html?id=812221;;;2026-06-08 06:05:21.000;0;0;1;0;0;0.0000
812226;PROBLEM Service Alert:  cloud-3258/https is CRITICAL;new;support;maska;https://rt.i.masterinter.net/Ticket/Display.html?id=812226;"9492";;2026-06-08 06:05:33.000;0;0;1;0;0;0.0000
812220;PROBLEM Host Alert: eu-fsn-ss-s0-ma-001.dtb.cm is DOWN;resolved;support;maska;https://rt.i.masterinter.net/Ticket/Display.html?id=812220;"8446";;2026-06-08 06:06:39.000;0;0;1;0;0;0.0000
812235;"3233@d4674/nrpe_mailq is CRITICAL";resolved;support;maska;https://rt.i.masterinter.net/Ticket/Display.html?id=812235;;;2026-06-08 06:07:10.000;0;0;1;0;0;0.0000
812255;PROBLEM Service Alert:  d125/check_isp_le_renewal is CRITICA;open;support;maska;https://rt.i.masterinter.net/Ticket/Display.html?id=812255;"3652";;2026-06-08 06:08:27.000;0;0;1;0;0;0.0000
812248;PROBLEM Service Alert:  d238-web11.masterinter.net/http is CRITICAL;open;support;maska;https://rt.i.masterinter.net/Ticket/Display.html?id=812248;"6771";;2026-06-08 06:08:47.000;0;0;1;0;0;0.0000
812301;[Failed] SQL Server Job System: 'transactionlog-iscsi.Subplan_1' completed on \\CLOUD-1063\DZC.;new;support;ulman;https://rt.i.masterinter.net/Ticket/Display.html?id=812301;;;2026-06-08 06:09:24.000;0;0;1;0;0;0.0000
812272;d9858-100 - misto na disku;resolved;support;maska;https://rt.i.masterinter.net/Ticket/Display.html?id=812272;"3033";;2026-06-08 06:09:55.000;0;0;1;0;0;0.0000
812272;d9858-100 - misto na disku;resolved;support;maska;https://rt.i.masterinter.net/Ticket/Display.html?id=812272;"3033";;2026-06-08 06:10:13.000;0;0;1;0;0;0.0000
812286;[RESOLVED]  (Arelion@cr8.c16.127.cecolo.prg.masterinter.net NOC SNMP);resolved;noc;zidek;https://rt.i.masterinter.net/Ticket/Display.html?id=812286;;;2026-06-08 06:11:45.000;1;0;0;0;0;0.0000
812207;cloud-1760.masterinter.net/nrpe_strongswan is CRITICAL;open;support;maska;https://rt.i.masterinter.net/Ticket/Display.html?id=812207;"8473";;2026-06-08 06:12:11.000;0;0;1;0;0;0.0000
812240;eu-hel-dt-p0-s3-001/check_s3_bucket_quota is CRITICAL;resolved;support;maska;https://rt.i.masterinter.net/Ticket/Display.html?id=812240;"8446";;2026-06-08 06:14:26.000;0;0;1;0;0;0.0000
812191;Sentry down Jun 5, 2026, 19:30:16 GMT+2;open;support;maska;https://rt.i.masterinter.net/Ticket/Display.html?id=812191;"6790";;2026-06-08 06:14:58.000;0;0;1;0;0;0.0000
812060;[csirt-cz] [TLP:CLEAR] [Max CVSS 8.6] Cisco opravuje 3 zranitelnosti;resolved;csirt;maska;https://rt.i.masterinter.net/Ticket/Display.html?id=812060;;;2026-06-08 06:16:04.000;1;0;0;0;0;0.0000
812079;Sluûby ËekajÌ na schv·lenÌ techu, Klient #7324 - Hofer VÌt (Aceproit s.r.o.);new;todo;maska;https://rt.i.masterinter.net/Ticket/Display.html?id=812079;"7324";;2026-06-08 06:16:46.000;0;0;1;0;0;0.0000
812149;PROBLEM Service Alert:  eu-fsn-k8-p0-cp-001/check_k8s_pods_kube-system is CRITICAL;open;support;maska;https://rt.i.masterinter.net/Ticket/Display.html?id=812149;"8446";;2026-06-08 06:17:08.000;0;0;1;0;0;0.0000
812206;vsan5-8.r12-5.dc1.4d.prg.i.masterinter.net/idrac status service is CRITICAL;new;support;maska;https://rt.i.masterinter.net/Ticket/Display.html?id=812206;"7445";;2026-06-08 06:18:23.000;0;0;1;0;0;0.0000
812308;PROBLEM Service Alert: d9740/nrpe_cis_state is CRITICAL;open;support;maska;https://rt.i.masterinter.net/Ticket/Display.html?id=812308;"4067";;2026-06-08 06:21:38.000;0;0;1;0;0;0.0000
812182;[csirt-cz] [TLP:CLEAR] [Max CVSS 9.0] Synology Chat Server opravuje 3 zranitelnosti;resolved;csirt;maska;https://rt.i.masterinter.net/Ticket/Display.html?id=812182;;;2026-06-08 06:24:17.000;1;0;0;0;0;0.0000
812189;[csirt-cz] [TLP:CLEAR] [Max CVSS 7.3] Acronis opravuje 4 zranitelnosti;resolved;csirt;maska;https://rt.i.masterinter.net/Ticket/Display.html?id=812189;;;2026-06-08 06:24:39.000;1;0;0;0;0;0.0000
812177;[csirt-cz] [TLP:CLEAR] [Max CVSS 8.8] PostgreSQL opravuje 11 zranitelnostÌ;resolved;csirt;maska;https://rt.i.masterinter.net/Ticket/Display.html?id=812177;;;2026-06-08 06:24:53.000;0;0;1;0;0;0.0000
812309;PROBLEM Service Alert: cloud-1863/nrpe_cis_state is CRITICAL;open;support;maska;https://rt.i.masterinter.net/Ticket/Display.html?id=812309;"5066";;2026-06-08 06:29:45.000;0;0;1;0;0;0.0000
812212;cloud-3277 - misto na disku;resolved;support;maska;https://rt.i.masterinter.net/Ticket/Display.html?id=812212;"4551";"118777";2026-06-08 06:37:06.000;0;0;1;0;0;0.0000
812212;cloud-3277 - misto na disku;resolved;support;maska;https://rt.i.masterinter.net/Ticket/Display.html?id=812212;"4551";"118777";2026-06-08 06:37:12.000;0;0;1;0;0;0.0000
811965;Kontrola novÏ zaloûen˝ch automatick˝ch z·kaznÌk˘ ñ ovÏ¯enÌ opr·vnÏnÌ;resolved;todo;maska;https://rt.i.masterinter.net/Ticket/Display.html?id=811965;;;2026-06-08 06:38:15.000;0;0;1;0;0;0.0000
812310;Obj. ID: 10545 Z·kaznÌk: #4663 - Str·nsk˝ Petr  (DIGNITA s.r.o.);resolved;objednavky;schon;https://rt.i.masterinter.net/Ticket/Display.html?id=812310;"4663";;2026-06-08 06:38:19.000;0;0;1;0;0;0.0000
809768;PROBLEM Service Alert: d1196/nrpe_disk is CRITICAL;open;support;tomas.krupicka;https://rt.i.masterinter.net/Ticket/Display.html?id=809768;"4067";"81132";2026-06-08 06:39:16.000;0;1;0;0;0;0.0000
811834;(admin.masterdc.com CID#6434) NapojenÌ cloud-1951 na logovacÌ server;resolved;support;belousov;https://rt.i.masterinter.net/Ticket/Display.html?id=811834;"6434";"86923";2026-06-08 06:39:58.000;1;0;0;0;0;0.5000
812310;Obj. ID: 10545 Z·kaznÌk: #4663 - Str·nsk˝ Petr  (DIGNITA s.r.o.);resolved;objednavky;schon;https://rt.i.masterinter.net/Ticket/Display.html?id=812310;"4663";;2026-06-08 06:40:36.000;0;1;0;0;0;0.1667
812048;usetreno.cz - https_usetreno_c1-3 - v˝padek sluûeb;resolved;EPIC;ondrej;https://rt.i.masterinter.net/Ticket/Display.html?id=812048;"5066";;2026-06-08 06:47:09.000;1;0;0;0;0;0.0000
812234;cloud-1699/nrpe_cis_disk is CRITICAL;resolved;Incident Reports;ondrej;https://rt.i.masterinter.net/Ticket/Display.html?id=812234;"5066";;2026-06-08 06:48:03.000;1;0;0;0;0;0.0000
812212;cloud-3277 - misto na disku;resolved;support;maska;https://rt.i.masterinter.net/Ticket/Display.html?id=812212;"4551";"118777";2026-06-08 06:48:38.000;0;1;0;0;0;0.2500
812281;(admin.masterdc.com CID#8576) ProsÌm, p¯idat do scheduleru;resolved;support;schon;https://rt.i.masterinter.net/Ticket/Display.html?id=812281;"8576";"86709";2026-06-08 06:51:00.000;0;1;0;0;0;0.2500
812218;PROBLEM Service Alert:  d1855-101/nrpe_disk is CRITICAL;resolved;support;ondrej;https://rt.i.masterinter.net/Ticket/Display.html?id=812218;"4067";;2026-06-08 06:53:55.000;1;0;0;0;0;0.0000
812221;PROBLEM Service Alert:  cloud-2156/https is CRITICAL;resolved;Incident Reports;ondrej;https://rt.i.masterinter.net/Ticket/Display.html?id=812221;;;2026-06-08 06:54:12.000;0;0;1;0;0;0.0000
812206;vsan5-8.r12-5.dc1.4d.prg.i.masterinter.net/idrac status service is CRITICAL;new;support;machovec;https://rt.i.masterinter.net/Ticket/Display.html?id=812206;"7445";;2026-06-08 06:58:26.000;0;0;1;0;0;0.0000
812206;vsan5-8.r12-5.dc1.4d.prg.i.masterinter.net/idrac status service is CRITICAL;new;support;machovec;https://rt.i.masterinter.net/Ticket/Display.html?id=812206;"7445";;2026-06-08 06:58:27.000;1;0;0;0;0;0.0000
812213;czphadtpelastic02-aures/nrpe_disk is CRITICAL;open;support;maska;https://rt.i.masterinter.net/Ticket/Display.html?id=812213;"7245";;2026-06-08 06:59:36.000;0;0;1;0;0;0.0000
811403;[Failed] 8300_backup_cloud-1735 (1 machines) 1 failed;resolved;support;maska;https://rt.i.masterinter.net/Ticket/Display.html?id=811403;"8300";;2026-06-08 07:01:42.000;0;1;0;0;0;0.0000
812313;Obj. ID: 10546 Z·kaznÌk: #9734 - Houba jr. VladimÌr  (PROSOFT, spol. s r.o.);resolved;objednavky;maska;https://rt.i.masterinter.net/Ticket/Display.html?id=812313;"9734";;2026-06-08 07:02:10.000;0;0;1;0;0;0.0000
812314;Sluûby ËekajÌ na schv·lenÌ techu, Klient #9734 - Houba jr. VladimÌr  (PROSOFT, spol. s r.o.);resolved;todo;maska;https://rt.i.masterinter.net/Ticket/Display.html?id=812314;"9734";;2026-06-08 07:02:13.000;0;0;1;0;0;0.0000
812284;SSH pro GitHub action;resolved;support;maska;https://rt.i.masterinter.net/Ticket/Display.html?id=812284;"5169";"92023";2026-06-08 07:03:34.000;0;0;1;0;0;0.0000
810242;(CID 4551) Pravideln˝ update operaËnÌho systÈmu managed serveru dne 10.06.2026;open;rozesilky;uhlik;https://rt.i.masterinter.net/Ticket/Display.html?id=810242;"4551";;2026-06-08 07:03:48.000;1;0;0;0;0;0.0000
812192;d4677-3262 - misto na disku;resolved;support;maska;https://rt.i.masterinter.net/Ticket/Display.html?id=812192;"2621";"85699";2026-06-08 07:06:10.000;0;0;1;0;0;0.0000
812213;czphadtpelastic02-aures/nrpe_disk is CRITICAL;open;support;belousov;https://rt.i.masterinter.net/Ticket/Display.html?id=812213;"7245";;2026-06-08 07:06:15.000;0;1;0;0;0;0.0000
812192;d4677-3262 - misto na disku;resolved;support;maska;https://rt.i.masterinter.net/Ticket/Display.html?id=812192;"2621";"85699";2026-06-08 07:06:23.000;0;0;1;0;0;0.0000
812270;PROBLEM Service Alert:  d2001-555/http is CRITICAL;resolved;support;maska;https://rt.i.masterinter.net/Ticket/Display.html?id=812270;"8712";"89489";2026-06-08 07:07:30.000;0;0;1;0;0;0.0000
812307;PROBLEM Service Alert: cloud-2156/nrpe_mysql_backup is CRITICAL;new;support;maska;https://rt.i.masterinter.net/Ticket/Display.html?id=812307;"6284";;2026-06-08 07:09:18.000;0;0;1;0;0;0.0000
812238;d683.masterinter.net/nrpe_postgre_backup is CRITICAL;new;support;maska;https://rt.i.masterinter.net/Ticket/Display.html?id=812238;"3088";;2026-06-08 07:09:26.000;0;0;1;0;0;0.0000
812220;PROBLEM Host Alert: eu-fsn-ss-s0-ma-001.dtb.cm is DOWN;resolved;support;ondrej;https://rt.i.masterinter.net/Ticket/Display.html?id=812220;"8446";;2026-06-08 07:11:35.000;1;0;0;0;0;0.0000
812235;"3233@d4674/nrpe_mailq is CRITICAL";resolved;support;ondrej;https://rt.i.masterinter.net/Ticket/Display.html?id=812235;;;2026-06-08 07:14:05.000;1;0;0;0;0;0.0167
812234;cloud-1699/nrpe_cis_disk is CRITICAL;resolved;Incident Reports;ondrej;https://rt.i.masterinter.net/Ticket/Display.html?id=812234;"5066";;2026-06-08 07:17:44.000;0;0;1;0;0;0.0000
811829;(admin.masterdc.com CID#3033) Server Zane;resolved;Incident Reports;ondrej;https://rt.i.masterinter.net/Ticket/Display.html?id=811829;"3033";"100151";2026-06-08 07:18:46.000;0;0;1;0;0;0.0000
812305;grafana-alert/7247_Golemos-wwwOpcacheFreeMemory is CRITICAL;resolved;support;tomas.krupicka;https://rt.i.masterinter.net/Ticket/Display.html?id=812305;"7247";"72162";2026-06-08 07:18:53.000;0;1;0;0;0;0.2500
812177;[csirt-cz] [TLP:CLEAR] [Max CVSS 8.8] PostgreSQL opravuje 11 zranitelnostÌ;resolved;csirt;belousov;https://rt.i.masterinter.net/Ticket/Display.html?id=812177;;;2026-06-08 07:20:19.000;1;0;0;0;0;0.0000
812284;SSH pro GitHub action;resolved;support;michal.nosek;https://rt.i.masterinter.net/Ticket/Display.html?id=812284;"5169";"92023";2026-06-08 07:21:05.000;0;1;0;0;0;0.2500
810214;(CID 4602) Pravideln˝ update operaËnÌho systÈmu managed serveru dne 10.06.2026;open;rozesilky;uhlik;https://rt.i.masterinter.net/Ticket/Display.html?id=810214;"4602";;2026-06-08 07:27:18.000;1;0;0;0;0;0.0000
810212;(CID 6283) Pravideln˝ update operaËnÌho systÈmu managed serveru dne 10.06.2026;open;rozesilky;uhlik;https://rt.i.masterinter.net/Ticket/Display.html?id=810212;"6283";;2026-06-08 07:27:25.000;1;0;0;0;0;0.0000
812272;d9858-100 - misto na disku;resolved;support;ondrej;https://rt.i.masterinter.net/Ticket/Display.html?id=812272;"3033";;2026-06-08 07:28:28.000;1;0;0;0;0;0.2500
809995;Reisswolf (Jan H·jek): Nextcloud uk·zkovÈ prost¯edÌ;open;poptavky;tomas.krupicka;https://rt.i.masterinter.net/Ticket/Display.html?id=809995;;;2026-06-08 07:28:42.000;1;0;0;0;0;0.0000
810246;(CID 5641) Pravideln˝ update operaËnÌho systÈmu managed serveru dne 10.06.2026;open;rozesilky;uhlik;https://rt.i.masterinter.net/Ticket/Display.html?id=810246;"5641";;2026-06-08 07:29:51.000;1;0;0;0;0;0.0000
811403;[Failed] 8300_backup_cloud-1735 (1 machines) 1 failed;resolved;support;maska;https://rt.i.masterinter.net/Ticket/Display.html?id=811403;"8300";;2026-06-08 07:31:26.000;0;1;0;0;0;0.2500
811831;PROBLEM Service Alert:  golemos-web/check_services_golemos is CRITICAL ;resolved;support;tomas.krupicka;https://rt.i.masterinter.net/Ticket/Display.html?id=811831;"7247";"72162";2026-06-08 07:36:39.000;0;1;0;0;0;0.0833
812271;(admin.masterdc.com CID#4236) Whitelist IP;resolved;support;maska;https://rt.i.masterinter.net/Ticket/Display.html?id=812271;"4236";"119009";2026-06-08 07:40:25.000;0;1;0;0;0;0.2500
811723;PROBLEM Service Alert:  d4659-vm309/nrpe_disk is CRITICAL;open;support;tomas.krupicka;https://rt.i.masterinter.net/Ticket/Display.html?id=811723;"7247";"72162";2026-06-08 07:40:39.000;0;1;0;0;0;0.0000
811324;golemos-web/ssl_mailadmin.golemos.com+dnsadmin.golemos.com is CRITICAL;resolved;support;tomas.krupicka;https://rt.i.masterinter.net/Ticket/Display.html?id=811324;"7247";;2026-06-08 07:41:06.000;1;0;0;0;0;0.0000
811311;cloud-3187/check_everest_backups is CRITICAL;resolved;support;tomas.krupicka;https://rt.i.masterinter.net/Ticket/Display.html?id=811311;"9262";"99292";2026-06-08 07:41:56.000;1;0;0;0;0;0.0833
810478;d415/check_nrpe_systemd is CRITICAL;resolved;support;tomas.krupicka;https://rt.i.masterinter.net/Ticket/Display.html?id=810478;"4067";"81132";2026-06-08 07:47:50.000;0;0;1;0;0;0.0833
810473;(admin.masterdc.com CID#7247) Info o v˝padku;resolved;support;tomas.krupicka;https://rt.i.masterinter.net/Ticket/Display.html?id=810473;"7247";;2026-06-08 07:48:21.000;1;0;0;0;0;0.0833
812301;[Failed] SQL Server Job System: 'transactionlog-iscsi.Subplan_1' completed on \\CLOUD-1063\DZC.;new;support;antonin.homola;https://rt.i.masterinter.net/Ticket/Display.html?id=812301;;;2026-06-08 07:48:24.000;1;0;0;0;0;0.7500
810328;(admin.masterdc.com CID#4067) OvÏ¯enÌ grafana monitoringu;resolved;support;tomas.krupicka;https://rt.i.masterinter.net/Ticket/Display.html?id=810328;"4067";"81132";2026-06-08 07:49:13.000;1;0;0;0;0;0.0000
810310;(admin.masterdc.com CID#7084) Server je nedostupn˝;resolved;support;tomas.krupicka;https://rt.i.masterinter.net/Ticket/Display.html?id=810310;"7084";"69356";2026-06-08 07:50:20.000;1;0;0;0;0;0.0833
812281;(admin.masterdc.com CID#8576) ProsÌm, p¯idat do scheduleru;resolved;support;schon;https://rt.i.masterinter.net/Ticket/Display.html?id=812281;"8576";"86709";2026-06-08 07:51:02.000;0;1;0;0;0;0.0833
812322;Automatick· odpovÏÔ: Zadost o nepritomnost - Chmelov· Olga;resolved;noc;maska;https://rt.i.masterinter.net/Ticket/Display.html?id=812322;;;2026-06-08 07:54:04.000;0;0;1;0;0;0.0000
812321;Automatick· odpovÏÔ: Zadost o nepritomnost - ätÏp·nek Petr;resolved;noc;maska;https://rt.i.masterinter.net/Ticket/Display.html?id=812321;;;2026-06-08 07:54:04.000;0;0;1;0;0;0.0000
812320;Automatick· odpovÏÔ: Zadost o nepritomnost - ätÏp·nek Petr;resolved;noc;maska;https://rt.i.masterinter.net/Ticket/Display.html?id=812320;;;2026-06-08 07:54:04.000;0;0;1;0;0;0.0000
812319;Automatick· odpovÏÔ: Zadost o nepritomnost - Benkˆov· Nela;resolved;noc;maska;https://rt.i.masterinter.net/Ticket/Display.html?id=812319;;;2026-06-08 07:54:04.000;0;0;1;0;0;0.0000
812192;d4677-3262 - misto na disku;resolved;support;michal.nosek;https://rt.i.masterinter.net/Ticket/Display.html?id=812192;"2621";"85699";2026-06-08 07:54:07.000;0;1;0;0;0;0.5000
809743;(admin.masterdc.com CID#7247) Blokace Facebook scraperu (facebookexternalhit) na LB;resolved;support;tomas.krupicka;https://rt.i.masterinter.net/Ticket/Display.html?id=809743;"7247";"72162";2026-06-08 07:55:20.000;0;0;1;0;0;0.0833
809454;PROBLEM Service Alert:  d1855-107/nrpe_cis_state_update is CRITICAL ;resolved;support;tomas.krupicka;https://rt.i.masterinter.net/Ticket/Display.html?id=809454;"4067";;2026-06-08 07:56:35.000;1;0;0;0;0;0.0000
809224;PROBLEM Service Alert:  d9858-107.masterinter.net/check_http is CRITICAL ;resolved;support;tomas.krupicka;https://rt.i.masterinter.net/Ticket/Display.html?id=809224;"3033";"81132";2026-06-08 07:57:30.000;1;0;0;0;0;0.0000
809219;PROBLEM Service Alert:  d8027/nrpe_load is CRITICAL ;resolved;support;tomas.krupicka;https://rt.i.masterinter.net/Ticket/Display.html?id=809219;"6790";;2026-06-08 07:58:43.000;1;0;0;0;0;0.0000
808766;cloud-3065.masterinter.net/ssl_validation is CRITICAL;resolved;support;tomas.krupicka;https://rt.i.masterinter.net/Ticket/Display.html?id=808766;"2930";;2026-06-08 07:59:04.000;1;0;0;0;0;0.0000
811573;PROBLEM Service Alert: d1031-vm306/check_nrpe_systemd is CRITICAL;resolved;support;tomas.krupicka;https://rt.i.masterinter.net/Ticket/Display.html?id=811573;"7247";;2026-06-08 08:01:08.000;1;0;0;0;0;0.0000
810222;(CID 4149) Pravideln˝ update operaËnÌho systÈmu managed serveru dne 10.06.2026;open;rozesilky;uhlik;https://rt.i.masterinter.net/Ticket/Display.html?id=810222;"4149";;2026-06-08 08:01:39.000;1;0;0;0;0;0.5000
810962;PROBLEM Service Alert: d1088/nrpe_haproxy_notify is CRITICAL;resolved;support;tomas.krupicka;https://rt.i.masterinter.net/Ticket/Display.html?id=810962;"7247";"72162";2026-06-08 08:04:22.000;1;0;0;0;0;0.0000
810374;PROBLEM Service Alert: cloud-3059/nrpe_disk is CRITICAL;resolved;support;tomas.krupicka;https://rt.i.masterinter.net/Ticket/Display.html?id=810374;"2214";;2026-06-08 08:08:01.000;1;0;0;0;0;0.0000
810309;PROBLEM Service Alert:  d9856/nrpe_load is CRITICAL;resolved;support;tomas.krupicka;https://rt.i.masterinter.net/Ticket/Display.html?id=810309;"3367";;2026-06-08 08:08:30.000;1;0;0;0;0;0.0000
809765;(admin.masterdc.com CID#4067) Vytvo¯enÌ p¯Ìstupu SSH (SFTP) - david.sindelar;resolved;support;tomas.krupicka;https://rt.i.masterinter.net/Ticket/Display.html?id=809765;"4067";"81132";2026-06-08 08:08:55.000;1;0;0;0;0;0.0000
807647;Kriticka zranitelnost na DEV prostredi;resolved;support;tomas.krupicka;https://rt.i.masterinter.net/Ticket/Display.html?id=807647;"9262";;2026-06-08 08:11:00.000;1;0;0;0;0;0.0833
802931;(admin.masterdc.com CID#4067) VPN p¯Ìstup + datab·ze;resolved;support;tomas.krupicka;https://rt.i.masterinter.net/Ticket/Display.html?id=802931;"4067";;2026-06-08 08:11:43.000;1;0;0;0;0;0.0000
802553;(admin.masterdc.com CID#4067) nefunkËnÌ produkce - max priorita;resolved;support;tomas.krupicka;https://rt.i.masterinter.net/Ticket/Display.html?id=802553;"4067";;2026-06-08 08:12:14.000;1;0;0;0;0;0.0000
811085;Postgresql pro acc1 - acc5 a produkce;open;support;machovec;https://rt.i.masterinter.net/Ticket/Display.html?id=811085;;;2026-06-08 08:13:21.000;0;1;0;0;0;0.0000
810203;(CID 7451) Pravideln˝ update operaËnÌho systÈmu managed serveru dne 10.06.2026;open;rozesilky;uhlik;https://rt.i.masterinter.net/Ticket/Display.html?id=810203;"7451";;2026-06-08 08:13:35.000;1;0;0;0;0;0.1667
811085;Postgresql pro acc1 - acc5 a produkce;open;support;machovec;https://rt.i.masterinter.net/Ticket/Display.html?id=811085;;;2026-06-08 08:13:40.000;0;0;1;0;0;0.6667
812327;Update managed Windows serveru d406 a d1123;open;windows;ulman;https://rt.i.masterinter.net/Ticket/Display.html?id=812327;"4149";;2026-06-08 08:14:20.000;0;1;0;0;0;0.2500
810941;d9858-100.masterinter.net - domena rafo.web-revolution.eu;resolved;Incident Reports;ondrej;https://rt.i.masterinter.net/Ticket/Display.html?id=810941;"3033";"100151";2026-06-08 08:15:01.000;0;0;1;0;0;0.0000
811735;(admin.masterdc.com CID#4067) Automatick˝ deployment - projekt external;open;support;tomas.krupicka;https://rt.i.masterinter.net/Ticket/Display.html?id=811735;"4067";"81132";2026-06-08 08:18:26.000;0;1;0;0;0;0.2500
811172;cloud-1861/nrpe_cis_state is CRITICAL;resolved;support;ondrej;https://rt.i.masterinter.net/Ticket/Display.html?id=811172;"5066";;2026-06-08 08:22:12.000;1;0;0;0;0;0.0167
812240;eu-hel-dt-p0-s3-001/check_s3_bucket_quota is CRITICAL;resolved;support;machovec;https://rt.i.masterinter.net/Ticket/Display.html?id=812240;"8446";;2026-06-08 08:32:46.000;0;0;1;0;0;0.0000
812284;SSH pro GitHub action;resolved;support;michal.nosek;https://rt.i.masterinter.net/Ticket/Display.html?id=812284;"5169";"92023";2026-06-08 08:33:17.000;0;1;0;0;0;0.0000
812240;eu-hel-dt-p0-s3-001/check_s3_bucket_quota is CRITICAL;resolved;support;machovec;https://rt.i.masterinter.net/Ticket/Display.html?id=812240;"8446";;2026-06-08 08:33:24.000;1;0;0;0;0;0.0000
811368;vps-3340/https is CRITICAL;resolved;support;ondrej;https://rt.i.masterinter.net/Ticket/Display.html?id=811368;"3127";;2026-06-08 08:35:54.000;1;0;0;0;0;0.0000
812207;cloud-1760.masterinter.net/nrpe_strongswan is CRITICAL;open;support;uhlik;https://rt.i.masterinter.net/Ticket/Display.html?id=812207;"8473";;2026-06-08 08:36:36.000;1;0;0;0;0;0.0000
811007;PROBLEM Service Alert:  cloud-1699/nrpe_cis_state_update is CRITICAL ;open;support;tomas.krupicka;https://rt.i.masterinter.net/Ticket/Display.html?id=811007;"5066";;2026-06-08 08:38:54.000;0;1;0;0;0;0.0000
812207;cloud-1760.masterinter.net/nrpe_strongswan is CRITICAL;open;support;uhlik;https://rt.i.masterinter.net/Ticket/Display.html?id=812207;"8473";;2026-06-08 08:39:10.000;0;1;0;0;0;0.0000
811007;PROBLEM Service Alert:  cloud-1699/nrpe_cis_state_update is CRITICAL ;open;support;tomas.krupicka;https://rt.i.masterinter.net/Ticket/Display.html?id=811007;"5066";;2026-06-08 08:39:16.000;1;0;0;0;0;0.5000
812087;Nefunguje lets encrypt pro new.epravo.cz;resolved;support;tomas.krupicka;https://rt.i.masterinter.net/Ticket/Display.html?id=812087;"5169";;2026-06-08 08:40:50.000;1;0;0;0;0;0.0000
812332;povolenÌ komunikace s Gitlab Container registry;resolved;linux;ulman;https://rt.i.masterinter.net/Ticket/Display.html?id=812332;"3113";"93000";2026-06-08 08:57:11.000;1;0;0;0;0;0.0000
812333;[csirt-cz] [TLP:CLEAR] [Max CVSS 7.8] Cisco Catalyst SD-WAN Manager upozorÚuje na 1 zranitelnost;resolved;csirt;belousov;https://rt.i.masterinter.net/Ticket/Display.html?id=812333;;;2026-06-08 09:00:35.000;1;0;0;0;0;0.0000
812335;Uprava monitoringu - Nginx;open;support;schon;https://rt.i.masterinter.net/Ticket/Display.html?id=812335;"3113";"93000";2026-06-08 09:04:15.000;0;0;1;0;0;0.0000
812335;Uprava monitoringu - Nginx;open;support;schon;https://rt.i.masterinter.net/Ticket/Display.html?id=812335;"3113";"93000";2026-06-08 09:06:26.000;1;0;0;0;0;0.0000
809960;Update managed Windows serveru - d9808 + Win VMs;resolved;support;schon;https://rt.i.masterinter.net/Ticket/Display.html?id=809960;"3113";;2026-06-08 09:09:05.000;0;1;0;0;0;0.1667
812270;PROBLEM Service Alert:  d2001-555/http is CRITICAL;resolved;support;michal.nosek;https://rt.i.masterinter.net/Ticket/Display.html?id=812270;"8712";"89489";2026-06-08 09:10:53.000;0;1;0;0;0;0.5000
812332;povolenÌ komunikace s Gitlab Container registry;resolved;linux;maska;https://rt.i.masterinter.net/Ticket/Display.html?id=812332;"3113";"93000";2026-06-08 09:13:46.000;0;0;1;0;0;0.0000
811293;PROBLEM Service Alert:  d9911-vm103-RDS-PL/check_win_uptime is CRITICAL ;resolved;support;schon;https://rt.i.masterinter.net/Ticket/Display.html?id=811293;"6516";"116225";2026-06-08 09:16:23.000;1;0;0;0;0;0.0000
812338;PROBLEM Service Alert:  grafana-alert/7247_Golemos-www-load is CRITICAL ;resolved;support;maska;https://rt.i.masterinter.net/Ticket/Display.html?id=812338;"7247";"72162";2026-06-08 09:17:17.000;0;0;1;0;0;0.0000
812338;PROBLEM Service Alert:  grafana-alert/7247_Golemos-www-load is CRITICAL ;resolved;support;tomas.krupicka;https://rt.i.masterinter.net/Ticket/Display.html?id=812338;"7247";"72162";2026-06-08 09:18:23.000;0;1;0;0;0;0.0000
810931;Upgrade Percona DB na stacku 3 - staging;open;support;machovec;https://rt.i.masterinter.net/Ticket/Display.html?id=810931;"6790";"90270";2026-06-08 09:18:33.000;0;0;1;0;0;0.0000
809971;Update managed Windows serveru;open;support;schon;https://rt.i.masterinter.net/Ticket/Display.html?id=809971;"6516";;2026-06-08 09:20:49.000;0;1;0;0;0;0.0000
810203;(CID 7451) Pravideln˝ update operaËnÌho systÈmu managed serveru dne 10.06.2026;open;rozesilky;ryska;https://rt.i.masterinter.net/Ticket/Display.html?id=810203;"7451";;2026-06-08 09:23:14.000;1;0;0;0;0;0.0000
809971;Update managed Windows serveru;open;support;schon;https://rt.i.masterinter.net/Ticket/Display.html?id=809971;"6516";;2026-06-08 09:26:02.000;1;0;0;0;0;2.0000
810207;(CID 1253) Pravideln˝ update operaËnÌho systÈmu managed serveru dne 10.06.2026;open;rozesilky;ryska;https://rt.i.masterinter.net/Ticket/Display.html?id=810207;"1253";;2026-06-08 09:27:21.000;1;0;0;0;0;0.0000
810203;(CID 7451) Pravideln˝ update operaËnÌho systÈmu managed serveru dne 10.06.2026;open;rozesilky;ryska;https://rt.i.masterinter.net/Ticket/Display.html?id=810203;"7451";;2026-06-08 09:27:21.000;1;0;0;0;0;0.0000
810218;(CID 7159) Pravideln˝ update operaËnÌho systÈmu managed serveru dne 10.06.2026;open;rozesilky;ryska;https://rt.i.masterinter.net/Ticket/Display.html?id=810218;"7159";;2026-06-08 09:27:22.000;1;0;0;0;0;0.0000
810209;(CID 6284) Pravideln˝ update operaËnÌho systÈmu managed serveru dne 10.06.2026;open;rozesilky;ryska;https://rt.i.masterinter.net/Ticket/Display.html?id=810209;"6284";;2026-06-08 09:27:23.000;1;0;0;0;0;0.0000
810170;(CID 7454) Pravideln˝ update operaËnÌho systÈmu managed serveru dne 10.06.2026;open;rozesilky;ryska;https://rt.i.masterinter.net/Ticket/Display.html?id=810170;"7454";;2026-06-08 09:27:23.000;1;0;0;0;0;0.0000
810203;(CID 7451) Pravideln˝ update operaËnÌho systÈmu managed serveru dne 10.06.2026;open;rozesilky;ryska;https://rt.i.masterinter.net/Ticket/Display.html?id=810203;"7451";;2026-06-08 09:27:23.000;1;0;0;0;0;0.0000
810228;(CID 8473) Pravideln˝ update operaËnÌho systÈmu managed serveru dne 10.06.2026;open;rozesilky;ryska;https://rt.i.masterinter.net/Ticket/Display.html?id=810228;"8473";;2026-06-08 09:27:24.000;1;0;0;0;0;0.0000
810203;(CID 7451) Pravideln˝ update operaËnÌho systÈmu managed serveru dne 10.06.2026;open;rozesilky;ryska;https://rt.i.masterinter.net/Ticket/Display.html?id=810203;"7451";;2026-06-08 09:27:24.000;1;0;0;0;0;0.0000
810207;(CID 1253) Pravideln˝ update operaËnÌho systÈmu managed serveru dne 10.06.2026;open;rozesilky;ryska;https://rt.i.masterinter.net/Ticket/Display.html?id=810207;"1253";;2026-06-08 09:27:24.000;1;0;0;0;0;0.0000
810204;(CID 4039) Pravideln˝ update operaËnÌho systÈmu managed serveru dne 10.06.2026;open;rozesilky;ryska;https://rt.i.masterinter.net/Ticket/Display.html?id=810204;"4039";;2026-06-08 09:27:25.000;1;0;0;0;0;0.0000
810204;(CID 4039) Pravideln˝ update operaËnÌho systÈmu managed serveru dne 10.06.2026;open;rozesilky;ryska;https://rt.i.masterinter.net/Ticket/Display.html?id=810204;"4039";;2026-06-08 09:27:25.000;1;0;0;0;0;0.0000
810241;(CID 6893) Pravideln˝ update operaËnÌho systÈmu managed serveru dne 10.06.2026;open;rozesilky;ryska;https://rt.i.masterinter.net/Ticket/Display.html?id=810241;"6893";;2026-06-08 09:27:26.000;1;0;0;0;0;0.0000
810242;(CID 4551) Pravideln˝ update operaËnÌho systÈmu managed serveru dne 10.06.2026;open;rozesilky;ryska;https://rt.i.masterinter.net/Ticket/Display.html?id=810242;"4551";;2026-06-08 09:27:26.000;1;0;0;0;0;0.0000
810233;(CID 4067) Pravideln˝ update operaËnÌho systÈmu managed serveru dne 10.06.2026;resolved;rozesilky;ryska;https://rt.i.masterinter.net/Ticket/Display.html?id=810233;"4067";;2026-06-08 09:27:27.000;1;0;0;0;0;0.0000
810233;(CID 4067) Pravideln˝ update operaËnÌho systÈmu managed serveru dne 10.06.2026;resolved;rozesilky;ryska;https://rt.i.masterinter.net/Ticket/Display.html?id=810233;"4067";;2026-06-08 09:27:27.000;1;0;0;0;0;0.0000
812332;povolenÌ komunikace s Gitlab Container registry;resolved;linux;michal.nosek;https://rt.i.masterinter.net/Ticket/Display.html?id=812332;"3113";"93000";2026-06-08 09:28:15.000;0;1;0;0;0;0.5000
796815;Obj. ID: 10415 Z·kaznÌk: #9489 - Novotn˝ Radek (Mediawork Services s.r.o.);open;objednavky;uhlik;https://rt.i.masterinter.net/Ticket/Display.html?id=796815;"9489";;2026-06-08 09:28:51.000;0;1;0;0;0;0.0000
811619;d9751 - zaplneni oddilu /mnt/nfs_praha;open;support;michal.nosek;https://rt.i.masterinter.net/Ticket/Display.html?id=811619;"5421";"90923";2026-06-08 09:31:00.000;0;1;0;0;0;0.0000
812339;(admin.masterdc.com CID#4209) kontrola NFS sdilene slozky pod uzivatelem no200;open;support;maska;https://rt.i.masterinter.net/Ticket/Display.html?id=812339;"4209";"91183";2026-06-08 09:37:01.000;0;0;1;0;0;0.0000
812339;(admin.masterdc.com CID#4209) kontrola NFS sdilene slozky pod uzivatelem no200;open;support;maska;https://rt.i.masterinter.net/Ticket/Display.html?id=812339;"4209";"91183";2026-06-08 09:37:01.000;0;1;0;0;0;0.0000
810159;(CID 1324) Pravideln˝ update operaËnÌho systÈmu managed serveru dne 10.06.2026;open;rozesilky;ryska;https://rt.i.masterinter.net/Ticket/Display.html?id=810159;"1324";;2026-06-08 09:37:32.000;1;0;0;0;0;0.0000
810159;(CID 1324) Pravideln˝ update operaËnÌho systÈmu managed serveru dne 10.06.2026;open;rozesilky;ryska;https://rt.i.masterinter.net/Ticket/Display.html?id=810159;"1324";;2026-06-08 09:37:33.000;1;0;0;0;0;0.0000
810206;(CID 4491) Pravideln˝ update operaËnÌho systÈmu managed serveru dne 10.06.2026;resolved;rozesilky;ryska;https://rt.i.masterinter.net/Ticket/Display.html?id=810206;"4491";;2026-06-08 09:37:33.000;1;0;0;0;0;0.0000
810249;(CID 7101) Pravideln˝ update operaËnÌho systÈmu managed serveru dne 10.06.2026;resolved;rozesilky;ryska;https://rt.i.masterinter.net/Ticket/Display.html?id=810249;"7101";;2026-06-08 09:37:36.000;1;0;0;0;0;0.0000
810268;(CID 7450) Pravideln˝ update operaËnÌho systÈmu managed serveru dne 10.06.2026;open;rozesilky;ryska;https://rt.i.masterinter.net/Ticket/Display.html?id=810268;"7450";;2026-06-08 09:37:37.000;1;0;0;0;0;0.0000
812340;Composer a npm nefunguje;resolved;support;maska;https://rt.i.masterinter.net/Ticket/Display.html?id=812340;"5169";"92023";2026-06-08 09:51:38.000;0;0;1;0;0;0.0000
812340;Composer a npm nefunguje;resolved;support;maska;https://rt.i.masterinter.net/Ticket/Display.html?id=812340;"5169";"92023";2026-06-08 09:51:38.000;0;1;0;0;0;0.0000
812340;Composer a npm nefunguje;resolved;support;michal.nosek;https://rt.i.masterinter.net/Ticket/Display.html?id=812340;"5169";"92023";2026-06-08 09:56:44.000;0;1;0;0;0;0.0000
812340;Composer a npm nefunguje;resolved;support;michal.nosek;https://rt.i.masterinter.net/Ticket/Display.html?id=812340;"5169";"92023";2026-06-08 09:56:52.000;0;0;1;0;0;0.2500
810761;Popt·vka - backup server / DR / Tom·ö Kr·lÌk;open;poptavky;jiri.sakac;https://rt.i.masterinter.net/Ticket/Display.html?id=810761;;;2026-06-08 10:06:56.000;1;0;0;0;0;0.0000
812341;V˝padek pres den;resolved;support;jarmara;https://rt.i.masterinter.net/Ticket/Display.html?id=812341;"5169";"92023";2026-06-08 10:10:01.000;0;0;1;0;0;0.0000
812341;V˝padek pres den;resolved;support;jarmara;https://rt.i.masterinter.net/Ticket/Display.html?id=812341;"5169";"92023";2026-06-08 10:10:02.000;0;1;0;0;0;0.0000
812145;Aktualizace Sentry + Grafany;open;support;belousov;https://rt.i.masterinter.net/Ticket/Display.html?id=812145;"6790";"90270";2026-06-08 10:19:26.000;0;1;0;0;0;0.0000
812341;V˝padek pres den;resolved;support;michal.nosek;https://rt.i.masterinter.net/Ticket/Display.html?id=812341;"5169";"92023";2026-06-08 10:28:43.000;0;1;0;0;0;0.0000
812341;V˝padek pres den;resolved;support;michal.nosek;https://rt.i.masterinter.net/Ticket/Display.html?id=812341;"5169";"92023";2026-06-08 10:28:49.000;0;0;1;0;0;0.5000
810639;Statut·rnÌ mÏsto Brno: Ve¯ejn· zak·zka: Platforma pro spr·vu AI agent˘ a automatizovan˝ch workflow;open;poptavky;jiri.sakac;https://rt.i.masterinter.net/Ticket/Display.html?id=810639;;;2026-06-08 10:29:17.000;1;0;0;0;0;0.1667
810761;Popt·vka - backup server / DR / Tom·ö Kr·lÌk;open;poptavky;jiri.sakac;https://rt.i.masterinter.net/Ticket/Display.html?id=810761;;;2026-06-08 10:30:13.000;0;0;1;0;0;0.2500
812338;PROBLEM Service Alert:  grafana-alert/7247_Golemos-www-load is CRITICAL ;resolved;support;tomas.krupicka;https://rt.i.masterinter.net/Ticket/Display.html?id=812338;"7247";"72162";2026-06-08 10:35:02.000;0;1;0;0;0;0.7500
810931;Upgrade Percona DB na stacku 3 - staging;open;support;machovec;https://rt.i.masterinter.net/Ticket/Display.html?id=810931;"6790";"90270";2026-06-08 10:36:30.000;0;1;0;0;0;0.0000
812078;Zpomalen˝ server;open;support;tomas.krupicka;https://rt.i.masterinter.net/Ticket/Display.html?id=812078;"5169";;2026-06-08 10:41:56.000;0;1;0;0;0;0.0000
806672;[Aures] Alternativa za KeyDB;open;support;hrncir;https://rt.i.masterinter.net/Ticket/Display.html?id=806672;"7245";"91601";2026-06-08 10:49:43.000;0;1;0;0;0;0.0000
812342;DneönÌ pl·novan· odst·vka DZC;resolved;support;ulman;https://rt.i.masterinter.net/Ticket/Display.html?id=812342;;;2026-06-08 10:53:15.000;0;0;1;0;0;0.0000
812344;Update managed Windows serveru d1127 a d9859;open;windows;ulman;https://rt.i.masterinter.net/Ticket/Display.html?id=812344;"9412";;2026-06-08 10:58:12.000;0;1;0;0;0;0.2500
812332;povolenÌ komunikace s Gitlab Container registry;resolved;linux;michal.nosek;https://rt.i.masterinter.net/Ticket/Display.html?id=812332;"3113";"93000";2026-06-08 11:01:29.000;0;1;0;0;0;0.0000
812343;(admin.masterdc.com CID#7247) Promaz·nÌ e-mailovÈ schr·nky - spolecenske-saty-martina.cz;resolved;support;jarmara;https://rt.i.masterinter.net/Ticket/Display.html?id=812343;"7247";;2026-06-08 11:02:41.000;0;0;1;0;0;0.0000
812343;(admin.masterdc.com CID#7247) Promaz·nÌ e-mailovÈ schr·nky - spolecenske-saty-martina.cz;resolved;support;jarmara;https://rt.i.masterinter.net/Ticket/Display.html?id=812343;"7247";;2026-06-08 11:02:42.000;0;1;0;0;0;0.0000
812078;Zpomalen˝ server;open;support;tomas.krupicka;https://rt.i.masterinter.net/Ticket/Display.html?id=812078;"5169";;2026-06-08 11:02:48.000;0;1;0;0;0;0.5000
811647;[Aures] Alternativa za kube dashboard;open;support;hrncir;https://rt.i.masterinter.net/Ticket/Display.html?id=811647;"7245";"91598";2026-06-08 11:03:17.000;0;1;0;0;0;0.0000
812340;Composer a npm nefunguje;resolved;support;michal.nosek;https://rt.i.masterinter.net/Ticket/Display.html?id=812340;"5169";"92023";2026-06-08 11:09:28.000;0;1;0;0;0;0.0000
812347;Obj. ID: 10548 Z·kaznÌk: #4682 - Mac·k Tom·ö (FLOWBOX s.r.o.);resolved;objednavky;maska;https://rt.i.masterinter.net/Ticket/Display.html?id=812347;"4682";;2026-06-08 11:24:03.000;0;0;1;0;0;0.0000
812348;Sluûby ËekajÌ na schv·lenÌ techu, Klient #4682 - Mac·k Tom·ö (FLOWBOX s.r.o.);resolved;todo;maska;https://rt.i.masterinter.net/Ticket/Display.html?id=812348;"4682";;2026-06-08 11:24:07.000;0;0;1;0;0;0.0000
812349;Update managed Windows serveru d1229 a d1231;open;support;ulman;https://rt.i.masterinter.net/Ticket/Display.html?id=812349;"6128";"79184";2026-06-08 11:24:47.000;0;1;0;0;0;0.2500
810931;Upgrade Percona DB na stacku 3 - staging;open;support;chudy;https://rt.i.masterinter.net/Ticket/Display.html?id=810931;"6790";"90270";2026-06-08 11:27:57.000;0;0;1;0;0;3.0000
812339;(admin.masterdc.com CID#4209) kontrola NFS sdilene slozky pod uzivatelem no200;open;support;ryska;https://rt.i.masterinter.net/Ticket/Display.html?id=812339;"4209";"91183";2026-06-08 11:30:21.000;0;1;0;0;0;0.0000
811647;[Aures] Alternativa za kube dashboard;open;support;hrncir;https://rt.i.masterinter.net/Ticket/Display.html?id=811647;"7245";"91598";2026-06-08 11:36:04.000;0;1;0;0;0;0.0000
783727;MailServer pro »SOB penzi;open;EPIC;chudy;https://rt.i.masterinter.net/Ticket/Display.html?id=783727;"6790";;2026-06-08 11:43:05.000;0;1;0;0;0;0.0000
812350;nedostupn˝ ISP manager;resolved;support;jarmara;https://rt.i.masterinter.net/Ticket/Display.html?id=812350;"4236";;2026-06-08 11:45:57.000;0;0;1;0;0;0.0000
812350;nedostupn˝ ISP manager;resolved;support;jarmara;https://rt.i.masterinter.net/Ticket/Display.html?id=812350;"4236";;2026-06-08 11:45:57.000;0;1;0;0;0;0.0000
812271;(admin.masterdc.com CID#4236) Whitelist IP;resolved;support;maska;https://rt.i.masterinter.net/Ticket/Display.html?id=812271;"4236";"119009";2026-06-08 11:48:02.000;0;1;0;0;0;0.2500
810204;(CID 4039) Pravideln˝ update operaËnÌho systÈmu managed serveru dne 10.06.2026;open;rozesilky;ryska;https://rt.i.masterinter.net/Ticket/Display.html?id=810204;"4039";;2026-06-08 11:48:20.000;1;0;0;0;0;0.0000
811647;[Aures] Alternativa za kube dashboard;open;support;hrncir;https://rt.i.masterinter.net/Ticket/Display.html?id=811647;"7245";"91598";2026-06-08 11:55:39.000;1;0;0;0;0;0.7500
806672;[Aures] Alternativa za KeyDB;open;support;hrncir;https://rt.i.masterinter.net/Ticket/Display.html?id=806672;"7245";"91601";2026-06-08 11:56:32.000;1;0;0;0;0;1.0000
812343;(admin.masterdc.com CID#7247) Promaz·nÌ e-mailovÈ schr·nky - spolecenske-saty-martina.cz;resolved;support;jiri.sakac;https://rt.i.masterinter.net/Ticket/Display.html?id=812343;"7247";;2026-06-08 11:58:56.000;0;1;0;0;0;0.0000
811657;URGENT - v˝padek SAFE stacku - PROEBIZ s.r.o.;open;support;tarcak;https://rt.i.masterinter.net/Ticket/Display.html?id=811657;;;2026-06-08 12:03:04.000;0;1;0;0;0;2.0000
812335;Uprava monitoringu - Nginx;open;support;belousov;https://rt.i.masterinter.net/Ticket/Display.html?id=812335;"3113";"93000";2026-06-08 12:04:34.000;0;1;0;0;0;0.0000
811253;(admin.masterdc.com CID#7247) HAProxy LB ó opakovanÈ noËnÌ kr·tkÈ v˝padky www backend˘ (~00:49);open;support;tomas.krupicka;https://rt.i.masterinter.net/Ticket/Display.html?id=811253;"7247";"72162";2026-06-08 12:04:54.000;0;1;0;0;0;0.0000
812271;(admin.masterdc.com CID#4236) Whitelist IP;resolved;support;maska;https://rt.i.masterinter.net/Ticket/Display.html?id=812271;"4236";"119009";2026-06-08 12:04:55.000;0;1;0;0;0;0.0000
812350;nedostupn˝ ISP manager;resolved;support;jarmara;https://rt.i.masterinter.net/Ticket/Display.html?id=812350;"4236";;2026-06-08 12:06:07.000;0;1;0;0;0;0.2500
812335;Uprava monitoringu - Nginx;open;support;belousov;https://rt.i.masterinter.net/Ticket/Display.html?id=812335;"3113";"93000";2026-06-08 12:06:55.000;0;1;0;0;0;0.0000
812362;Automaticky vytvo¯eno VPS typu KVM s id: 119167.;resolved;linux;maska;https://rt.i.masterinter.net/Ticket/Display.html?id=812362;"9734";;2026-06-08 12:13:23.000;0;0;1;0;0;0.0000
812340;Composer a npm nefunguje;resolved;support;michal.nosek;https://rt.i.masterinter.net/Ticket/Display.html?id=812340;"5169";"92023";2026-06-08 12:14:03.000;0;1;0;0;0;0.0000
809971;Update managed Windows serveru;open;support;schon;https://rt.i.masterinter.net/Ticket/Display.html?id=809971;"6516";;2026-06-08 12:15:16.000;0;1;0;0;0;2.0000
809971;Update managed Windows serveru;open;support;schon;https://rt.i.masterinter.net/Ticket/Display.html?id=809971;"6516";;2026-06-08 12:18:32.000;1;0;0;0;0;0.0000
812074;Obj. ID: 10544 Z·kaznÌk: #7324 - Hofer VÌt (Aceproit s.r.o.);open;objednavky;tarcak;https://rt.i.masterinter.net/Ticket/Display.html?id=812074;"7324";;2026-06-08 12:19:43.000;0;1;0;0;0;0.2500
809745;(admin.masterdc.com CID#9425) Hodnoty limit˘ CPU a MEM do manifest˘ PROD pod˘ aplikaËnÌch server˘ a DB;open;support;belousov;https://rt.i.masterinter.net/Ticket/Display.html?id=809745;"9425";"116715";2026-06-08 12:22:12.000;0;1;0;0;0;0.5000
809088;(admin.masterdc.com CID#7145) d8020 - aktualizace roundcube;open;support;ryska;https://rt.i.masterinter.net/Ticket/Display.html?id=809088;"7145";"70332";2026-06-08 12:29:53.000;0;1;0;0;0;0.0000
812313;Obj. ID: 10546 Z·kaznÌk: #9734 - Houba jr. VladimÌr  (PROSOFT, spol. s r.o.);resolved;objednavky;maska;https://rt.i.masterinter.net/Ticket/Display.html?id=812313;"9734";;2026-06-08 12:31:48.000;0;1;0;0;0;0.2500
810241;(CID 6893) Pravideln˝ update operaËnÌho systÈmu managed serveru dne 10.06.2026;open;rozesilky;belousov;https://rt.i.masterinter.net/Ticket/Display.html?id=810241;"6893";;2026-06-08 12:34:02.000;1;0;0;0;0;0.0000
812343;(admin.masterdc.com CID#7247) Promaz·nÌ e-mailovÈ schr·nky - spolecenske-saty-martina.cz;resolved;support;jiri.sakac;https://rt.i.masterinter.net/Ticket/Display.html?id=812343;"7247";;2026-06-08 12:35:08.000;0;1;0;0;0;0.2500
812335;Uprava monitoringu - Nginx;open;support;belousov;https://rt.i.masterinter.net/Ticket/Display.html?id=812335;"3113";"93000";2026-06-08 12:39:31.000;0;1;0;0;0;0.0000
812370;urgent SMB pripojenie;resolved;support;uhlik;https://rt.i.masterinter.net/Ticket/Display.html?id=812370;"4491";;2026-06-08 12:41:26.000;0;0;1;0;0;0.0000
809089;(admin.masterdc.com CID#4033) d5303, d723 - aktualizace roundcube;open;support;ryska;https://rt.i.masterinter.net/Ticket/Display.html?id=809089;"4033";;2026-06-08 12:43:23.000;0;1;0;0;0;0.0000
812369;[csirt-cz] [TLP:CLEAR] [Max CVSS 8.8] Ivanti Neurons for ITSM opravuje 1 zranitelnost;resolved;csirt;belousov;https://rt.i.masterinter.net/Ticket/Display.html?id=812369;;;2026-06-08 12:49:44.000;1;0;0;0;0;0.0000
812206;vsan5-8.r12-5.dc1.4d.prg.i.masterinter.net/idrac status service is CRITICAL;new;support;tarcak;https://rt.i.masterinter.net/Ticket/Display.html?id=812206;"7445";;2026-06-08 12:53:01.000;1;0;0;0;0;2.0000
811906;Zalohovaci prostor zaplnen z 99% u vds769;resolved;support;schon;https://rt.i.masterinter.net/Ticket/Display.html?id=811906;"5810";;2026-06-08 12:57:50.000;0;1;0;0;0;0.2500
812420;(admin.masterdc.com CID#2786) é·dost o vr·cenÌ plateb za nevyËerpanÈ sluûby.;resolved;support;jarmara;https://rt.i.masterinter.net/Ticket/Display.html?id=812420;"2786";;2026-06-08 13:00:23.000;0;0;1;0;0;0.0000
812420;(admin.masterdc.com CID#2786) é·dost o vr·cenÌ plateb za nevyËerpanÈ sluûby.;resolved;support;jarmara;https://rt.i.masterinter.net/Ticket/Display.html?id=812420;"2786";;2026-06-08 13:00:54.000;0;1;0;0;0;0.0000
809971;Update managed Windows serveru;open;support;schon;https://rt.i.masterinter.net/Ticket/Display.html?id=809971;"6516";;2026-06-08 13:01:21.000;0;1;0;0;0;0.0833
811822;Dotaz k z·lohovacÌmu prostoru;new;linux;antonin.homola;https://rt.i.masterinter.net/Ticket/Display.html?id=811822;"2630";;2026-06-08 13:01:58.000;1;0;0;0;0;0.1667
809971;Update managed Windows serveru;open;support;schon;https://rt.i.masterinter.net/Ticket/Display.html?id=809971;"6516";;2026-06-08 13:08:36.000;0;1;0;0;0;0.0000
812074;Obj. ID: 10544 Z·kaznÌk: #7324 - Hofer VÌt (Aceproit s.r.o.);open;objednavky;tarcak;https://rt.i.masterinter.net/Ticket/Display.html?id=812074;"7324";;2026-06-08 13:13:47.000;0;1;0;0;0;0.5000
812347;Obj. ID: 10548 Z·kaznÌk: #4682 - Mac·k Tom·ö (FLOWBOX s.r.o.);resolved;objednavky;maska;https://rt.i.masterinter.net/Ticket/Display.html?id=812347;"4682";;2026-06-08 13:16:24.000;0;1;0;0;0;1.5000
811880;⁄tok na 80.79.28.37 [tracking];resolved;support;zidek;https://rt.i.masterinter.net/Ticket/Display.html?id=811880;"3795";;2026-06-08 13:24:09.000;0;1;0;0;0;0.1667
811880;⁄tok na 80.79.28.37 [tracking];resolved;support;zidek;https://rt.i.masterinter.net/Ticket/Display.html?id=811880;"5236";;2026-06-08 13:24:09.000;0;1;0;0;0;0.1667
812051;(admin.masterdc.com CID#4940) V˝padky konektivity;resolved;support;zidek;https://rt.i.masterinter.net/Ticket/Display.html?id=812051;"4940";;2026-06-08 13:24:35.000;1;0;0;0;0;0.0000
811895;Timeouty na haproxy napriec projektami;resolved;support;zidek;https://rt.i.masterinter.net/Ticket/Display.html?id=811895;"4381";;2026-06-08 13:25:02.000;0;1;0;0;0;0.0333
812307;PROBLEM Service Alert: cloud-2156/nrpe_mysql_backup is CRITICAL;new;support;jarmara;https://rt.i.masterinter.net/Ticket/Display.html?id=812307;"6284";;2026-06-08 13:26:37.000;1;0;0;0;0;0.2500
812238;d683.masterinter.net/nrpe_postgre_backup is CRITICAL;new;support;jarmara;https://rt.i.masterinter.net/Ticket/Display.html?id=812238;"3088";;2026-06-08 13:28:30.000;1;0;0;0;0;0.0833
812431;[Request Received] Obj. ID: 10548 Z·kaznÌk: #4682 - Mac·k Tom·ö (FLOWBOX s.r.o.);resolved;noc;maska;https://rt.i.masterinter.net/Ticket/Display.html?id=812431;;;2026-06-08 13:31:27.000;0;0;1;0;0;0.0000
812431;[Request Received] Obj. ID: 10548 Z·kaznÌk: #4682 - Mac·k Tom·ö (FLOWBOX s.r.o.);resolved;noc;maska;https://rt.i.masterinter.net/Ticket/Display.html?id=812431;;;2026-06-08 13:31:47.000;1;0;0;0;0;0.0000
810218;(CID 7159) Pravideln˝ update operaËnÌho systÈmu managed serveru dne 10.06.2026;open;rozesilky;jarmara;https://rt.i.masterinter.net/Ticket/Display.html?id=810218;"7159";;2026-06-08 13:39:58.000;1;0;0;0;0;0.0000
812036;(admin.masterdc.com CID#9665)) Language file | Czech Language support;open;support;vaclav.rozsypalek;https://rt.i.masterinter.net/Ticket/Display.html?id=812036;"9665";;2026-06-08 13:41:05.000;0;1;0;0;0;0.0000
811530;(admin.masterdc.com CID#3113) Managed Docker Windows Containers Server;open;support;ulman;https://rt.i.masterinter.net/Ticket/Display.html?id=811530;"3113";"93000";2026-06-08 13:51:08.000;0;1;0;0;0;0.5000
812327;Update managed Windows serveru d406 a d1123;open;windows;ulman;https://rt.i.masterinter.net/Ticket/Display.html?id=812327;"4149";;2026-06-08 13:54:21.000;0;1;0;0;0;0.0000
812072;Vytvo¯enÌ firemnÌho e-mailu pro M·ria Hodyov·;resolved;hr;ulman;https://rt.i.masterinter.net/Ticket/Display.html?id=812072;;;2026-06-08 13:54:56.000;0;1;0;0;0;0.0000
812436;Obj. ID: 10549 Z·kaznÌk: #2630 - H·jek Petr (HIPPO, spol. s r.o.);resolved;objednavky;ulman;https://rt.i.masterinter.net/Ticket/Display.html?id=812436;"2630";;2026-06-08 13:57:28.000;0;0;1;0;0;0.0000
812437;zpomalenÌ chodu webu pse.cz;resolved;support;jarmara;https://rt.i.masterinter.net/Ticket/Display.html?id=812437;"8047";;2026-06-08 14:00:06.000;0;1;0;0;0;0.0000
811880;⁄tok na 80.79.28.37 [tracking];resolved;support;zidek;https://rt.i.masterinter.net/Ticket/Display.html?id=811880;"3795";;2026-06-08 14:06:30.000;0;1;0;0;0;0.0833
811880;⁄tok na 80.79.28.37 [tracking];resolved;support;zidek;https://rt.i.masterinter.net/Ticket/Display.html?id=811880;"5236";;2026-06-08 14:06:30.000;0;1;0;0;0;0.0833
809769;Update Win-VPS cluster;open;windows;antonin.homola;https://rt.i.masterinter.net/Ticket/Display.html?id=809769;"7443";;2026-06-08 14:07:04.000;0;0;1;0;0;0.0000
811880;⁄tok na 80.79.28.37 [tracking];resolved;support;zidek;https://rt.i.masterinter.net/Ticket/Display.html?id=811880;"3795";;2026-06-08 14:12:15.000;0;1;0;0;0;0.0333
811880;⁄tok na 80.79.28.37 [tracking];resolved;support;zidek;https://rt.i.masterinter.net/Ticket/Display.html?id=811880;"5236";;2026-06-08 14:12:15.000;0;1;0;0;0;0.0333
809769;Update Win-VPS cluster;open;windows;antonin.homola;https://rt.i.masterinter.net/Ticket/Display.html?id=809769;"7443";;2026-06-08 14:23:56.000;1;0;0;0;0;2.0000
812436;Obj. ID: 10549 Z·kaznÌk: #2630 - H·jek Petr (HIPPO, spol. s r.o.);resolved;objednavky;ulman;https://rt.i.masterinter.net/Ticket/Display.html?id=812436;"2630";;2026-06-08 14:25:20.000;0;1;0;0;0;0.2500
812086;Instalace Redis, a novych PHP verzi ;resolved;support;landa;https://rt.i.masterinter.net/Ticket/Display.html?id=812086;"5169";"92023";2026-06-08 14:29:14.000;0;1;0;0;0;0.0000
812327;Update managed Windows serveru d406 a d1123;open;windows;ulman;https://rt.i.masterinter.net/Ticket/Display.html?id=812327;"4149";;2026-06-08 14:31:06.000;0;1;0;0;0;0.0000
809769;Update Win-VPS cluster;open;windows;ryska;https://rt.i.masterinter.net/Ticket/Display.html?id=809769;"7443";;2026-06-08 14:34:01.000;0;0;1;0;0;0.0000
812053;NasazenÌ nov˝ch vhost config˘ + reload;open;support;uhlik;https://rt.i.masterinter.net/Ticket/Display.html?id=812053;"4138";;2026-06-08 14:41:07.000;0;1;0;0;0;0.0000
801104;Win servery / mapro.cz;resolved;poptavky;hrncir;https://rt.i.masterinter.net/Ticket/Display.html?id=801104;;;2026-06-08 14:49:35.000;1;0;0;0;0;0.2500
812074;Obj. ID: 10544 Z·kaznÌk: #7324 - Hofer VÌt (Aceproit s.r.o.);open;objednavky;tarcak;https://rt.i.masterinter.net/Ticket/Display.html?id=812074;"7324";;2026-06-08 15:02:45.000;1;0;0;0;0;1.5000
812074;Obj. ID: 10544 Z·kaznÌk: #7324 - Hofer VÌt (Aceproit s.r.o.);open;objednavky;tarcak;https://rt.i.masterinter.net/Ticket/Display.html?id=812074;"7324";;2026-06-08 15:03:09.000;0;1;0;0;0;0.0000
811660;Obj. 2ks serveru Gigabyte R283 s 2x GPU RTX PRO 6000 u Asbis;open;objednavky-out;hrncir;https://rt.i.masterinter.net/Ticket/Display.html?id=811660;;;2026-06-08 15:11:22.000;1;0;0;0;0;0.0000
811880;⁄tok na 80.79.28.37 [tracking];resolved;support;zidek;https://rt.i.masterinter.net/Ticket/Display.html?id=811880;"3795";;2026-06-08 15:13:20.000;0;1;0;0;0;0.0000
811880;⁄tok na 80.79.28.37 [tracking];resolved;support;zidek;https://rt.i.masterinter.net/Ticket/Display.html?id=811880;"5236";;2026-06-08 15:13:20.000;0;1;0;0;0;0.0000
811253;(admin.masterdc.com CID#7247) HAProxy LB ó opakovanÈ noËnÌ kr·tkÈ v˝padky www backend˘ (~00:49);open;support;tomas.krupicka;https://rt.i.masterinter.net/Ticket/Display.html?id=811253;"7247";"72162";2026-06-08 15:15:25.000;0;1;0;0;0;4.0000
811880;⁄tok na 80.79.28.37 [tracking];resolved;support;zidek;https://rt.i.masterinter.net/Ticket/Display.html?id=811880;"3795";;2026-06-08 15:25:43.000;0;1;0;0;0;0.0333
811880;⁄tok na 80.79.28.37 [tracking];resolved;support;zidek;https://rt.i.masterinter.net/Ticket/Display.html?id=811880;"5236";;2026-06-08 15:25:43.000;0;1;0;0;0;0.0333
811915;ProblÈmy riorey s rr2 po ˙toku 3.6.2026 [tracking] RRCASE-3965 [riorey];resolved;support;zidek;https://rt.i.masterinter.net/Ticket/Display.html?id=811915;;;2026-06-08 15:27:17.000;1;0;0;0;0;0.2500
812448;PROBLEM Service Alert:  566@d2002/nrpe_load is CRITICAL ;resolved;support;landa;https://rt.i.masterinter.net/Ticket/Display.html?id=812448;"5169";"92023";2026-06-08 16:13:18.000;0;1;0;0;0;0.2500
812074;Obj. ID: 10544 Z·kaznÌk: #7324 - Hofer VÌt (Aceproit s.r.o.);open;objednavky;landa;https://rt.i.masterinter.net/Ticket/Display.html?id=812074;"7324";;2026-06-08 16:23:24.000;1;0;0;0;0;0.2500
812445;(admin.masterdc.com CID#5066) sync defguardu.;open;support;hrncir;https://rt.i.masterinter.net/Ticket/Display.html?id=812445;"5066";;2026-06-08 16:25:25.000;0;1;0;0;0;0.0000
812370;urgent SMB pripojenie;resolved;support;uhlik;https://rt.i.masterinter.net/Ticket/Display.html?id=812370;"4491";;2026-06-08 18:31:22.000;0;1;0;0;0;0.0000
812370;urgent SMB pripojenie;resolved;support;uhlik;https://rt.i.masterinter.net/Ticket/Display.html?id=812370;"4491";;2026-06-08 18:31:33.000;0;0;1;0;0;1.0000
803607;(CID 4343) Bezplatn· moûnost aktualizace firmware dne 30.4.2026;open;rozesilky;landa;https://rt.i.masterinter.net/Ticket/Display.html?id=803607;"4343";;2026-06-08 18:54:07.000;0;1;0;0;0;0.2500
803614;(CID 4946) Bezplatn· moûnost aktualizace firmware dne 30.4.2026;open;rozesilky;landa;https://rt.i.masterinter.net/Ticket/Display.html?id=803614;"4946";;2026-06-08 18:55:00.000;0;1;0;0;0;0.5000
810631;Update managed Windows cloud-1062, cloud-1063, cloud-1703;resolved;windows;ulman;https://rt.i.masterinter.net/Ticket/Display.html?id=810631;"5559";;2026-06-08 18:56:11.000;0;1;0;0;0;0.0000
803651;(CID 5038) Complimentary Firmware Update Opportunity 2026-04-30;resolved;rozesilky;landa;https://rt.i.masterinter.net/Ticket/Display.html?id=803651;"5038";;2026-06-08 18:56:24.000;0;1;0;0;0;0.5000
803657;(CID 7985) Bezplatn· moûnost aktualizace firmware dne 30.4.2026;open;rozesilky;landa;https://rt.i.masterinter.net/Ticket/Display.html?id=803657;"7985";;2026-06-08 18:57:06.000;0;1;0;0;0;0.2500
803665;(CID 8260) Bezplatn· moûnost aktualizace firmware dne 30.4.2026;open;rozesilky;landa;https://rt.i.masterinter.net/Ticket/Display.html?id=803665;"8260";;2026-06-08 18:57:30.000;0;1;0;0;0;0.2500
803610;(CID 8520) Bezplatn· moûnost aktualizace firmware dne 30.4.2026;open;rozesilky;landa;https://rt.i.masterinter.net/Ticket/Display.html?id=803610;"8520";;2026-06-08 18:58:03.000;0;1;0;0;0;0.2500
803629;(CID 8526) Bezplatn· moûnost aktualizace firmware dne 30.4.2026;open;rozesilky;landa;https://rt.i.masterinter.net/Ticket/Display.html?id=803629;"8526";;2026-06-08 18:58:23.000;0;1;0;0;0;0.2500
803623;(CID 9060) Bezplatn· moûnost aktualizace firmware dne 30.4.2026;open;rozesilky;landa;https://rt.i.masterinter.net/Ticket/Display.html?id=803623;"9060";;2026-06-08 18:58:44.000;0;1;0;0;0;0.2500
803642;(CID 9228) Bezplatn· moûnost aktualizace firmware dne 30.4.2026;open;rozesilky;landa;https://rt.i.masterinter.net/Ticket/Display.html?id=803642;"9228";;2026-06-08 18:59:01.000;0;1;0;0;0;0.2500
803676;(CID 9349) Bezplatn· moûnost aktualizace firmware dne 30.4.2026;resolved;rozesilky;landa;https://rt.i.masterinter.net/Ticket/Display.html?id=803676;"9349";;2026-06-08 18:59:18.000;0;1;0;0;0;0.2500
803677;(CID 9454) Bezplatn· moûnost aktualizace firmware dne 30.4.2026;open;rozesilky;landa;https://rt.i.masterinter.net/Ticket/Display.html?id=803677;"9454";;2026-06-08 18:59:56.000;0;1;0;0;0;0.5000
803606;(CID 9495) Bezplatn· moûnost aktualizace firmware dne 30.4.2026;resolved;rozesilky;landa;https://rt.i.masterinter.net/Ticket/Display.html?id=803606;"9495";;2026-06-08 19:00:15.000;0;1;0;0;0;0.2500
812459;Update managed Windows cloud-1062, cloud-1063, cloud-1703;resolved;support;ulman;https://rt.i.masterinter.net/Ticket/Display.html?id=812459;;;2026-06-08 19:05:47.000;0;1;0;0;0;0.0000
812459;Update managed Windows cloud-1062, cloud-1063, cloud-1703;resolved;support;ulman;https://rt.i.masterinter.net/Ticket/Display.html?id=812459;;;2026-06-08 19:06:00.000;0;0;1;0;0;0.0000
812145;Aktualizace Sentry + Grafany;open;support;belousov;https://rt.i.masterinter.net/Ticket/Display.html?id=812145;"6790";"90270";2026-06-08 19:58:10.000;0;1;0;0;0;0.0000
812145;Aktualizace Sentry + Grafany;open;support;belousov;https://rt.i.masterinter.net/Ticket/Display.html?id=812145;"6790";"90270";2026-06-08 20:13:08.000;0;1;0;0;0;0.0000
812145;Aktualizace Sentry + Grafany;open;support;belousov;https://rt.i.masterinter.net/Ticket/Display.html?id=812145;"6790";"90270";2026-06-08 20:39:12.000;0;1;0;0;0;0.0000
812459;Update managed Windows cloud-1062, cloud-1063, cloud-1703;resolved;support;ulman;https://rt.i.masterinter.net/Ticket/Display.html?id=812459;;;2026-06-08 20:41:57.000;0;1;0;0;0;1.7500
812145;Aktualizace Sentry + Grafany;open;support;belousov;https://rt.i.masterinter.net/Ticket/Display.html?id=812145;"6790";"90270";2026-06-08 20:46:27.000;0;1;0;0;0;0.0000
812145;Aktualizace Sentry + Grafany;open;support;belousov;https://rt.i.masterinter.net/Ticket/Display.html?id=812145;"6790";"90270";2026-06-08 20:54:53.000;0;1;0;0;0;0.0000
812436;Obj. ID: 10549 Z·kaznÌk: #2630 - H·jek Petr (HIPPO, spol. s r.o.);resolved;objednavky;ulman;https://rt.i.masterinter.net/Ticket/Display.html?id=812436;"2630";;2026-06-08 20:59:08.000;1;0;0;0;0;0.0000
803677;(CID 9454) Bezplatn· moûnost aktualizace firmware dne 30.4.2026;open;rozesilky;landa;https://rt.i.masterinter.net/Ticket/Display.html?id=803677;"9454";;2026-06-08 21:01:26.000;0;1;0;0;0;0.0000
812459;Update managed Windows cloud-1062, cloud-1063, cloud-1703;resolved;support;ulman;https://rt.i.masterinter.net/Ticket/Display.html?id=812459;;;2026-06-08 21:10:59.000;0;1;0;0;0;0.0000
812145;Aktualizace Sentry + Grafany;open;support;belousov;https://rt.i.masterinter.net/Ticket/Display.html?id=812145;"6790";"90270";2026-06-08 21:12:28.000;0;1;0;0;0;0.0000
810631;Update managed Windows cloud-1062, cloud-1063, cloud-1703;resolved;windows;ulman;https://rt.i.masterinter.net/Ticket/Display.html?id=810631;"5559";;2026-06-08 21:14:09.000;1;0;0;0;0;0.0000
812145;Aktualizace Sentry + Grafany;open;support;belousov;https://rt.i.masterinter.net/Ticket/Display.html?id=812145;"6790";"90270";2026-06-08 21:19:12.000;0;1;0;0;0;0.0000
812145;Aktualizace Sentry + Grafany;open;support;belousov;https://rt.i.masterinter.net/Ticket/Display.html?id=812145;"6790";"90270";2026-06-08 21:36:17.000;0;1;0;0;0;0.0000
812145;Aktualizace Sentry + Grafany;open;support;belousov;https://rt.i.masterinter.net/Ticket/Display.html?id=812145;"6790";"90270";2026-06-08 21:51:45.000;0;1;0;0;0;0.0000
812145;Aktualizace Sentry + Grafany;open;support;belousov;https://rt.i.masterinter.net/Ticket/Display.html?id=812145;"6790";"90270";2026-06-08 21:58:07.000;0;1;0;0;0;0.0000
812145;Aktualizace Sentry + Grafany;open;support;belousov;https://rt.i.masterinter.net/Ticket/Display.html?id=812145;"6790";"90270";2026-06-08 22:09:32.000;0;1;0;0;0;0.0000
812145;Aktualizace Sentry + Grafany;open;support;belousov;https://rt.i.masterinter.net/Ticket/Display.html?id=812145;"6790";"90270";2026-06-08 22:21:03.000;0;1;0;0;0;0.0000
812145;Aktualizace Sentry + Grafany;open;support;belousov;https://rt.i.masterinter.net/Ticket/Display.html?id=812145;"6790";"90270";2026-06-08 22:28:03.000;0;1;0;0;0;0.0000
812145;Aktualizace Sentry + Grafany;open;support;belousov;https://rt.i.masterinter.net/Ticket/Display.html?id=812145;"6790";"90270";2026-06-08 22:38:28.000;1;0;0;0;0;2.6667
665314;Elasticsearch cluster na managed logy + migrace z centos 7 [tracking];open;linux;belousov;https://rt.i.masterinter.net/Ticket/Display.html?id=665314;;;2026-06-08 22:46:04.000;1;0;0;0;0;0.0000
812469;PROBLEM Service Alert: d238-web11.masterinter.net/nrpe_load is CRITICAL;open;support;landa;https://rt.i.masterinter.net/Ticket/Display.html?id=812469;"6771";"65622";2026-06-09 00:25:37.000;0;0;1;0;0;0.0000
812469;PROBLEM Service Alert: d238-web11.masterinter.net/nrpe_load is CRITICAL;open;support;landa;https://rt.i.masterinter.net/Ticket/Display.html?id=812469;"6771";"65622";2026-06-09 00:28:06.000;0;1;0;0;0;0.5000
810073;Upgrade  cr6.r2-1-3.dc2.cejl.brq 9.6.2026 5:00-6:00 CEST;resolved;support;zidek;https://rt.i.masterinter.net/Ticket/Display.html?id=810073;;;2026-06-09 03:28:54.000;1;0;0;0;0;1.0000
795589;Popt·vka »eskÈ ploty - managed win server 9.2. 9h;resolved;poptavky;schon;https://rt.i.masterinter.net/Ticket/Display.html?id=795589;;;2026-06-09 04:07:43.000;0;1;0;0;0;0.0000
811484;"05-2026 Infra patching";resolved;support;schon;https://rt.i.masterinter.net/Ticket/Display.html?id=811484;;;2026-06-09 04:15:14.000;1;0;0;0;0;0.0000
811756;(admin.masterdc.com CID#9134) LetsEncrypt SSL certifik·t;resolved;support;schon;https://rt.i.masterinter.net/Ticket/Display.html?id=811756;"9134";;2026-06-09 04:15:46.000;1;0;0;0;0;0.0000
811915;ProblÈmy riorey s rr2 po ˙toku 3.6.2026 [tracking] RRCASE-3965 [riorey];resolved;support;zidek;https://rt.i.masterinter.net/Ticket/Display.html?id=811915;;;2026-06-09 04:18:50.000;1;0;0;0;0;1.0000
811915;ProblÈmy riorey s rr2 po ˙toku 3.6.2026 [tracking] RRCASE-3965 [riorey];resolved;support;zidek;https://rt.i.masterinter.net/Ticket/Display.html?id=811915;;;2026-06-09 04:19:03.000;0;0;1;0;0;0.0000
811915;ProblÈmy riorey s rr2 po ˙toku 3.6.2026 [tracking] RRCASE-3965 [riorey];resolved;support;zidek;https://rt.i.masterinter.net/Ticket/Display.html?id=811915;;;2026-06-09 04:19:21.000;1;0;0;0;0;0.0000
811895;Timeouty na haproxy napriec projektami;resolved;support;zidek;https://rt.i.masterinter.net/Ticket/Display.html?id=811895;"4381";;2026-06-09 04:19:42.000;1;0;0;0;0;0.0000
811915;ProblÈmy riorey s rr2 po ˙toku 3.6.2026 [tracking] RRCASE-3965 [riorey];resolved;support;zidek;https://rt.i.masterinter.net/Ticket/Display.html?id=811915;;;2026-06-09 04:20:22.000;0;0;1;0;0;0.0000
807254;"110% quota threshold exceeded by D4546\bcp-6480-d9756-VMFS";resolved;support;schon;https://rt.i.masterinter.net/Ticket/Display.html?id=807254;"6480";"116203";2026-06-09 04:26:23.000;0;1;0;0;0;0.5000
812491;** RECOVERY Service Alert:  cr6.r2-1-3.dc2.cejl.brq/ping is OK (1) **;resolved;noc;zidek;https://rt.i.masterinter.net/Ticket/Display.html?id=812491;;;2026-06-09 04:27:30.000;1;0;0;0;0;0.0000
812508;MAI Alert System: Changed state to up lo1.ss500.r1-8.dc1.4d.prg.masterinter.net;resolved;noc;zidek;https://rt.i.masterinter.net/Ticket/Display.html?id=812508;;;2026-06-09 04:28:19.000;1;0;0;0;0;0.0000
812236;d9756 FileStore-W25/check_veeam_backup is CRITICAL;resolved;support;schon;https://rt.i.masterinter.net/Ticket/Display.html?id=812236;"6480";;2026-06-09 04:28:53.000;1;0;0;0;0;0.0833
812237;d92/check_veeam_backup is CRITICAL;resolved;support;schon;https://rt.i.masterinter.net/Ticket/Display.html?id=812237;"4018";"48850";2026-06-09 04:30:16.000;1;0;0;0;0;0.2500
812475;Kontrola dlouhotrvajÌcÌch stav˘ sluûeb;open;managed;maska;https://rt.i.masterinter.net/Ticket/Display.html?id=812475;;;2026-06-09 05:36:08.000;0;0;1;0;0;0.0000
812506;Seznam z·kaznÌk˘ ve stavu approved;resolved;todo;maska;https://rt.i.masterinter.net/Ticket/Display.html?id=812506;;;2026-06-09 05:36:22.000;0;0;1;0;0;0.0000
812430;[csirt-cz] [TLP:CLEAR] [Max CVSS 9.3] Google Chrome opravuje 429 zraniteænostÌ;resolved;csirt;maska;https://rt.i.masterinter.net/Ticket/Display.html?id=812430;;;2026-06-09 05:39:09.000;0;0;1;0;0;0.0000
812430;[csirt-cz] [TLP:CLEAR] [Max CVSS 9.3] Google Chrome opravuje 429 zraniteænostÌ;resolved;csirt;maska;https://rt.i.masterinter.net/Ticket/Display.html?id=812430;;;2026-06-09 05:42:00.000;1;0;0;0;0;0.0000
812419;[csirt-cz] [TLP:CLEAR] [Max CVSS 7.8] X.Org X server a Xwayland opravujÌ 9 zranitelnostÌ;resolved;csirt;maska;https://rt.i.masterinter.net/Ticket/Display.html?id=812419;;;2026-06-09 05:43:06.000;0;0;1;0;0;0.0000
812437;zpomalenÌ chodu webu pse.cz;resolved;support;maska;https://rt.i.masterinter.net/Ticket/Display.html?id=812437;"8047";;2026-06-09 05:44:00.000;0;0;1;0;0;0.0000
812445;(admin.masterdc.com CID#5066) sync defguardu.;open;support;maska;https://rt.i.masterinter.net/Ticket/Display.html?id=812445;"5066";;2026-06-09 05:44:15.000;0;0;1;0;0;0.0000
812448;PROBLEM Service Alert:  566@d2002/nrpe_load is CRITICAL ;resolved;support;maska;https://rt.i.masterinter.net/Ticket/Display.html?id=812448;"5169";"92023";2026-06-09 05:47:05.000;0;0;1;0;0;0.0000
812454;(admin.masterdc.com CID#4067) Security dotaznÌk;open;support;maska;https://rt.i.masterinter.net/Ticket/Display.html?id=812454;"4067";"81132";2026-06-09 05:54:07.000;0;0;1;0;0;0.0000
812463;(admin.masterdc.com CID#4151) ZmÏna emailovÈ adresy pro zasÌl·nÌ faktur;resolved;support;maska;https://rt.i.masterinter.net/Ticket/Display.html?id=812463;"4151";;2026-06-09 05:58:51.000;0;0;1;0;0;0.0000
812463;(admin.masterdc.com CID#4151) ZmÏna emailovÈ adresy pro zasÌl·nÌ faktur;resolved;support;maska;https://rt.i.masterinter.net/Ticket/Display.html?id=812463;"4151";;2026-06-09 06:07:02.000;0;1;0;0;0;0.2500
811906;Zalohovaci prostor zaplnen z 99% u vds769;resolved;support;schon;https://rt.i.masterinter.net/Ticket/Display.html?id=811906;"5810";;2026-06-09 06:07:46.000;0;1;0;0;0;0.1667
812465;PROBLEM Service Alert: cloud-3258/nrpe_load is CRITICAL;open;support;maska;https://rt.i.masterinter.net/Ticket/Display.html?id=812465;"9492";"117545";2026-06-09 06:08:10.000;0;0;1;0;0;0.0000
811906;Zalohovaci prostor zaplnen z 99% u vds769;resolved;support;schon;https://rt.i.masterinter.net/Ticket/Display.html?id=811906;"5810";;2026-06-09 06:08:33.000;1;0;0;0;0;0.0000
812515;PROBLEM Service Alert:  d1264 - managed/ssl_validation_d1264.master.cz_exim is CRITICAL ;new;support;maska;https://rt.i.masterinter.net/Ticket/Display.html?id=812515;"2522";;2026-06-09 06:11:17.000;0;0;1;0;0;0.0000
812517;PROBLEM Service Alert:  d899/mysql-backup-mysql3 is CRITICAL;open;support;maska;https://rt.i.masterinter.net/Ticket/Display.html?id=812517;"7247";"72162";2026-06-09 06:13:10.000;0;0;1;0;0;0.0000
812516;PROBLEM Service Alert:  d9858-105.masterinter.net/nrpe_memory is CRITICAL ;resolved;noc;maska;https://rt.i.masterinter.net/Ticket/Display.html?id=812516;"3033";;2026-06-09 06:16:57.000;0;0;1;0;0;0.0000
812516;PROBLEM Service Alert:  d9858-105.masterinter.net/nrpe_memory is CRITICAL ;resolved;noc;maska;https://rt.i.masterinter.net/Ticket/Display.html?id=812516;"3033";;2026-06-09 06:17:21.000;1;0;0;0;0;0.0000
812518;(admin.masterdc.com CID#7226) Vyztavov·nÌ certifik·tu;resolved;support;belousov;https://rt.i.masterinter.net/Ticket/Display.html?id=812518;"7226";"71825";2026-06-09 06:36:53.000;0;0;1;0;0;0.0000
812520;ZruöenÌ sluûby, ukonËena k datu 08.06.2026 z·kaznÌk #4149 - Svoboda Jan (Infinity Energy, s.r.o.);resolved;cancel;maska;https://rt.i.masterinter.net/Ticket/Display.html?id=812520;"4149";;2026-06-09 06:41:34.000;0;0;1;0;0;0.0000
812521;Enterprise HDDs | Factory Direct Pricing & Continuous Supply Chain;resolved;spam;maska;https://rt.i.masterinter.net/Ticket/Display.html?id=812521;;;2026-06-09 06:51:46.000;0;0;1;0;0;0.0000
812448;PROBLEM Service Alert:  566@d2002/nrpe_load is CRITICAL ;resolved;support;landa;https://rt.i.masterinter.net/Ticket/Display.html?id=812448;"5169";"92023";2026-06-09 06:58:19.000;0;1;0;0;0;0.5000
812370;urgent SMB pripojenie;resolved;support;uhlik;https://rt.i.masterinter.net/Ticket/Display.html?id=812370;"4491";;2026-06-09 07:00:52.000;0;1;0;0;0;0.0000
812518;(admin.masterdc.com CID#7226) Vyztavov·nÌ certifik·tu;resolved;support;belousov;https://rt.i.masterinter.net/Ticket/Display.html?id=812518;"7226";"71825";2026-06-09 07:08:18.000;0;1;0;0;0;0.0000
811603;Kontrola dlouhotrvajÌcÌch stav˘ sluûeb;resolved;managed;landa;https://rt.i.masterinter.net/Ticket/Display.html?id=811603;;;2026-06-09 07:09:15.000;0;0;1;0;0;0.0833
812475;Kontrola dlouhotrvajÌcÌch stav˘ sluûeb;open;managed;landa;https://rt.i.masterinter.net/Ticket/Display.html?id=812475;;;2026-06-09 07:09:35.000;0;1;0;0;0;0.5000
810574;Z·loha dat k naöemu z·kaznÌkovi;open;support;landa;https://rt.i.masterinter.net/Ticket/Display.html?id=810574;"5421";"90923";2026-06-09 07:11:34.000;0;1;0;0;0;0.0000
811148;d8029-101.masterinter.net/check_isp_domains is CRITICAL;resolved;support;landa;https://rt.i.masterinter.net/Ticket/Display.html?id=811148;"7194";"71200";2026-06-09 07:13:00.000;0;1;0;0;0;0.0000
811885;Re: ** PROBLEM Service Alert:  cloud-1964/mysql-max-connections is UNKNOWN (1) **;open;support;landa;https://rt.i.masterinter.net/Ticket/Display.html?id=811885;"4039";;2026-06-09 07:13:28.000;0;1;0;0;0;0.0000
811899;PROBLEM Service Alert:  d415/check_http_content_CRON is CRITICAL;resolved;support;landa;https://rt.i.masterinter.net/Ticket/Display.html?id=811899;"4067";"81132";2026-06-09 07:13:58.000;0;1;0;0;0;0.0000
812522;DDD Alert on col3.i.masterinter.net: 2026-06-09 09:04:02 - mai_net_ipv6 (1253) - Detected ;resolved;noc;zidek;https://rt.i.masterinter.net/Ticket/Display.html?id=812522;;;2026-06-09 07:14:23.000;1;0;0;0;0;0.0000
811955;PROBLEM Service Alert:  cloud-1607/nrpe_disk is CRITICAL;resolved;support;landa;https://rt.i.masterinter.net/Ticket/Display.html?id=811955;"7814";"79503";2026-06-09 07:14:26.000;0;1;0;0;0;0.0000
812185;(admin.masterdc.com CID#2621) Obnova ze z·lohy;resolved;support;landa;https://rt.i.masterinter.net/Ticket/Display.html?id=812185;"2621";"85699";2026-06-09 07:14:56.000;0;1;0;0;0;0.0000
812419;[csirt-cz] [TLP:CLEAR] [Max CVSS 7.8] X.Org X server a Xwayland opravujÌ 9 zranitelnostÌ;resolved;csirt;belousov;https://rt.i.masterinter.net/Ticket/Display.html?id=812419;;;2026-06-09 07:15:44.000;1;0;0;0;0;0.0000
812519;DDD Alert on col3.i.masterinter.net: 2026-06-09 08:29:04 - mai_net_ipv6 (1253) - Detected ;resolved;noc;zidek;https://rt.i.masterinter.net/Ticket/Display.html?id=812519;;;2026-06-09 07:17:22.000;1;0;0;0;0;0.0000
794951;Update infra;open;support;chudy;https://rt.i.masterinter.net/Ticket/Display.html?id=794951;"6083";;2026-06-09 07:17:29.000;1;0;0;0;0;26.0000
812465;PROBLEM Service Alert: cloud-3258/nrpe_load is CRITICAL;open;support;landa;https://rt.i.masterinter.net/Ticket/Display.html?id=812465;"9492";"117545";2026-06-09 07:18:02.000;0;1;0;0;0;0.5000
812341;V˝padek pres den;resolved;support;michal.nosek;https://rt.i.masterinter.net/Ticket/Display.html?id=812341;"5169";"92023";2026-06-09 07:28:42.000;0;1;0;0;0;0.0000
812340;Composer a npm nefunguje;resolved;support;michal.nosek;https://rt.i.masterinter.net/Ticket/Display.html?id=812340;"5169";"92023";2026-06-09 07:29:55.000;0;1;0;0;0;0.0000
812523;(admin.masterdc.com CID#7247) Obnova e-mailov˝ch schr·nek - dekorativne-farby.sk;open;support;maska;https://rt.i.masterinter.net/Ticket/Display.html?id=812523;"7247";"72162";2026-06-09 07:34:05.000;0;0;1;0;0;0.0000
812526;OCU server;open;support;zidek;https://rt.i.masterinter.net/Ticket/Display.html?id=812526;"9489";;2026-06-09 07:45:30.000;0;0;1;0;0;0.0000
812523;(admin.masterdc.com CID#7247) Obnova e-mailov˝ch schr·nek - dekorativne-farby.sk;open;support;maska;https://rt.i.masterinter.net/Ticket/Display.html?id=812523;"7247";"72162";2026-06-09 07:45:32.000;0;1;0;0;0;0.0000
812524;(admin.masterdc.com CID#7247) Load balancing CRONu;open;support;maska;https://rt.i.masterinter.net/Ticket/Display.html?id=812524;"7247";"72162";2026-06-09 07:46:02.000;0;0;1;0;0;0.0000
812524;(admin.masterdc.com CID#7247) Load balancing CRONu;open;support;maska;https://rt.i.masterinter.net/Ticket/Display.html?id=812524;"7247";"72162";2026-06-09 07:46:03.000;0;1;0;0;0;0.0000
812526;OCU server;open;support;maska;https://rt.i.masterinter.net/Ticket/Display.html?id=812526;"9489";;2026-06-09 07:49:33.000;0;0;1;0;0;0.0000
812526;OCU server;open;support;maska;https://rt.i.masterinter.net/Ticket/Display.html?id=812526;"9489";;2026-06-09 07:49:33.000;0;1;0;0;0;0.0000
812525;FW: VPN;open;support;maska;https://rt.i.masterinter.net/Ticket/Display.html?id=812525;"8446";;2026-06-09 07:56:17.000;0;0;1;0;0;0.0000
809974;ProvÏ¯enÌ zranitelnostÌ Kernelu;open;support;belousov;https://rt.i.masterinter.net/Ticket/Display.html?id=809974;"6790";;2026-06-09 07:58:16.000;0;1;0;0;0;0.0000
812526;OCU server;open;support;uhlik;https://rt.i.masterinter.net/Ticket/Display.html?id=812526;"9489";;2026-06-09 08:05:31.000;0;1;0;0;0;0.0000
812370;urgent SMB pripojenie;resolved;support;uhlik;https://rt.i.masterinter.net/Ticket/Display.html?id=812370;"4491";;2026-06-09 08:06:44.000;0;1;0;0;0;0.0000
812525;FW: VPN;open;support;ondrej;https://rt.i.masterinter.net/Ticket/Display.html?id=812525;"8446";;2026-06-09 08:08:30.000;0;1;0;0;0;0.2500
811327;(admin.masterdc.com CID#8446) Priprava high memory nodu;open;support;ondrej;https://rt.i.masterinter.net/Ticket/Display.html?id=811327;"8446";;2026-06-09 08:08:34.000;0;1;0;0;0;0.0000
812528;(admin.masterdc.com CID#2884) VM8 - chyba p¯i povolenÌ webu;open;support;maska;https://rt.i.masterinter.net/Ticket/Display.html?id=812528;"2884";;2026-06-09 08:12:34.000;0;0;1;0;0;0.0000
812528;(admin.masterdc.com CID#2884) VM8 - chyba p¯i povolenÌ webu;open;support;maska;https://rt.i.masterinter.net/Ticket/Display.html?id=812528;"2884";;2026-06-09 08:12:34.000;0;1;0;0;0;0.0000
812523;(admin.masterdc.com CID#7247) Obnova e-mailov˝ch schr·nek - dekorativne-farby.sk;open;support;michal.nosek;https://rt.i.masterinter.net/Ticket/Display.html?id=812523;"7247";"72162";2026-06-09 08:14:20.000;0;1;0;0;0;0.5000
810140;(admin.masterdc.com CID#4209) ext. zalohy na serveru Ë·steËnÏ nefunkËnÌ;open;support;uhlik;https://rt.i.masterinter.net/Ticket/Display.html?id=810140;"4209";"91183";2026-06-09 08:23:37.000;0;1;0;0;0;0.0000
812523;(admin.masterdc.com CID#7247) Obnova e-mailov˝ch schr·nek - dekorativne-farby.sk;open;support;tomas.krupicka;https://rt.i.masterinter.net/Ticket/Display.html?id=812523;"7247";"72162";2026-06-09 08:26:17.000;0;1;0;0;0;0.0000
812370;urgent SMB pripojenie;resolved;support;uhlik;https://rt.i.masterinter.net/Ticket/Display.html?id=812370;"4491";;2026-06-09 08:27:04.000;0;0;1;0;0;0.0000
812370;urgent SMB pripojenie;resolved;support;uhlik;https://rt.i.masterinter.net/Ticket/Display.html?id=812370;"4491";;2026-06-09 08:27:06.000;0;0;1;0;0;0.0000
812523;(admin.masterdc.com CID#7247) Obnova e-mailov˝ch schr·nek - dekorativne-farby.sk;open;support;tomas.krupicka;https://rt.i.masterinter.net/Ticket/Display.html?id=812523;"7247";"72162";2026-06-09 08:27:27.000;0;1;0;0;0;0.0000
812459;Update managed Windows cloud-1062, cloud-1063, cloud-1703;resolved;support;ulman;https://rt.i.masterinter.net/Ticket/Display.html?id=812459;;;2026-06-09 08:27:58.000;1;0;0;0;0;0.0000
812454;(admin.masterdc.com CID#4067) Security dotaznÌk;open;support;tomas.krupicka;https://rt.i.masterinter.net/Ticket/Display.html?id=812454;"4067";"81132";2026-06-09 08:28:15.000;0;1;0;0;0;0.0000
812528;(admin.masterdc.com CID#2884) VM8 - chyba p¯i povolenÌ webu;open;support;ryska;https://rt.i.masterinter.net/Ticket/Display.html?id=812528;"2884";;2026-06-09 08:28:15.000;0;1;0;0;0;0.0000
810631;Update managed Windows cloud-1062, cloud-1063, cloud-1703;resolved;windows;ulman;https://rt.i.masterinter.net/Ticket/Display.html?id=810631;"5559";;2026-06-09 08:29:01.000;1;0;0;0;0;0.0000
812037;Pl·novan· odst·vka DZC;resolved;support;ulman;https://rt.i.masterinter.net/Ticket/Display.html?id=812037;;;2026-06-09 08:30:02.000;1;0;0;0;0;0.0167
812528;(admin.masterdc.com CID#2884) VM8 - chyba p¯i povolenÌ webu;open;support;ryska;https://rt.i.masterinter.net/Ticket/Display.html?id=812528;"2884";;2026-06-09 08:30:12.000;0;1;0;0;0;0.0000
811657;URGENT - v˝padek SAFE stacku - PROEBIZ s.r.o.;open;support;tarcak;https://rt.i.masterinter.net/Ticket/Display.html?id=811657;;;2026-06-09 08:30:12.000;0;1;0;0;0;1.5000
812342;DneönÌ pl·novan· odst·vka DZC;resolved;support;ulman;https://rt.i.masterinter.net/Ticket/Display.html?id=812342;;;2026-06-09 08:30:18.000;1;0;0;0;0;0.0167
811476;"3844 DAIN - Proxmox";open;poptavky;maska;https://rt.i.masterinter.net/Ticket/Display.html?id=811476;;;2026-06-09 08:35:10.000;1;0;0;0;0;0.7500
812531;[csirt-cz] [TLP:CLEAR] [Max CVSS 8.0] VMware opravuje 3 zranitelnosti ve sv˝ch produktech;new;csirt;tarcak;https://rt.i.masterinter.net/Ticket/Display.html?id=812531;;;2026-06-09 08:37:24.000;0;0;1;0;0;0.0000
812518;(admin.masterdc.com CID#7226) Vyztavov·nÌ certifik·tu;resolved;support;belousov;https://rt.i.masterinter.net/Ticket/Display.html?id=812518;"7226";"71825";2026-06-09 08:38:18.000;0;1;0;0;0;0.0000
809974;ProvÏ¯enÌ zranitelnostÌ Kernelu;open;support;belousov;https://rt.i.masterinter.net/Ticket/Display.html?id=809974;"6790";;2026-06-09 08:39:44.000;0;1;0;0;0;0.0000
812512;Infra WAC upgrade from 2.6.4.11 to 2.6.7.28;open;support;schon;https://rt.i.masterinter.net/Ticket/Display.html?id=812512;;;2026-06-09 08:41:11.000;1;0;0;0;0;2.0000
795589;Popt·vka »eskÈ ploty - managed win server 9.2. 9h;resolved;poptavky;schon;https://rt.i.masterinter.net/Ticket/Display.html?id=795589;;;2026-06-09 08:56:47.000;0;1;0;0;0;0.0000
812518;(admin.masterdc.com CID#7226) Vyztavov·nÌ certifik·tu;resolved;support;belousov;https://rt.i.masterinter.net/Ticket/Display.html?id=812518;"7226";"71825";2026-06-09 08:57:02.000;0;1;0;0;0;0.0000
812339;(admin.masterdc.com CID#4209) kontrola NFS sdilene slozky pod uzivatelem no200;open;support;ryska;https://rt.i.masterinter.net/Ticket/Display.html?id=812339;"4209";"91183";2026-06-09 08:57:05.000;0;1;0;0;0;0.0000
812536;P¯Ìstupy pro Samuel Chovanec - st·ûista;open;hr;ulman;https://rt.i.masterinter.net/Ticket/Display.html?id=812536;;;2026-06-09 09:02:12.000;0;0;1;0;0;0.0000
812537;P¯Ìstupy pro Veronika NÏmeËkov· - st·ûistka;open;hr;ulman;https://rt.i.masterinter.net/Ticket/Display.html?id=812537;;;2026-06-09 09:02:24.000;0;0;1;0;0;0.0000
811961;d51-101 - domena peterlegwood.cz;resolved;support;maska;https://rt.i.masterinter.net/Ticket/Display.html?id=811961;"5641";"69572";2026-06-09 09:06:37.000;0;1;0;0;0;0.5000
812117;nov· role v Dynamics365 pro navol·vaËku;resolved;windows;ulman;https://rt.i.masterinter.net/Ticket/Display.html?id=812117;;;2026-06-09 09:06:49.000;1;0;0;0;0;0.2500
812117;nov· role v Dynamics365 pro navol·vaËku;resolved;windows;ulman;https://rt.i.masterinter.net/Ticket/Display.html?id=812117;;;2026-06-09 09:07:02.000;1;0;0;0;0;0.0833
812535;Obj. ID: 10550 Z·kaznÌk: #2895 - VozÚ·k Marek (imao s.r.o.);open;objednavky;maska;https://rt.i.masterinter.net/Ticket/Display.html?id=812535;"2895";;2026-06-09 09:09:25.000;0;0;1;0;0;0.0000
810639;Statut·rnÌ mÏsto Brno: Ve¯ejn· zak·zka: Platforma pro spr·vu AI agent˘ a automatizovan˝ch workflow;open;poptavky;jiri.sakac;https://rt.i.masterinter.net/Ticket/Display.html?id=810639;;;2026-06-09 09:15:27.000;0;1;0;0;0;0.6667
809974;ProvÏ¯enÌ zranitelnostÌ Kernelu;open;support;belousov;https://rt.i.masterinter.net/Ticket/Display.html?id=809974;"6790";;2026-06-09 09:17:59.000;0;1;0;0;0;0.0000
809769;Update Win-VPS cluster;open;windows;antonin.homola;https://rt.i.masterinter.net/Ticket/Display.html?id=809769;"7443";;2026-06-09 09:28:42.000;1;0;0;0;0;2.0000
796815;Obj. ID: 10415 Z·kaznÌk: #9489 - Novotn˝ Radek (Mediawork Services s.r.o.);open;objednavky;uhlik;https://rt.i.masterinter.net/Ticket/Display.html?id=796815;"9489";;2026-06-09 09:53:33.000;0;1;0;0;0;0.0000
812541;(admin.masterdc.com CID#8720) OmezenÌ p¯Ìstupu na server pro danÈ IP;resolved;support;uhlik;https://rt.i.masterinter.net/Ticket/Display.html?id=812541;"8720";;2026-06-09 10:04:18.000;0;1;0;0;0;0.0000
812541;(admin.masterdc.com CID#8720) OmezenÌ p¯Ìstupu na server pro danÈ IP;resolved;support;uhlik;https://rt.i.masterinter.net/Ticket/Display.html?id=812541;"8720";;2026-06-09 10:04:33.000;0;0;1;0;0;0.0000
806745;dalsi hostnames pro WAF;resolved;support;uhlik;https://rt.i.masterinter.net/Ticket/Display.html?id=806745;"9489";;2026-06-09 10:24:46.000;0;1;0;0;0;0.0000
790177;Obj. ID: 10335 Z·kaznÌk: #9412 - Matras Duöan (nsure s.r.o.);resolved;objednavky;antonin.homola;https://rt.i.masterinter.net/Ticket/Display.html?id=790177;"9412";;2026-06-09 10:25:15.000;0;1;0;0;0;0.0833
806745;dalsi hostnames pro WAF;resolved;support;uhlik;https://rt.i.masterinter.net/Ticket/Display.html?id=806745;"9489";;2026-06-09 10:25:35.000;1;0;0;0;0;0.0000
806745;dalsi hostnames pro WAF;resolved;support;uhlik;https://rt.i.masterinter.net/Ticket/Display.html?id=806745;"9489";;2026-06-09 10:25:48.000;0;0;1;0;0;1.0000
812542;(admin.masterdc.com CID#9060) P¯id·nÌ IP4 na server d0846;resolved;support;uhlik;https://rt.i.masterinter.net/Ticket/Display.html?id=812542;"9060";;2026-06-09 10:29:45.000;0;1;0;0;0;0.0000
812470;Network vulnerability alert - request to resolve;new;scanneris;uhlik;https://rt.i.masterinter.net/Ticket/Display.html?id=812470;"4926";;2026-06-09 10:30:40.000;0;0;1;0;0;0.0000
812471;UpozornÏnÌ na zranitelnost v sÌti ñ û·dost o ¯eöenÌ;new;scanneris;uhlik;https://rt.i.masterinter.net/Ticket/Display.html?id=812471;"6443";;2026-06-09 10:30:49.000;0;0;1;0;0;0.0000
805497;[tracking] FW: RohlÌk Chr·öùany - diagram sÌùovÈ komunikace;open;support;antonin.homola;https://rt.i.masterinter.net/Ticket/Display.html?id=805497;;;2026-06-09 10:31:15.000;0;0;1;0;0;0.0000
812545;(admin.masterdc.com CID#4155) UkonËenÌ provozu virtu·lnÌho serveru k 30.6.2026;resolved;support;uhlik;https://rt.i.masterinter.net/Ticket/Display.html?id=812545;"4155";;2026-06-09 10:37:55.000;0;1;0;0;0;0.0000
812545;(admin.masterdc.com CID#4155) UkonËenÌ provozu virtu·lnÌho serveru k 30.6.2026;resolved;support;uhlik;https://rt.i.masterinter.net/Ticket/Display.html?id=812545;"4155";;2026-06-09 10:38:03.000;0;0;1;0;0;0.0000
812545;(admin.masterdc.com CID#4155) UkonËenÌ provozu virtu·lnÌho serveru k 30.6.2026;resolved;support;uhlik;https://rt.i.masterinter.net/Ticket/Display.html?id=812545;"4155";;2026-06-09 10:38:33.000;1;0;0;0;0;0.0000
796815;Obj. ID: 10415 Z·kaznÌk: #9489 - Novotn˝ Radek (Mediawork Services s.r.o.);open;objednavky;uhlik;https://rt.i.masterinter.net/Ticket/Display.html?id=796815;"9489";;2026-06-09 10:48:53.000;0;1;0;0;0;0.0000
812540;[csirt-cz] [TLP:CLEAR] [Max CVSS 6.9] OpenVPN opravuje 1 zranitelnost;resolved;csirt;belousov;https://rt.i.masterinter.net/Ticket/Display.html?id=812540;;;2026-06-09 10:50:48.000;0;0;1;0;0;0.0000
809974;ProvÏ¯enÌ zranitelnostÌ Kernelu;open;support;belousov;https://rt.i.masterinter.net/Ticket/Display.html?id=809974;"6790";;2026-06-09 10:53:36.000;1;0;0;0;0;0.0000
812049;moûnosti snapshot˘ virtu·lnÌho serveru;open;windows;antonin.homola;https://rt.i.masterinter.net/Ticket/Display.html?id=812049;"2554";;2026-06-09 10:54:34.000;0;0;1;0;0;0.0000
812049;moûnosti snapshot˘ virtu·lnÌho serveru;open;windows;antonin.homola;https://rt.i.masterinter.net/Ticket/Display.html?id=812049;"2554";;2026-06-09 10:57:21.000;0;0;1;0;0;0.0000
812540;[csirt-cz] [TLP:CLEAR] [Max CVSS 6.9] OpenVPN opravuje 1 zranitelnost;resolved;csirt;belousov;https://rt.i.masterinter.net/Ticket/Display.html?id=812540;;;2026-06-09 11:01:52.000;1;0;0;0;0;0.0000
799358;Aktualizace server˘ CID 6684;resolved;support;belousov;https://rt.i.masterinter.net/Ticket/Display.html?id=799358;"6684";;2026-06-09 11:02:30.000;1;0;0;0;0;0.0000
812463;(admin.masterdc.com CID#4151) ZmÏna emailovÈ adresy pro zasÌl·nÌ faktur;resolved;support;maska;https://rt.i.masterinter.net/Ticket/Display.html?id=812463;"4151";;2026-06-09 11:04:23.000;0;1;0;0;0;0.0000
811961;d51-101 - domena peterlegwood.cz;resolved;support;maska;https://rt.i.masterinter.net/Ticket/Display.html?id=811961;"5641";"69572";2026-06-09 11:05:00.000;0;1;0;0;0;0.0000
812049;moûnosti snapshot˘ virtu·lnÌho serveru;open;windows;antonin.homola;https://rt.i.masterinter.net/Ticket/Display.html?id=812049;"2554";;2026-06-09 11:07:55.000;0;1;0;0;0;0.1667
812547;"8986 - Triola a.s. - licencov·nÌ";open;windows;ulman;https://rt.i.masterinter.net/Ticket/Display.html?id=812547;"8986";;2026-06-09 11:20:20.000;1;0;0;0;0;0.0000
812548;PROBLEM Service Alert:  d5303/check_isp_domains is CRITICAL;resolved;support;uhlik;https://rt.i.masterinter.net/Ticket/Display.html?id=812548;"4033";;2026-06-09 11:26:32.000;0;0;1;0;0;0.0000
812548;PROBLEM Service Alert:  d5303/check_isp_domains is CRITICAL;resolved;support;uhlik;https://rt.i.masterinter.net/Ticket/Display.html?id=812548;"4033";;2026-06-09 11:31:28.000;0;1;0;0;0;0.0000
812548;PROBLEM Service Alert:  d5303/check_isp_domains is CRITICAL;resolved;support;uhlik;https://rt.i.masterinter.net/Ticket/Display.html?id=812548;"4033";;2026-06-09 11:32:51.000;0;0;1;0;0;0.0833
811822;Dotaz k z·lohovacÌmu prostoru;new;linux;belousov;https://rt.i.masterinter.net/Ticket/Display.html?id=811822;"2630";;2026-06-09 11:33:49.000;1;0;0;0;0;0.0000
812546;Fw: Pl·novanÈ servisnÌ pr·ce na p·te¯nÌ sÌti ñ MasterDC;open;support;uhlik;https://rt.i.masterinter.net/Ticket/Display.html?id=812546;"7277";;2026-06-09 11:35:39.000;0;0;1;0;0;0.0000
812546;Fw: Pl·novanÈ servisnÌ pr·ce na p·te¯nÌ sÌti ñ MasterDC;open;support;uhlik;https://rt.i.masterinter.net/Ticket/Display.html?id=812546;"7277";;2026-06-09 11:36:05.000;0;1;0;0;0;0.0000
812546;Fw: Pl·novanÈ servisnÌ pr·ce na p·te¯nÌ sÌti ñ MasterDC;open;support;uhlik;https://rt.i.masterinter.net/Ticket/Display.html?id=812546;"7277";;2026-06-09 11:36:25.000;1;0;0;0;0;0.0000
812518;(admin.masterdc.com CID#7226) Vyztavov·nÌ certifik·tu;resolved;support;belousov;https://rt.i.masterinter.net/Ticket/Display.html?id=812518;"7226";"71825";2026-06-09 11:36:30.000;1;0;0;0;0;0.5000
812541;(admin.masterdc.com CID#8720) OmezenÌ p¯Ìstupu na server pro danÈ IP;resolved;support;uhlik;https://rt.i.masterinter.net/Ticket/Display.html?id=812541;"8720";;2026-06-09 11:38:44.000;1;0;0;0;0;0.0000
812547;"8986 - Triola a.s. - licencov·nÌ";open;windows;ulman;https://rt.i.masterinter.net/Ticket/Display.html?id=812547;"8986";;2026-06-09 11:47:37.000;0;1;0;0;0;0.2500
809991;[Aures] Provereni odezvy aplikaci ;open;support;belousov;https://rt.i.masterinter.net/Ticket/Display.html?id=809991;"7245";;2026-06-09 11:51:12.000;0;1;0;0;0;0.0000
810640;cloud-812.masterinter.net/check_isp_domains is CRITICAL;resolved;support;belousov;https://rt.i.masterinter.net/Ticket/Display.html?id=810640;"4868";;2026-06-09 11:51:46.000;1;0;0;0;0;0.5000
809955;Update internÌch systÈm˘ 5/2026 @ryska;resolved;support;ryska;https://rt.i.masterinter.net/Ticket/Display.html?id=809955;;;2026-06-09 11:59:01.000;1;0;0;0;0;0.5000
803726;Rotace/retenËnÌ pravidla k index˘m s p¯Ìm˝m p¯Ìstupem;resolved;EPIC;belousov;https://rt.i.masterinter.net/Ticket/Display.html?id=803726;"7245";;2026-06-09 12:02:55.000;1;0;0;0;0;0.0000
812454;(admin.masterdc.com CID#4067) Security dotaznÌk;open;support;tomas.krupicka;https://rt.i.masterinter.net/Ticket/Display.html?id=812454;"4067";"81132";2026-06-09 12:03:48.000;0;1;0;0;0;0.7500
812549;PROBLEM Service Alert:  d125/nrpe_disk is CRITICAL;resolved;support;uhlik;https://rt.i.masterinter.net/Ticket/Display.html?id=812549;"3652";;2026-06-09 12:04:11.000;0;0;1;0;0;0.0000
812557;(admin.masterdc.com CID#7801) ⁄tok na IP adresu 80.79.17.10;open;support;zidek;https://rt.i.masterinter.net/Ticket/Display.html?id=812557;"7801";;2026-06-09 12:09:20.000;0;0;1;0;0;0.0000
812549;PROBLEM Service Alert:  d125/nrpe_disk is CRITICAL;resolved;support;uhlik;https://rt.i.masterinter.net/Ticket/Display.html?id=812549;"3652";;2026-06-09 12:09:50.000;0;1;0;0;0;0.0000
812549;PROBLEM Service Alert:  d125/nrpe_disk is CRITICAL;resolved;support;uhlik;https://rt.i.masterinter.net/Ticket/Display.html?id=812549;"3652";;2026-06-09 12:10:18.000;1;0;0;0;0;0.5000
810489;cloud-3258/nrpe_load is CRITICAL;resolved;support;belousov;https://rt.i.masterinter.net/Ticket/Display.html?id=810489;"9492";;2026-06-09 12:14:26.000;1;0;0;0;0;0.0000
809144;Aktualizace dirtyfrag zranitelnosti cloud-1124;open;support;belousov;https://rt.i.masterinter.net/Ticket/Display.html?id=809144;"5559";;2026-06-09 12:15:41.000;1;0;0;0;0;0.0000
807690;(admin.masterdc.com CID#7245) Elastic - vytvo¯enÌ index˘ pro citliv· data.;resolved;support;belousov;https://rt.i.masterinter.net/Ticket/Display.html?id=807690;"7245";;2026-06-09 12:16:54.000;0;1;0;0;0;0.0000
811253;(admin.masterdc.com CID#7247) HAProxy LB ó opakovanÈ noËnÌ kr·tkÈ v˝padky www backend˘ (~00:49);open;support;tomas.krupicka;https://rt.i.masterinter.net/Ticket/Display.html?id=811253;"7247";"72162";2026-06-09 12:16:57.000;0;1;0;0;0;0.2500
807690;(admin.masterdc.com CID#7245) Elastic - vytvo¯enÌ index˘ pro citliv· data.;resolved;support;belousov;https://rt.i.masterinter.net/Ticket/Display.html?id=807690;"7245";;2026-06-09 12:17:05.000;1;0;0;0;0;0.0000
811236;PROBLEM Service Alert: d1561/https is CRITICAL;resolved;support;belousov;https://rt.i.masterinter.net/Ticket/Display.html?id=811236;"2522";;2026-06-09 12:18:09.000;1;0;0;0;0;0.5000
812556;PROBLEM Host Alert: d80.i.masterinter.net is DOWN;resolved;support;uhlik;https://rt.i.masterinter.net/Ticket/Display.html?id=812556;"9214";;2026-06-09 12:20:57.000;1;0;0;0;0;0.0000
803623;(CID 9060) Bezplatn· moûnost aktualizace firmware dne 30.4.2026;open;rozesilky;landa;https://rt.i.masterinter.net/Ticket/Display.html?id=803623;"9060";;2026-06-09 12:23:20.000;0;1;0;0;0;0.0000
807576;PROBLEM Service Alert:  cloud-3187/ssl_sentry.9262.masterinter.net is CRITICAL;resolved;support;belousov;https://rt.i.masterinter.net/Ticket/Display.html?id=807576;"9262";;2026-06-09 12:23:25.000;1;0;0;0;0;0.2500
807386;PROBLEM Service Alert: d1009/nrpe_mailq is CRITICAL;resolved;support;belousov;https://rt.i.masterinter.net/Ticket/Display.html?id=807386;"3308";;2026-06-09 12:24:03.000;1;0;0;0;0;0.0000
812557;(admin.masterdc.com CID#7801) ⁄tok na IP adresu 80.79.17.10;open;support;zidek;https://rt.i.masterinter.net/Ticket/Display.html?id=812557;"7801";;2026-06-09 12:24:23.000;0;1;0;0;0;0.1667
812558;ûiadosù o premazanie e-mailov;resolved;support;uhlik;https://rt.i.masterinter.net/Ticket/Display.html?id=812558;"4039";"22767";2026-06-09 12:29:00.000;0;0;1;0;0;0.0000
812558;ûiadosù o premazanie e-mailov;resolved;support;uhlik;https://rt.i.masterinter.net/Ticket/Display.html?id=812558;"4039";"22767";2026-06-09 12:29:01.000;0;1;0;0;0;0.0000
812558;ûiadosù o premazanie e-mailov;resolved;support;landa;https://rt.i.masterinter.net/Ticket/Display.html?id=812558;"4039";"22767";2026-06-09 12:29:20.000;0;1;0;0;0;0.2500
812327;Update managed Windows serveru d406 a d1123;open;windows;ulman;https://rt.i.masterinter.net/Ticket/Display.html?id=812327;"4149";;2026-06-09 12:30:23.000;0;1;0;0;0;0.0000
810292;V˝padky na stacku3;resolved;support;belousov;https://rt.i.masterinter.net/Ticket/Display.html?id=810292;"6790";;2026-06-09 12:31:18.000;1;0;0;0;0;0.0000
809699;cloud-1681/nrpe_disk is CRITICAL;resolved;support;belousov;https://rt.i.masterinter.net/Ticket/Display.html?id=809699;"5066";;2026-06-09 12:32:01.000;1;0;0;0;0;0.0000
809699;cloud-1681/nrpe_disk is CRITICAL;resolved;support;belousov;https://rt.i.masterinter.net/Ticket/Display.html?id=809699;"5066";;2026-06-09 12:32:57.000;1;0;0;0;0;0.0000
812560;Obj. ID: 10551 Z·kaznÌk: #9737 - Hal·mek Josef (VIAPONT s.r.o.);open;objednavky;antonin.homola;https://rt.i.masterinter.net/Ticket/Display.html?id=812560;"9737";;2026-06-09 12:34:53.000;0;0;1;0;0;0.0000
812349;Update managed Windows serveru d1229 a d1231;open;support;ulman;https://rt.i.masterinter.net/Ticket/Display.html?id=812349;"6128";"79184";2026-06-09 12:39:01.000;0;1;0;0;0;0.0000
812557;(admin.masterdc.com CID#7801) ⁄tok na IP adresu 80.79.17.10;open;support;zidek;https://rt.i.masterinter.net/Ticket/Display.html?id=812557;"7801";;2026-06-09 12:45:08.000;0;1;0;0;0;0.0833
804559;(admin.masterdc.com CID#7245) v˝padek stocklist-service-deployment v namespacu stock;resolved;support;belousov;https://rt.i.masterinter.net/Ticket/Display.html?id=804559;"7245";;2026-06-09 12:45:21.000;1;0;0;0;0;0.0000
812553;(admin.masterdc.com CID#4621) Kontrola logu - Virtu·lnÌ server (VPS) - 5001@d4677;resolved;support;uhlik;https://rt.i.masterinter.net/Ticket/Display.html?id=812553;"4621";;2026-06-09 12:49:34.000;0;0;1;0;0;0.0000
812553;(admin.masterdc.com CID#4621) Kontrola logu - Virtu·lnÌ server (VPS) - 5001@d4677;resolved;support;uhlik;https://rt.i.masterinter.net/Ticket/Display.html?id=812553;"4621";;2026-06-09 12:49:42.000;0;1;0;0;0;0.0000
812561;[csirt-cz] [TLP:CLEAR] [Max CVSS 9.8] Zephyr Projekt upozorÚuje na kritickou zranitelnost;resolved;csirt;uhlik;https://rt.i.masterinter.net/Ticket/Display.html?id=812561;;;2026-06-09 12:50:20.000;1;0;0;0;0;0.0000
812560;Obj. ID: 10551 Z·kaznÌk: #9737 - Hal·mek Josef (VIAPONT s.r.o.);open;objednavky;antonin.homola;https://rt.i.masterinter.net/Ticket/Display.html?id=812560;"9737";;2026-06-09 12:57:29.000;0;1;0;0;0;0.3333
812553;(admin.masterdc.com CID#4621) Kontrola logu - Virtu·lnÌ server (VPS) - 5001@d4677;resolved;support;maska;https://rt.i.masterinter.net/Ticket/Display.html?id=812553;"4621";;2026-06-09 13:14:00.000;0;1;0;0;0;0.5000
812563;update Pamica;resolved;windows;ulman;https://rt.i.masterinter.net/Ticket/Display.html?id=812563;;;2026-06-09 13:17:12.000;0;1;0;0;0;0.1667
812349;Update managed Windows serveru d1229 a d1231;open;support;ulman;https://rt.i.masterinter.net/Ticket/Display.html?id=812349;"6128";"79184";2026-06-09 13:28:19.000;0;1;0;0;0;0.0000
812563;update Pamica;resolved;windows;ulman;https://rt.i.masterinter.net/Ticket/Display.html?id=812563;;;2026-06-09 13:28:46.000;1;0;0;0;0;0.0833
796815;Obj. ID: 10415 Z·kaznÌk: #9489 - Novotn˝ Radek (Mediawork Services s.r.o.);open;objednavky;uhlik;https://rt.i.masterinter.net/Ticket/Display.html?id=796815;"9489";;2026-06-09 13:31:14.000;0;1;0;0;0;0.0000
796815;Obj. ID: 10415 Z·kaznÌk: #9489 - Novotn˝ Radek (Mediawork Services s.r.o.);open;objednavky;uhlik;https://rt.i.masterinter.net/Ticket/Display.html?id=796815;"9489";;2026-06-09 13:44:59.000;0;1;0;0;0;0.0000
812524;(admin.masterdc.com CID#7247) Load balancing CRONu;open;support;tomas.krupicka;https://rt.i.masterinter.net/Ticket/Display.html?id=812524;"7247";"72162";2026-06-09 13:45:52.000;0;1;0;0;0;2.0000
812566;PROBLEM Service Alert:  d400.masterinter.net/check_isp_domains is CRITICAL;resolved;support;uhlik;https://rt.i.masterinter.net/Ticket/Display.html?id=812566;"4857";;2026-06-09 13:52:22.000;0;0;1;0;0;0.0000
812566;PROBLEM Service Alert:  d400.masterinter.net/check_isp_domains is CRITICAL;resolved;support;uhlik;https://rt.i.masterinter.net/Ticket/Display.html?id=812566;"4857";;2026-06-09 13:54:06.000;0;1;0;0;0;0.0000
812537;P¯Ìstupy pro Veronika NÏmeËkov· - st·ûistka;open;hr;ulman;https://rt.i.masterinter.net/Ticket/Display.html?id=812537;;;2026-06-09 13:59:17.000;0;1;0;0;0;0.5000
812536;P¯Ìstupy pro Samuel Chovanec - st·ûista;open;hr;ulman;https://rt.i.masterinter.net/Ticket/Display.html?id=812536;;;2026-06-09 14:01:06.000;0;1;0;0;0;0.5000
812555;EIC - novy virtualny server;open;support;uhlik;https://rt.i.masterinter.net/Ticket/Display.html?id=812555;"6771";;2026-06-09 14:02:55.000;0;0;1;0;0;0.0000
812555;EIC - novy virtualny server;open;support;uhlik;https://rt.i.masterinter.net/Ticket/Display.html?id=812555;"6771";;2026-06-09 14:02:56.000;0;1;0;0;0;0.0000
812524;(admin.masterdc.com CID#7247) Load balancing CRONu;open;support;tomas.krupicka;https://rt.i.masterinter.net/Ticket/Display.html?id=812524;"7247";"72162";2026-06-09 14:05:36.000;1;0;0;0;0;0.0000
812517;PROBLEM Service Alert:  d899/mysql-backup-mysql3 is CRITICAL;open;support;tomas.krupicka;https://rt.i.masterinter.net/Ticket/Display.html?id=812517;"7247";"72162";2026-06-09 14:08:11.000;0;1;0;0;0;0.3333
812566;PROBLEM Service Alert:  d400.masterinter.net/check_isp_domains is CRITICAL;resolved;support;uhlik;https://rt.i.masterinter.net/Ticket/Display.html?id=812566;"4857";;2026-06-09 14:16:16.000;0;1;0;0;0;0.0000
812289;PROBLEM Service Alert:  d899/mysql-slavestatus-mysql2 is CRITICAL ;resolved;support;tomas.krupicka;https://rt.i.masterinter.net/Ticket/Display.html?id=812289;"7247";"72162";2026-06-09 15:22:28.000;0;1;0;0;0;0.2500
812577;(admin.masterdc.com CID#4580) NefunkËnÌ RDP po ˙pravÏ registr˘ a local policy group;open;support;schon;https://rt.i.masterinter.net/Ticket/Display.html?id=812577;"4580";;2026-06-09 15:26:32.000;0;0;1;0;0;0.0000
812577;(admin.masterdc.com CID#4580) NefunkËnÌ RDP po ˙pravÏ registr˘ a local policy group;open;support;schon;https://rt.i.masterinter.net/Ticket/Display.html?id=812577;"4580";;2026-06-09 15:26:33.000;0;1;0;0;0;0.2500
810639;Statut·rnÌ mÏsto Brno: Ve¯ejn· zak·zka: Platforma pro spr·vu AI agent˘ a automatizovan˝ch workflow;open;poptavky;jiri.sakac;https://rt.i.masterinter.net/Ticket/Display.html?id=810639;;;2026-06-09 15:28:56.000;1;0;0;0;0;1.0000
812569;Obj. ID: 10552 Z·kaznÌk: #4703 - Halberöt·t Vlastimil (HALBERäT¡T - servis, s.r.o.);open;objednavky;schon;https://rt.i.masterinter.net/Ticket/Display.html?id=812569;"4703";;2026-06-09 15:32:40.000;0;0;1;0;0;0.0000
812515;PROBLEM Service Alert:  d1264 - managed/ssl_validation_d1264.master.cz_exim is CRITICAL ;new;support;jarmara;https://rt.i.masterinter.net/Ticket/Display.html?id=812515;"2522";;2026-06-09 15:39:15.000;1;0;0;0;0;0.2500
812572;(admin.masterdc.com CID#9734) konektivita masterdc brno <> faster.cz;open;support;zidek;https://rt.i.masterinter.net/Ticket/Display.html?id=812572;"9734";;2026-06-09 15:39:36.000;0;0;1;0;0;0.0000
812229;golemos-web/PROD - 1165231987.s11.eshop-rychle.cz - wwwX - provereni pravidelnych vypadku;open;support;tomas.krupicka;https://rt.i.masterinter.net/Ticket/Display.html?id=812229;"7247";"72162";2026-06-09 15:40:01.000;0;1;0;0;0;0.5000
812524;(admin.masterdc.com CID#7247) Load balancing CRONu;open;support;tomas.krupicka;https://rt.i.masterinter.net/Ticket/Display.html?id=812524;"7247";"72162";2026-06-09 15:43:16.000;0;1;0;0;0;0.0000
812572;(admin.masterdc.com CID#9734) konektivita masterdc brno <> faster.cz;open;support;zidek;https://rt.i.masterinter.net/Ticket/Display.html?id=812572;"9734";;2026-06-09 15:49:37.000;0;1;0;0;0;0.2500
812568;popt·vka ¯eöenÌ server˘ pl·novaËe / KORDIS JMK, a.s.;open;poptavky;zidek;https://rt.i.masterinter.net/Ticket/Display.html?id=812568;;;2026-06-09 15:51:02.000;0;0;1;0;0;0.0000
812527;DDD Alert on col3.i.masterinter.net: 2026-06-09 10:04:02 - mai_net_ipv6 (1253) - Detected ;resolved;noc;zidek;https://rt.i.masterinter.net/Ticket/Display.html?id=812527;;;2026-06-09 15:51:38.000;1;0;0;0;0;0.0000
812580;Spatne nasmerovani DNS na www.sedadladododavky.cz;open;support;tomas.krupicka;https://rt.i.masterinter.net/Ticket/Display.html?id=812580;"7247";"72162";2026-06-09 15:56:06.000;0;1;0;0;0;0.0000
812437;zpomalenÌ chodu webu pse.cz;resolved;support;jarmara;https://rt.i.masterinter.net/Ticket/Display.html?id=812437;"8047";;2026-06-09 15:56:07.000;0;0;1;0;0;0.0833
812581;Spatne nasmerovani DNS na www.sedadladododavky.cz;resolved;support;tomas.krupicka;https://rt.i.masterinter.net/Ticket/Display.html?id=812581;"7247";;2026-06-09 15:56:44.000;1;0;0;0;0;0.0000
812582;Spatne nasmerovani DNS na www.sedadladododavky.cz;resolved;support;tomas.krupicka;https://rt.i.masterinter.net/Ticket/Display.html?id=812582;"7247";;2026-06-09 15:57:37.000;1;0;0;0;0;0.0000
812524;(admin.masterdc.com CID#7247) Load balancing CRONu;open;support;tomas.krupicka;https://rt.i.masterinter.net/Ticket/Display.html?id=812524;"7247";"72162";2026-06-09 15:59:07.000;0;1;0;0;0;0.0000
812577;(admin.masterdc.com CID#4580) NefunkËnÌ RDP po ˙pravÏ registr˘ a local policy group;open;support;schon;https://rt.i.masterinter.net/Ticket/Display.html?id=812577;"4580";;2026-06-09 16:01:59.000;0;1;0;0;0;0.0833
812308;PROBLEM Service Alert: d9740/nrpe_cis_state is CRITICAL;open;support;tomas.krupicka;https://rt.i.masterinter.net/Ticket/Display.html?id=812308;"4067";;2026-06-09 16:02:01.000;0;1;0;0;0;0.0000
812233;golemos-web/check_services_golemos is CRITICAL;open;support;tomas.krupicka;https://rt.i.masterinter.net/Ticket/Display.html?id=812233;"7247";"72162";2026-06-09 16:05:19.000;0;1;0;0;0;0.2500
812309;PROBLEM Service Alert: cloud-1863/nrpe_cis_state is CRITICAL;open;support;tomas.krupicka;https://rt.i.masterinter.net/Ticket/Display.html?id=812309;"5066";;2026-06-09 16:08:14.000;0;1;0;0;0;0.2500
809768;PROBLEM Service Alert: d1196/nrpe_disk is CRITICAL;open;support;tomas.krupicka;https://rt.i.masterinter.net/Ticket/Display.html?id=809768;"4067";"81132";2026-06-09 16:10:43.000;0;1;0;0;0;0.2500
811723;PROBLEM Service Alert:  d4659-vm309/nrpe_disk is CRITICAL;open;support;tomas.krupicka;https://rt.i.masterinter.net/Ticket/Display.html?id=811723;"7247";"72162";2026-06-09 16:12:36.000;0;1;0;0;0;0.2500
799453;Aktualizace server˘ CID 6352;open;support;tomas.krupicka;https://rt.i.masterinter.net/Ticket/Display.html?id=799453;"6352";;2026-06-09 16:15:12.000;0;1;0;0;0;0.0000
812248;PROBLEM Service Alert:  d238-web11.masterinter.net/http is CRITICAL;open;support;tomas.krupicka;https://rt.i.masterinter.net/Ticket/Display.html?id=812248;"6771";;2026-06-09 16:17:37.000;0;1;0;0;0;0.2500
812577;(admin.masterdc.com CID#4580) NefunkËnÌ RDP po ˙pravÏ registr˘ a local policy group;open;support;schon;https://rt.i.masterinter.net/Ticket/Display.html?id=812577;"4580";;2026-06-09 17:01:59.000;0;1;0;0;0;0.1667
812577;(admin.masterdc.com CID#4580) NefunkËnÌ RDP po ˙pravÏ registr˘ a local policy group;open;support;schon;https://rt.i.masterinter.net/Ticket/Display.html?id=812577;"4580";;2026-06-09 17:52:21.000;0;1;0;0;0;0.5000
812577;(admin.masterdc.com CID#4580) NefunkËnÌ RDP po ˙pravÏ registr˘ a local policy group;open;support;schon;https://rt.i.masterinter.net/Ticket/Display.html?id=812577;"4580";;2026-06-09 18:31:13.000;0;1;0;0;0;0.0833
812577;(admin.masterdc.com CID#4580) NefunkËnÌ RDP po ˙pravÏ registr˘ a local policy group;open;support;schon;https://rt.i.masterinter.net/Ticket/Display.html?id=812577;"4580";;2026-06-09 19:08:11.000;0;1;0;0;0;0.2500
812594;(admin.masterdc.com CID#9060) iDRAC, omezeni p¯Ìstupu podle IP;resolved;support;schon;https://rt.i.masterinter.net/Ticket/Display.html?id=812594;"9060";;2026-06-09 19:23:06.000;0;1;0;0;0;0.0833
812597;PROBLEM Service Alert:  d8017.masterinter.net/nrpe_load is CRITICAL ;new;support;jarmara;https://rt.i.masterinter.net/Ticket/Display.html?id=812597;"7084";;2026-06-09 19:40:05.000;1;0;0;0;0;0.2500
810247;(CID 7138) Pravideln˝ update operaËnÌho systÈmu managed serveru dne 10.06.2026;open;rozesilky;jarmara;https://rt.i.masterinter.net/Ticket/Display.html?id=810247;"7138";;2026-06-09 19:45:00.000;1;0;0;0;0;0.0000
810931;Upgrade Percona DB na stacku 3 - staging;open;support;machovec;https://rt.i.masterinter.net/Ticket/Display.html?id=810931;"6790";"90270";2026-06-09 20:04:04.000;0;1;0;0;0;0.0000
810931;Upgrade Percona DB na stacku 3 - staging;open;support;machovec;https://rt.i.masterinter.net/Ticket/Display.html?id=810931;"6790";"90270";2026-06-09 20:15:21.000;0;1;0;0;0;0.0000
809672;Update managed Windows serveru - d5631;open;windows;antonin.homola;https://rt.i.masterinter.net/Ticket/Display.html?id=809672;"3169";;2026-06-09 21:10:03.000;0;1;0;0;0;1.0000
809769;Update Win-VPS cluster;open;windows;antonin.homola;https://rt.i.masterinter.net/Ticket/Display.html?id=809769;"7443";;2026-06-09 21:13:47.000;1;0;0;0;0;0.4167
810931;Upgrade Percona DB na stacku 3 - staging;open;support;machovec;https://rt.i.masterinter.net/Ticket/Display.html?id=810931;"6790";"90270";2026-06-09 21:25:22.000;0;1;0;0;0;15.0000
810931;Upgrade Percona DB na stacku 3 - staging;open;support;machovec;https://rt.i.masterinter.net/Ticket/Display.html?id=810931;"6790";"90270";2026-06-09 21:25:49.000;0;0;1;0;0;-13.5000
810931;Upgrade Percona DB na stacku 3 - staging;open;support;machovec;https://rt.i.masterinter.net/Ticket/Display.html?id=810931;"6790";"90270";2026-06-09 21:35:25.000;0;1;0;0;0;0.0000
810931;Upgrade Percona DB na stacku 3 - staging;open;support;machovec;https://rt.i.masterinter.net/Ticket/Display.html?id=810931;"6790";"90270";2026-06-09 21:50:28.000;0;1;0;0;0;0.5000
812608;(admin.masterdc.com CID#7247) V˝padek sluûeb;open;support;belousov;https://rt.i.masterinter.net/Ticket/Display.html?id=812608;"7247";;2026-06-09 23:32:22.000;0;1;0;0;0;0.0000
812608;(admin.masterdc.com CID#7247) V˝padek sluûeb;open;support;belousov;https://rt.i.masterinter.net/Ticket/Display.html?id=812608;"7247";;2026-06-10 00:24:07.000;1;0;0;0;0;0.0000
812619;PROBLEM Service Alert:  d1855-106/check_docker_health is CRITICAL;resolved;support;jarmara;https://rt.i.masterinter.net/Ticket/Display.html?id=812619;"4067";;2026-06-10 03:38:15.000;0;1;0;0;0;0.3333
812619;PROBLEM Service Alert:  d1855-106/check_docker_health is CRITICAL;resolved;support;jarmara;https://rt.i.masterinter.net/Ticket/Display.html?id=812619;"4067";;2026-06-10 04:10:11.000;0;1;0;0;0;0.3333
810189;(CID 4157) Pravideln˝ update operaËnÌho systÈmu managed serveru dne 10.06.2026;open;rozesilky;belousov;https://rt.i.masterinter.net/Ticket/Display.html?id=810189;"4157";;2026-06-10 04:31:24.000;0;1;0;0;0;0.0000
810181;(CID 7084) Pravideln˝ update operaËnÌho systÈmu managed serveru dne 10.06.2026;open;rozesilky;belousov;https://rt.i.masterinter.net/Ticket/Display.html?id=810181;"7084";;2026-06-10 05:07:48.000;0;1;0;0;0;0.0000
812572;(admin.masterdc.com CID#9734) konektivita masterdc brno <> faster.cz;open;support;zidek;https://rt.i.masterinter.net/Ticket/Display.html?id=812572;"9734";;2026-06-10 05:10:03.000;0;1;0;0;0;0.0000
810199;(CID 3367) Pravideln˝ update operaËnÌho systÈmu managed serveru dne 10.06.2026;open;rozesilky;belousov;https://rt.i.masterinter.net/Ticket/Display.html?id=810199;"3367";;2026-06-10 05:15:09.000;0;1;0;0;0;0.0000
812625;(admin.masterdc.com CID#2884) Nedostupnost VM 18;open;support;belousov;https://rt.i.masterinter.net/Ticket/Display.html?id=812625;"2884";;2026-06-10 05:18:48.000;0;1;0;0;0;0.0000
812572;(admin.masterdc.com CID#9734) konektivita masterdc brno <> faster.cz;open;support;zidek;https://rt.i.masterinter.net/Ticket/Display.html?id=812572;"9734";;2026-06-10 05:25:01.000;0;1;0;0;0;0.0833
810189;(CID 4157) Pravideln˝ update operaËnÌho systÈmu managed serveru dne 10.06.2026;open;rozesilky;belousov;https://rt.i.masterinter.net/Ticket/Display.html?id=810189;"4157";;2026-06-10 05:29:08.000;0;1;0;0;0;0.0000
810228;(CID 8473) Pravideln˝ update operaËnÌho systÈmu managed serveru dne 10.06.2026;open;rozesilky;belousov;https://rt.i.masterinter.net/Ticket/Display.html?id=810228;"8473";;2026-06-10 05:37:54.000;0;1;0;0;0;0.0000
812127;Flap labda CETIN 5.6.2026;resolved;support;zidek;https://rt.i.masterinter.net/Ticket/Display.html?id=812127;;;2026-06-10 05:38:17.000;1;0;0;0;0;0.0000
812594;(admin.masterdc.com CID#9060) iDRAC, omezeni p¯Ìstupu podle IP;resolved;support;zidek;https://rt.i.masterinter.net/Ticket/Display.html?id=812594;"9060";;2026-06-10 05:40:24.000;1;0;0;0;0;0.0833
810189;(CID 4157) Pravideln˝ update operaËnÌho systÈmu managed serveru dne 10.06.2026;open;rozesilky;belousov;https://rt.i.masterinter.net/Ticket/Display.html?id=810189;"4157";;2026-06-10 05:53:20.000;0;1;0;0;0;0.0000
812630;PROBLEM Service Alert: cloud-2156/nrpe_disk is CRITICAL;resolved;support;blazek;https://rt.i.masterinter.net/Ticket/Display.html?id=812630;;;2026-06-10 05:56:53.000;0;0;1;0;0;0.0000
812632;(admin.masterdc.com CID#8928) RATS delist;open;support;blazek;https://rt.i.masterinter.net/Ticket/Display.html?id=812632;"8928";;2026-06-10 05:58:24.000;0;0;1;0;0;0.0000
810189;(CID 4157) Pravideln˝ update operaËnÌho systÈmu managed serveru dne 10.06.2026;open;rozesilky;belousov;https://rt.i.masterinter.net/Ticket/Display.html?id=810189;"4157";;2026-06-10 05:59:02.000;0;1;0;0;0;0.0000
812613;[The job failed.] SQL Server Job System: 'syspolicy_purge_history' completed on \\CLOUD-1063\DZC.;new;support;antonin.homola;https://rt.i.masterinter.net/Ticket/Display.html?id=812613;;;2026-06-10 06:04:25.000;0;0;1;0;0;0.0000
812633;PROBLEM Service Alert:  d125/check_isp_le_renewal is CRITICAL ;new;support;blazek;https://rt.i.masterinter.net/Ticket/Display.html?id=812633;"3652";;2026-06-10 06:07:27.000;0;0;1;0;0;0.0000
812616;Guest Post Collaboration Opportunity;resolved;spam;blazek;https://rt.i.masterinter.net/Ticket/Display.html?id=812616;;;2026-06-10 06:25:56.000;0;0;1;0;0;0.0000
812576;Obj. ID: 10553 Z·kaznÌk: #7555 - Chadim Tom·ö (Domat Control System s.r.o.);open;objednavky;blazek;https://rt.i.masterinter.net/Ticket/Display.html?id=812576;"7555";;2026-06-10 06:26:50.000;0;0;1;0;0;0.0000
812576;Obj. ID: 10553 Z·kaznÌk: #7555 - Chadim Tom·ö (Domat Control System s.r.o.);open;objednavky;blazek;https://rt.i.masterinter.net/Ticket/Display.html?id=812576;"9415";;2026-06-10 06:26:50.000;0;0;1;0;0;0.0000
812625;(admin.masterdc.com CID#2884) Nedostupnost VM 18;open;support;blazek;https://rt.i.masterinter.net/Ticket/Display.html?id=812625;"2884";;2026-06-10 06:27:12.000;0;0;1;0;0;0.0000
812619;PROBLEM Service Alert:  d1855-106/check_docker_health is CRITICAL;resolved;support;blazek;https://rt.i.masterinter.net/Ticket/Display.html?id=812619;"4067";;2026-06-10 06:28:44.000;0;0;1;0;0;0.0000
812608;(admin.masterdc.com CID#7247) V˝padek sluûeb;open;support;blazek;https://rt.i.masterinter.net/Ticket/Display.html?id=812608;"7247";;2026-06-10 06:29:12.000;0;0;1;0;0;0.0000
812606;Sluûby ËekajÌ na schv·lenÌ billu po provedenÈm techu, Klient #9737 - Hal·mek Josef (VIAPONT s.r.o.);new;todo;blazek;https://rt.i.masterinter.net/Ticket/Display.html?id=812606;"9737";;2026-06-10 06:30:02.000;0;0;1;0;0;0.0000
812597;PROBLEM Service Alert:  d8017.masterinter.net/nrpe_load is CRITICAL ;new;support;blazek;https://rt.i.masterinter.net/Ticket/Display.html?id=812597;"7084";;2026-06-10 06:30:55.000;0;0;1;0;0;0.0000
812594;(admin.masterdc.com CID#9060) iDRAC, omezeni p¯Ìstupu podle IP;resolved;support;blazek;https://rt.i.masterinter.net/Ticket/Display.html?id=812594;"9060";;2026-06-10 06:42:49.000;0;0;1;0;0;0.0000
743099;[tracking] Pravideln· kontrola kopia z·loh;open;support;blazek;https://rt.i.masterinter.net/Ticket/Display.html?id=743099;;;2026-06-10 06:47:21.000;1;0;0;0;0;0.0833
810168;(CID 4033) Pravideln˝ update operaËnÌho systÈmu managed serveru dne 10.06.2026;open;rozesilky;belousov;https://rt.i.masterinter.net/Ticket/Display.html?id=810168;"4033";;2026-06-10 06:49:18.000;0;1;0;0;0;0.0000
812569;Obj. ID: 10552 Z·kaznÌk: #4703 - Halberöt·t Vlastimil (HALBERäT¡T - servis, s.r.o.);open;objednavky;schon;https://rt.i.masterinter.net/Ticket/Display.html?id=812569;"4703";;2026-06-10 06:50:34.000;0;0;1;0;0;0.0000
812569;Obj. ID: 10552 Z·kaznÌk: #4703 - Halberöt·t Vlastimil (HALBERäT¡T - servis, s.r.o.);open;objednavky;schon;https://rt.i.masterinter.net/Ticket/Display.html?id=812569;"4703";;2026-06-10 06:50:41.000;0;0;1;0;0;0.0000
812635;Re: Dotaz na snapshoty serveru;open;support;blazek;https://rt.i.masterinter.net/Ticket/Display.html?id=812635;;;2026-06-10 06:56:51.000;0;0;1;0;0;0.0000
812635;Re: Dotaz na snapshoty serveru;open;support;blazek;https://rt.i.masterinter.net/Ticket/Display.html?id=812635;;;2026-06-10 06:57:12.000;1;0;0;0;0;0.0000
812578;(admin.masterdc.com CID#8047) agent Beszel;open;support;blazek;https://rt.i.masterinter.net/Ticket/Display.html?id=812578;"8047";"74334";2026-06-10 07:05:34.000;0;0;1;0;0;0.0000
812578;(admin.masterdc.com CID#8047) agent Beszel;open;support;blazek;https://rt.i.masterinter.net/Ticket/Display.html?id=812578;"8047";"74334";2026-06-10 07:06:32.000;0;1;0;0;0;0.0000
812567;V·ö balÌËek je na cestÏ;resolved;support;blazek;https://rt.i.masterinter.net/Ticket/Display.html?id=812567;;;2026-06-10 07:07:01.000;0;0;1;0;0;0.0000
810189;(CID 4157) Pravideln˝ update operaËnÌho systÈmu managed serveru dne 10.06.2026;open;rozesilky;belousov;https://rt.i.masterinter.net/Ticket/Display.html?id=810189;"4157";;2026-06-10 07:11:00.000;0;1;0;0;0;0.0000
812630;PROBLEM Service Alert: cloud-2156/nrpe_disk is CRITICAL;resolved;support;blazek;https://rt.i.masterinter.net/Ticket/Display.html?id=812630;;;2026-06-10 07:14:18.000;1;0;0;0;0;0.0833
810232;(CID 8720) Pravideln˝ update operaËnÌho systÈmu managed serveru dne 10.06.2026;open;rozesilky;blazek;https://rt.i.masterinter.net/Ticket/Display.html?id=810232;"8720";;2026-06-10 07:15:07.000;1;0;0;0;0;0.0000
810092;Obj. ID: 10515 Z·kaznÌk: #2870 - VyöohlÌd Martin;resolved;objednavky;blazek;https://rt.i.masterinter.net/Ticket/Display.html?id=810092;"2870";;2026-06-10 07:22:44.000;0;0;1;0;0;0.0833
812578;(admin.masterdc.com CID#8047) agent Beszel;open;support;landa;https://rt.i.masterinter.net/Ticket/Display.html?id=812578;"8047";"74334";2026-06-10 07:23:47.000;0;1;0;0;0;0.2500
812629;Forward pro zÛnu active.master.cz na internÌch resolverech;resolved;support;schon;https://rt.i.masterinter.net/Ticket/Display.html?id=812629;;;2026-06-10 07:25:51.000;0;1;0;0;0;0.1667
812639;d238 postgres-log mÌsto na disku;resolved;support;blazek;https://rt.i.masterinter.net/Ticket/Display.html?id=812639;"6771";;2026-06-10 07:30:33.000;0;0;1;0;0;0.0000
812638;(admin.masterdc.com CID#9412) Vytvo¯enÌ ˙Ëtu pro spr·vu na serverech [MasterDC Support #812638];open;support;antonin.homola;https://rt.i.masterinter.net/Ticket/Display.html?id=812638;"9412";;2026-06-10 07:38:52.000;0;0;1;0;0;0.0000
812639;d238 postgres-log mÌsto na disku;resolved;support;blazek;https://rt.i.masterinter.net/Ticket/Display.html?id=812639;"6771";;2026-06-10 07:49:09.000;0;0;1;0;0;0.0000
812639;d238 postgres-log mÌsto na disku;resolved;support;blazek;https://rt.i.masterinter.net/Ticket/Display.html?id=812639;"6771";;2026-06-10 07:52:19.000;0;1;0;0;0;0.2500
812070;[MDC] Cloudstack - backup/DR solution;new;managed;blazek;https://rt.i.masterinter.net/Ticket/Display.html?id=812070;;;2026-06-10 08:05:02.000;0;0;1;0;0;0.0000
812573;[csirt-cz] [TLP:CLEAR] [Max CVSS 9.8] NVIDIA opravuje 36 zranitelnostÌ;resolved;csirt;blazek;https://rt.i.masterinter.net/Ticket/Display.html?id=812573;;;2026-06-10 08:10:21.000;1;0;0;0;0;0.0833
812629;Forward pro zÛnu active.master.cz na internÌch resolverech;resolved;support;zidek;https://rt.i.masterinter.net/Ticket/Display.html?id=812629;;;2026-06-10 08:13:13.000;1;0;0;0;0;0.0000
812629;Forward pro zÛnu active.master.cz na internÌch resolverech;resolved;support;zidek;https://rt.i.masterinter.net/Ticket/Display.html?id=812629;;;2026-06-10 08:13:22.000;0;0;1;0;0;0.2500
812640;haproxy - beleuchtung - blokacia niektorych dotazov;resolved;support;blazek;https://rt.i.masterinter.net/Ticket/Display.html?id=812640;"4381";"56710";2026-06-10 08:15:12.000;0;0;1;0;0;0.0000
812445;(admin.masterdc.com CID#5066) sync defguardu.;open;support;machovec;https://rt.i.masterinter.net/Ticket/Display.html?id=812445;"5066";;2026-06-10 08:16:13.000;0;1;0;0;0;0.2500
812557;(admin.masterdc.com CID#7801) ⁄tok na IP adresu 80.79.17.10;open;support;zidek;https://rt.i.masterinter.net/Ticket/Display.html?id=812557;"7801";;2026-06-10 08:17:37.000;0;1;0;0;0;0.0333
810200;(CID 7247) Pravideln˝ update operaËnÌho systÈmu managed serveru dne 10.06.2026;resolved;rozesilky;blazek;https://rt.i.masterinter.net/Ticket/Display.html?id=810200;"7247";;2026-06-10 08:24:54.000;0;0;1;0;0;0.0500
812645;(admin.masterdc.com CID#5641) obchod.mextrade.cz - vy¯azenÌ z monitoringu;resolved;support;blazek;https://rt.i.masterinter.net/Ticket/Display.html?id=812645;"5641";"69572";2026-06-10 08:27:13.000;0;0;1;0;0;0.0000
812642;SNMP timeout sl546p/sl547s / check_force10_v4.pl [tracking];open;support;zidek;https://rt.i.masterinter.net/Ticket/Display.html?id=812642;;;2026-06-10 08:27:44.000;0;0;1;0;0;0.0000
812642;SNMP timeout sl546p/sl547s / check_force10_v4.pl [tracking];open;support;zidek;https://rt.i.masterinter.net/Ticket/Display.html?id=812642;;;2026-06-10 08:27:44.000;1;0;0;0;0;0.3333
812642;SNMP timeout sl546p/sl547s / check_force10_v4.pl [tracking];open;support;zidek;https://rt.i.masterinter.net/Ticket/Display.html?id=812642;;;2026-06-10 08:28:18.000;0;0;1;0;0;0.0000
810702;nextcloud.kara-uas.cz/nrpe_nextcloud is CRITICAL;new;support;tarcak;https://rt.i.masterinter.net/Ticket/Display.html?id=810702;"9267";;2026-06-10 08:32:03.000;1;0;0;0;0;1.5000
812629;Forward pro zÛnu active.master.cz na internÌch resolverech;resolved;support;zidek;https://rt.i.masterinter.net/Ticket/Display.html?id=812629;;;2026-06-10 08:33:28.000;0;0;1;0;0;0.0000
812645;(admin.masterdc.com CID#5641) obchod.mextrade.cz - vy¯azenÌ z monitoringu;resolved;support;blazek;https://rt.i.masterinter.net/Ticket/Display.html?id=812645;"5641";"69572";2026-06-10 08:36:23.000;0;1;0;0;0;0.2500
812629;Forward pro zÛnu active.master.cz na internÌch resolverech;resolved;support;zidek;https://rt.i.masterinter.net/Ticket/Display.html?id=812629;;;2026-06-10 08:37:47.000;1;0;0;0;0;0.1667
812640;haproxy - beleuchtung - blokacia niektorych dotazov;resolved;support;blazek;https://rt.i.masterinter.net/Ticket/Display.html?id=812640;"4381";"56710";2026-06-10 08:38:12.000;0;0;1;0;0;0.0000
812640;haproxy - beleuchtung - blokacia niektorych dotazov;resolved;support;blazek;https://rt.i.masterinter.net/Ticket/Display.html?id=812640;"4381";"56710";2026-06-10 08:38:41.000;0;1;0;0;0;0.0000
812642;SNMP timeout sl546p/sl547s / check_force10_v4.pl [tracking];open;support;ryska;https://rt.i.masterinter.net/Ticket/Display.html?id=812642;;;2026-06-10 08:38:42.000;1;0;0;0;0;0.0000
812642;SNMP timeout sl546p/sl547s / check_force10_v4.pl [tracking];open;support;zidek;https://rt.i.masterinter.net/Ticket/Display.html?id=812642;;;2026-06-10 08:40:05.000;1;0;0;0;0;0.0000
812645;(admin.masterdc.com CID#5641) obchod.mextrade.cz - vy¯azenÌ z monitoringu;resolved;support;blazek;https://rt.i.masterinter.net/Ticket/Display.html?id=812645;"5641";"69572";2026-06-10 08:41:38.000;0;1;0;0;0;0.0000
812646;Undelivered Mail Returned to Sender;resolved;support;blazek;https://rt.i.masterinter.net/Ticket/Display.html?id=812646;;;2026-06-10 08:49:08.000;0;0;1;0;0;0.0333
812644;(admin.masterdc.com CID#7247) N·öe hromadnÈ maily padajÌ do SPAMu;open;support;blazek;https://rt.i.masterinter.net/Ticket/Display.html?id=812644;"7247";;2026-06-10 08:51:34.000;0;1;0;0;0;0.0000
812642;SNMP timeout sl546p/sl547s / check_force10_v4.pl [tracking];open;support;zidek;https://rt.i.masterinter.net/Ticket/Display.html?id=812642;;;2026-06-10 08:57:03.000;1;0;0;0;0;0.1667
812640;haproxy - beleuchtung - blokacia niektorych dotazov;resolved;support;belousov;https://rt.i.masterinter.net/Ticket/Display.html?id=812640;"4381";"56710";2026-06-10 09:00:12.000;0;1;0;0;0;0.0000
810213;(CID 3134) Pravideln˝ update operaËnÌho systÈmu managed serveru dne 10.06.2026;resolved;rozesilky;blazek;https://rt.i.masterinter.net/Ticket/Display.html?id=810213;"3134";;2026-06-10 09:01:13.000;0;1;0;0;0;0.0000
810213;(CID 3134) Pravideln˝ update operaËnÌho systÈmu managed serveru dne 10.06.2026;resolved;rozesilky;blazek;https://rt.i.masterinter.net/Ticket/Display.html?id=810213;"3134";;2026-06-10 09:01:30.000;0;0;1;0;0;1.0000
812642;SNMP timeout sl546p/sl547s / check_force10_v4.pl [tracking];open;support;ryska;https://rt.i.masterinter.net/Ticket/Display.html?id=812642;;;2026-06-10 09:03:12.000;1;0;0;0;0;0.0000
812636;iDRAC, omezeni p¯Ìstupu podle IP;open;support;schon;https://rt.i.masterinter.net/Ticket/Display.html?id=812636;;;2026-06-10 09:03:44.000;1;0;0;0;0;0.0000
812647;Obj. ID: 10554 Z·kaznÌk: #4668 - Koöek Michal (eMan a.s.);open;objednavky;blazek;https://rt.i.masterinter.net/Ticket/Display.html?id=812647;"4668";;2026-06-10 09:07:39.000;0;0;1;0;0;0.0000
812642;SNMP timeout sl546p/sl547s / check_force10_v4.pl [tracking];open;support;zidek;https://rt.i.masterinter.net/Ticket/Display.html?id=812642;;;2026-06-10 09:09:44.000;1;0;0;0;0;0.0000
812648;Undelivered Mail Returned to Sender;resolved;support;blazek;https://rt.i.masterinter.net/Ticket/Display.html?id=812648;;;2026-06-10 09:16:13.000;0;0;1;0;0;0.0333
812629;Forward pro zÛnu active.master.cz na internÌch resolverech;resolved;support;zidek;https://rt.i.masterinter.net/Ticket/Display.html?id=812629;;;2026-06-10 09:22:01.000;1;0;0;0;0;0.1667
812649;PROBLEM Service Alert:  eu-fsn-gw-p0-lb-001/check_es_system_logging is CRITICAL;resolved;support;blazek;https://rt.i.masterinter.net/Ticket/Display.html?id=812649;"8446";;2026-06-10 09:22:39.000;0;0;1;0;0;0.0000
812650;f·ze 1 ñ SÌùovÈ prostupy MDC <> IDC;open;support;ulman;https://rt.i.masterinter.net/Ticket/Display.html?id=812650;;;2026-06-10 09:26:44.000;0;0;1;0;0;0.0000
812644;(admin.masterdc.com CID#7247) N·öe hromadnÈ maily padajÌ do SPAMu;open;support;blazek;https://rt.i.masterinter.net/Ticket/Display.html?id=812644;"7247";;2026-06-10 09:26:56.000;0;0;1;0;0;0.0000
812651;(admin.masterdc.com CID#7247) Podez¯enÌ na blokace IP adres Microsoftu;open;support;blazek;https://rt.i.masterinter.net/Ticket/Display.html?id=812651;"7247";"72162";2026-06-10 09:27:05.000;0;0;1;0;0;0.0000
812651;(admin.masterdc.com CID#7247) Podez¯enÌ na blokace IP adres Microsoftu;open;support;blazek;https://rt.i.masterinter.net/Ticket/Display.html?id=812651;"7247";"72162";2026-06-10 09:27:29.000;0;1;0;0;0;0.0000
812650;f·ze 1 ñ SÌùovÈ prostupy MDC <> IDC;open;support;ulman;https://rt.i.masterinter.net/Ticket/Display.html?id=812650;;;2026-06-10 09:29:34.000;0;1;0;0;0;0.5000
812536;P¯Ìstupy pro Samuel Chovanec - st·ûista;open;hr;ulman;https://rt.i.masterinter.net/Ticket/Display.html?id=812536;;;2026-06-10 09:34:00.000;1;0;0;0;0;0.2500
812537;P¯Ìstupy pro Veronika NÏmeËkov· - st·ûistka;open;hr;ulman;https://rt.i.masterinter.net/Ticket/Display.html?id=812537;;;2026-06-10 09:34:18.000;1;0;0;0;0;0.2500
812547;"8986 - Triola a.s. - licencov·nÌ";open;windows;ulman;https://rt.i.masterinter.net/Ticket/Display.html?id=812547;"8986";;2026-06-10 09:39:01.000;0;1;0;0;0;0.0833
812650;f·ze 1 ñ SÌùovÈ prostupy MDC <> IDC;open;support;zidek;https://rt.i.masterinter.net/Ticket/Display.html?id=812650;;;2026-06-10 09:47:46.000;0;1;0;0;0;0.4167
812636;iDRAC, omezeni p¯Ìstupu podle IP;open;support;schon;https://rt.i.masterinter.net/Ticket/Display.html?id=812636;;;2026-06-10 09:51:24.000;1;0;0;0;0;1.0000
810339;Obj. ID: 10518 Z·kaznÌk: #3127 - Jakubec Radek (e-Finance, a.s.);open;objednavky;tarcak;https://rt.i.masterinter.net/Ticket/Display.html?id=810339;"3127";;2026-06-10 10:09:01.000;0;1;0;0;0;0.5000
812655;PROBLEM Service Alert:  d125/https is CRITICAL;resolved;support;landa;https://rt.i.masterinter.net/Ticket/Display.html?id=812655;"3652";"86025";2026-06-10 10:22:31.000;0;0;1;0;0;0.0000
812655;PROBLEM Service Alert:  d125/https is CRITICAL;resolved;support;landa;https://rt.i.masterinter.net/Ticket/Display.html?id=812655;"3652";"86025";2026-06-10 10:26:23.000;0;1;0;0;0;0.5000
812576;Obj. ID: 10553 Z·kaznÌk: #7555 - Chadim Tom·ö (Domat Control System s.r.o.);open;objednavky;machovec;https://rt.i.masterinter.net/Ticket/Display.html?id=812576;"7555";;2026-06-10 10:26:42.000;0;1;0;0;0;0.5000
812576;Obj. ID: 10553 Z·kaznÌk: #7555 - Chadim Tom·ö (Domat Control System s.r.o.);open;objednavky;machovec;https://rt.i.masterinter.net/Ticket/Display.html?id=812576;"9415";;2026-06-10 10:26:42.000;0;1;0;0;0;0.5000
812517;PROBLEM Service Alert:  d899/mysql-backup-mysql3 is CRITICAL;open;support;tomas.krupicka;https://rt.i.masterinter.net/Ticket/Display.html?id=812517;"7247";"72162";2026-06-10 10:30:42.000;0;1;0;0;0;0.2500
812578;(admin.masterdc.com CID#8047) agent Beszel;open;support;landa;https://rt.i.masterinter.net/Ticket/Display.html?id=812578;"8047";"74334";2026-06-10 10:36:38.000;0;1;0;0;0;0.0000
812578;(admin.masterdc.com CID#8047) agent Beszel;open;support;landa;https://rt.i.masterinter.net/Ticket/Display.html?id=812578;"8047";"74334";2026-06-10 10:48:50.000;0;1;0;0;0;0.0000
811327;(admin.masterdc.com CID#8446) Priprava high memory nodu;open;support;machovec;https://rt.i.masterinter.net/Ticket/Display.html?id=811327;"8446";;2026-06-10 10:49:39.000;0;1;0;0;0;0.0000
790177;Obj. ID: 10335 Z·kaznÌk: #9412 - Matras Duöan (nsure s.r.o.);resolved;objednavky;antonin.homola;https://rt.i.masterinter.net/Ticket/Display.html?id=790177;"9412";;2026-06-10 10:53:12.000;0;1;0;0;0;0.0333
812547;"8986 - Triola a.s. - licencov·nÌ";open;windows;ulman;https://rt.i.masterinter.net/Ticket/Display.html?id=812547;"8986";;2026-06-10 10:56:45.000;0;1;0;0;0;0.0833
811148;d8029-101.masterinter.net/check_isp_domains is CRITICAL;resolved;support;landa;https://rt.i.masterinter.net/Ticket/Display.html?id=811148;"7194";"71200";2026-06-10 10:58:15.000;0;1;0;0;0;0.0000
811085;Postgresql pro acc1 - acc5 a produkce;open;support;machovec;https://rt.i.masterinter.net/Ticket/Display.html?id=811085;;;2026-06-10 11:01:00.000;1;0;0;0;0;0.0000
812660;Popt·vka managed hostingu pro Django + PostgreSQL aplikaci (produkËnÌ provoz) / pruchas.eu;open;poptavky;zidek;https://rt.i.masterinter.net/Ticket/Display.html?id=812660;;;2026-06-10 11:02:50.000;0;0;1;0;0;0.0000
812569;Obj. ID: 10552 Z·kaznÌk: #4703 - Halberöt·t Vlastimil (HALBERäT¡T - servis, s.r.o.);open;objednavky;antonin.homola;https://rt.i.masterinter.net/Ticket/Display.html?id=812569;"4703";;2026-06-10 11:03:10.000;0;1;0;0;0;0.5000
812206;vsan5-8.r12-5.dc1.4d.prg.i.masterinter.net/idrac status service is CRITICAL;new;support;tarcak;https://rt.i.masterinter.net/Ticket/Display.html?id=812206;"7445";;2026-06-10 11:06:58.000;1;0;0;0;0;0.5000
809768;PROBLEM Service Alert: d1196/nrpe_disk is CRITICAL;open;support;tomas.krupicka;https://rt.i.masterinter.net/Ticket/Display.html?id=809768;"4067";"81132";2026-06-10 11:07:42.000;0;1;0;0;0;0.0000
812557;(admin.masterdc.com CID#7801) ⁄tok na IP adresu 80.79.17.10;open;support;zidek;https://rt.i.masterinter.net/Ticket/Display.html?id=812557;"7801";;2026-06-10 11:08:15.000;0;1;0;0;0;0.1667
812557;(admin.masterdc.com CID#7801) ⁄tok na IP adresu 80.79.17.10;open;support;zidek;https://rt.i.masterinter.net/Ticket/Display.html?id=812557;"7801";;2026-06-10 11:09:22.000;1;0;0;0;0;0.0000
812661;(admin.masterdc.com CID#4067) NefunkËnost produkËnÌ aplikace na d1855-101 - urgentnÌ;resolved;support;landa;https://rt.i.masterinter.net/Ticket/Display.html?id=812661;"4067";"81132";2026-06-10 11:11:02.000;0;0;1;0;0;0.0000
812661;(admin.masterdc.com CID#4067) NefunkËnost produkËnÌ aplikace na d1855-101 - urgentnÌ;resolved;support;landa;https://rt.i.masterinter.net/Ticket/Display.html?id=812661;"4067";"81132";2026-06-10 11:11:03.000;0;1;0;0;0;0.0000
812655;PROBLEM Service Alert:  d125/https is CRITICAL;resolved;support;landa;https://rt.i.masterinter.net/Ticket/Display.html?id=812655;"3652";"86025";2026-06-10 11:27:20.000;0;1;0;0;0;0.0000
812229;golemos-web/PROD - 1165231987.s11.eshop-rychle.cz - wwwX - provereni pravidelnych vypadku;open;support;tomas.krupicka;https://rt.i.masterinter.net/Ticket/Display.html?id=812229;"7247";"72162";2026-06-10 11:31:09.000;0;0;1;0;0;0.0000
812656;PROBLEM Service Alert:  d8106/https_www.beneficio.cz is CRITICAL;resolved;support;landa;https://rt.i.masterinter.net/Ticket/Display.html?id=812656;"6325";;2026-06-10 11:32:56.000;0;0;1;0;0;0.0833
812206;vsan5-8.r12-5.dc1.4d.prg.i.masterinter.net/idrac status service is CRITICAL;new;support;tarcak;https://rt.i.masterinter.net/Ticket/Display.html?id=812206;"7445";;2026-06-10 11:33:51.000;1;0;0;0;0;0.0000
812632;(admin.masterdc.com CID#8928) RATS delist;open;support;blazek;https://rt.i.masterinter.net/Ticket/Display.html?id=812632;"8928";;2026-06-10 11:34:18.000;0;1;0;0;0;0.0000
809768;PROBLEM Service Alert: d1196/nrpe_disk is CRITICAL;open;support;tomas.krupicka;https://rt.i.masterinter.net/Ticket/Display.html?id=809768;"4067";"81132";2026-06-10 11:35:52.000;0;1;0;0;0;0.2500
812255;PROBLEM Service Alert:  d125/check_isp_le_renewal is CRITICA;open;support;tomas.krupicka;https://rt.i.masterinter.net/Ticket/Display.html?id=812255;"3652";;2026-06-10 11:42:25.000;0;1;0;0;0;0.3333
812661;(admin.masterdc.com CID#4067) NefunkËnost produkËnÌ aplikace na d1855-101 - urgentnÌ;resolved;support;tomas.krupicka;https://rt.i.masterinter.net/Ticket/Display.html?id=812661;"4067";"81132";2026-06-10 11:44:49.000;0;1;0;0;0;0.0000
812667;(admin.masterdc.com CID#8720) NefunkËnÌ produkËnÌ systÈm!;open;support;landa;https://rt.i.masterinter.net/Ticket/Display.html?id=812667;"8720";"96843";2026-06-10 11:47:17.000;0;0;1;0;0;0.0000
812667;(admin.masterdc.com CID#8720) NefunkËnÌ produkËnÌ systÈm!;open;support;landa;https://rt.i.masterinter.net/Ticket/Display.html?id=812667;"8720";"96843";2026-06-10 11:47:17.000;0;1;0;0;0;0.0000
812662;Aktualizace proxmox clusteru ;open;EPIC;belousov;https://rt.i.masterinter.net/Ticket/Display.html?id=812662;"7247";;2026-06-10 11:54:13.000;1;0;0;0;0;0.0000
812640;haproxy - beleuchtung - blokacia niektorych dotazov;resolved;support;belousov;https://rt.i.masterinter.net/Ticket/Display.html?id=812640;"4381";"56710";2026-06-10 11:55:17.000;1;0;0;0;0;0.5000
812534;P¯Ìprava 2ks VDS s GPU - internÌ server (d2090);open;linux;maska;https://rt.i.masterinter.net/Ticket/Display.html?id=812534;;;2026-06-10 11:55:37.000;1;0;0;0;0;0.0000
812667;(admin.masterdc.com CID#8720) NefunkËnÌ produkËnÌ systÈm!;open;support;michal.nosek;https://rt.i.masterinter.net/Ticket/Display.html?id=812667;"8720";"96843";2026-06-10 11:56:07.000;0;1;0;0;0;0.0000
812229;golemos-web/PROD - 1165231987.s11.eshop-rychle.cz - wwwX - provereni pravidelnych vypadku;open;support;tomas.krupicka;https://rt.i.masterinter.net/Ticket/Display.html?id=812229;"7247";"72162";2026-06-10 11:56:18.000;1;0;0;0;0;0.0000
812668;(admin.masterdc.com CID#4067) RabbitMQ a spouötÏnÌ consumer˘;open;support;landa;https://rt.i.masterinter.net/Ticket/Display.html?id=812668;"4067";"81132";2026-06-10 12:03:04.000;0;1;0;0;0;0.0000
812661;(admin.masterdc.com CID#4067) NefunkËnost produkËnÌ aplikace na d1855-101 - urgentnÌ;resolved;support;tomas.krupicka;https://rt.i.masterinter.net/Ticket/Display.html?id=812661;"4067";"81132";2026-06-10 12:03:56.000;0;1;0;0;0;0.5000
812664;[csirt-cz] [TLP:CLEAR] [Max CVSS 9.8] Microsoft opravuje p¯es 200 zranitelnostÌ v r·mci Patch Tuesday;new;csirt;schon;https://rt.i.masterinter.net/Ticket/Display.html?id=812664;;;2026-06-10 12:04:59.000;0;0;1;0;0;0.0000
812206;vsan5-8.r12-5.dc1.4d.prg.i.masterinter.net/idrac status service is CRITICAL;new;support;tarcak;https://rt.i.masterinter.net/Ticket/Display.html?id=812206;"7445";;2026-06-10 12:12:44.000;1;0;0;0;0;1.0000
812553;(admin.masterdc.com CID#4621) Kontrola logu - Virtu·lnÌ server (VPS) - 5001@d4677;resolved;support;maska;https://rt.i.masterinter.net/Ticket/Display.html?id=812553;"4621";;2026-06-10 12:16:38.000;0;1;0;0;0;0.0000
812212;cloud-3277 - misto na disku;resolved;support;maska;https://rt.i.masterinter.net/Ticket/Display.html?id=812212;"4551";"118777";2026-06-10 12:17:58.000;1;0;0;0;0;0.0000
812672;(admin.masterdc.com CID#9076) ZmÏna konfigurace MariaDB;resolved;support;landa;https://rt.i.masterinter.net/Ticket/Display.html?id=812672;"9076";"95563";2026-06-10 12:19:37.000;0;0;1;0;0;0.0000
812672;(admin.masterdc.com CID#9076) ZmÏna konfigurace MariaDB;resolved;support;landa;https://rt.i.masterinter.net/Ticket/Display.html?id=812672;"9076";"95563";2026-06-10 12:20:15.000;0;1;0;0;0;0.0833
812667;(admin.masterdc.com CID#8720) NefunkËnÌ produkËnÌ systÈm!;open;support;michal.nosek;https://rt.i.masterinter.net/Ticket/Display.html?id=812667;"8720";"96843";2026-06-10 12:20:55.000;0;1;0;0;0;0.5000
805470;Moûnost hromadnÈho importu dokument˘ zamÏstnanc˘ do Pamica;open;support;schon;https://rt.i.masterinter.net/Ticket/Display.html?id=805470;;;2026-06-10 12:31:06.000;0;0;1;0;0;0.0000
812667;(admin.masterdc.com CID#8720) NefunkËnÌ produkËnÌ systÈm!;open;support;michal.nosek;https://rt.i.masterinter.net/Ticket/Display.html?id=812667;"8720";"96843";2026-06-10 12:33:59.000;1;0;0;0;0;0.5000
769617;Implentace NSX pro #7555 Domat [tracking];open;EPIC;tarcak;https://rt.i.masterinter.net/Ticket/Display.html?id=769617;"7555";;2026-06-10 12:47:09.000;1;0;0;0;0;0.5000
812672;(admin.masterdc.com CID#9076) ZmÏna konfigurace MariaDB;resolved;support;landa;https://rt.i.masterinter.net/Ticket/Display.html?id=812672;"9076";"95563";2026-06-10 12:49:33.000;0;1;0;0;0;0.0000
812043;(admin.masterdc.com CID#7247) Problem se SPAMy;open;support;tomas.krupicka;https://rt.i.masterinter.net/Ticket/Display.html?id=812043;"7247";"72162";2026-06-10 12:53:57.000;0;1;0;0;0;0.0000
758085;Obj. ID: 10077 Z·kaznÌk: #4149 - Svoboda Jan (Infinity Energy, s.r.o.);open;objednavky;ondrej;https://rt.i.masterinter.net/Ticket/Display.html?id=758085;"4149";;2026-06-10 12:54:03.000;0;1;0;0;0;0.2500
812676;(admin.masterdc.com CID#8720) Nav˝öenÌ diskovÈho prostoru na cloud-3117 a cloud-3118;resolved;support;landa;https://rt.i.masterinter.net/Ticket/Display.html?id=812676;"8720";;2026-06-10 13:05:01.000;0;0;1;0;0;0.0000
812676;(admin.masterdc.com CID#8720) Nav˝öenÌ diskovÈho prostoru na cloud-3117 a cloud-3118;resolved;support;landa;https://rt.i.masterinter.net/Ticket/Display.html?id=812676;"8720";;2026-06-10 13:05:01.000;0;1;0;0;0;0.0000
812674;(admin.masterdc.com CID#5666) Dopyt na IP adresy;open;support;landa;https://rt.i.masterinter.net/Ticket/Display.html?id=812674;"5666";;2026-06-10 13:05:40.000;0;0;1;0;0;0.0000
812674;(admin.masterdc.com CID#5666) Dopyt na IP adresy;open;support;landa;https://rt.i.masterinter.net/Ticket/Display.html?id=812674;"5666";;2026-06-10 13:05:41.000;0;1;0;0;0;0.0000
812675;Obj. ID: 10555 Z·kaznÌk: #3293 - »ern˝ Mari·n (Pematon, s.r.o.);open;objednavky;landa;https://rt.i.masterinter.net/Ticket/Display.html?id=812675;"3293";;2026-06-10 13:06:29.000;0;0;1;0;0;0.0000
809971;Update managed Windows serveru;open;support;schon;https://rt.i.masterinter.net/Ticket/Display.html?id=809971;"6516";;2026-06-10 13:06:33.000;0;1;0;0;0;2.0000
812673;(admin.masterdc.com CID#7247) Doplnit vojtech.zoha@golemos.com jako p¯Ìjemce nov˝ch tiket˘;resolved;support;maska;https://rt.i.masterinter.net/Ticket/Display.html?id=812673;"7247";;2026-06-10 13:13:45.000;0;0;1;0;0;0.0000
805470;Moûnost hromadnÈho importu dokument˘ zamÏstnanc˘ do Pamica;open;support;schon;https://rt.i.masterinter.net/Ticket/Display.html?id=805470;;;2026-06-10 13:16:40.000;1;0;0;0;0;0.5000
812673;(admin.masterdc.com CID#7247) Doplnit vojtech.zoha@golemos.com jako p¯Ìjemce nov˝ch tiket˘;resolved;support;maska;https://rt.i.masterinter.net/Ticket/Display.html?id=812673;"7247";;2026-06-10 13:22:26.000;0;1;0;0;0;0.2500
812569;Obj. ID: 10552 Z·kaznÌk: #4703 - Halberöt·t Vlastimil (HALBERäT¡T - servis, s.r.o.);open;objednavky;antonin.homola;https://rt.i.masterinter.net/Ticket/Display.html?id=812569;"4703";;2026-06-10 13:30:43.000;1;0;0;0;0;0.0833
812577;(admin.masterdc.com CID#4580) NefunkËnÌ RDP po ˙pravÏ registr˘ a local policy group;open;support;schon;https://rt.i.masterinter.net/Ticket/Display.html?id=812577;"4580";;2026-06-10 13:40:36.000;1;0;0;0;0;0.0833
811159;haproxy - novy server + certifikaty;open;support;jarmara;https://rt.i.masterinter.net/Ticket/Display.html?id=811159;"4381";;2026-06-10 13:45:03.000;0;1;0;0;0;0.5000
812638;(admin.masterdc.com CID#9412) Vytvo¯enÌ ˙Ëtu pro spr·vu na serverech [MasterDC Support #812638];open;support;antonin.homola;https://rt.i.masterinter.net/Ticket/Display.html?id=812638;"9412";;2026-06-10 13:53:40.000;0;1;0;0;0;0.2500
810639;Statut·rnÌ mÏsto Brno: Ve¯ejn· zak·zka: Platforma pro spr·vu AI agent˘ a automatizovan˝ch workflow;open;poptavky;jiri.sakac;https://rt.i.masterinter.net/Ticket/Display.html?id=810639;;;2026-06-10 14:25:28.000;1;0;0;0;0;0.0833
812072;Vytvo¯enÌ firemnÌho e-mailu pro M·ria Hodyov·;resolved;hr;ulman;https://rt.i.masterinter.net/Ticket/Display.html?id=812072;;;2026-06-10 14:25:45.000;1;0;0;0;0;3.0000
804190;SPLA report [tracking];new;windows;ulman;https://rt.i.masterinter.net/Ticket/Display.html?id=804190;;;2026-06-10 14:36:20.000;1;0;0;0;0;1.0000
812650;f·ze 1 ñ SÌùovÈ prostupy MDC <> IDC;open;support;ulman;https://rt.i.masterinter.net/Ticket/Display.html?id=812650;;;2026-06-10 14:43:09.000;0;1;0;0;0;0.0833
812667;(admin.masterdc.com CID#8720) NefunkËnÌ produkËnÌ systÈm!;open;support;michal.nosek;https://rt.i.masterinter.net/Ticket/Display.html?id=812667;"8720";"96843";2026-06-10 14:45:20.000;0;1;0;0;0;0.0000
796815;Obj. ID: 10415 Z·kaznÌk: #9489 - Novotn˝ Radek (Mediawork Services s.r.o.);open;objednavky;uhlik;https://rt.i.masterinter.net/Ticket/Display.html?id=796815;"9489";;2026-06-10 15:39:45.000;0;1;0;0;0;0.5000
812676;(admin.masterdc.com CID#8720) Nav˝öenÌ diskovÈho prostoru na cloud-3117 a cloud-3118;resolved;support;uhlik;https://rt.i.masterinter.net/Ticket/Display.html?id=812676;"8720";;2026-06-10 15:47:46.000;0;1;0;0;0;0.0000
812676;(admin.masterdc.com CID#8720) Nav˝öenÌ diskovÈho prostoru na cloud-3117 a cloud-3118;resolved;support;uhlik;https://rt.i.masterinter.net/Ticket/Display.html?id=812676;"8720";;2026-06-10 15:48:53.000;1;0;0;0;0;0.0000
810207;(CID 1253) Pravideln˝ update operaËnÌho systÈmu managed serveru dne 10.06.2026;open;rozesilky;uhlik;https://rt.i.masterinter.net/Ticket/Display.html?id=810207;"1253";;2026-06-10 20:20:21.000;1;0;0;0;0;0.0000
810247;(CID 7138) Pravideln˝ update operaËnÌho systÈmu managed serveru dne 10.06.2026;open;rozesilky;uhlik;https://rt.i.masterinter.net/Ticket/Display.html?id=810247;"7138";;2026-06-10 20:52:12.000;0;1;0;0;0;0.0000
810207;(CID 1253) Pravideln˝ update operaËnÌho systÈmu managed serveru dne 10.06.2026;open;rozesilky;uhlik;https://rt.i.masterinter.net/Ticket/Display.html?id=810207;"1253";;2026-06-10 20:54:00.000;1;0;0;0;0;0.0000
810217;(CID 4119) Pravideln˝ update operaËnÌho systÈmu managed serveru dne 10.06.2026;open;rozesilky;uhlik;https://rt.i.masterinter.net/Ticket/Display.html?id=810217;"4119";;2026-06-10 21:24:55.000;0;1;0;0;0;0.0000
810225;(CID 8087) Pravideln˝ update operaËnÌho systÈmu managed serveru dne 10.06.2026;resolved;rozesilky;uhlik;https://rt.i.masterinter.net/Ticket/Display.html?id=810225;"8087";;2026-06-10 21:26:41.000;0;1;0;0;0;0.0000
809971;Update managed Windows serveru;open;support;schon;https://rt.i.masterinter.net/Ticket/Display.html?id=809971;"6516";;2026-06-10 21:46:47.000;0;1;0;0;0;1.5000
812700;PROBLEM Service Alert: d125/nrpe_load is CRITICAL;open;support;uhlik;https://rt.i.masterinter.net/Ticket/Display.html?id=812700;"3652";;2026-06-10 22:02:30.000;0;1;0;0;0;0.0000
812700;PROBLEM Service Alert: d125/nrpe_load is CRITICAL;open;support;uhlik;https://rt.i.masterinter.net/Ticket/Display.html?id=812700;"3652";;2026-06-11 00:58:49.000;0;1;0;0;0;0.0000
812700;PROBLEM Service Alert: d125/nrpe_load is CRITICAL;open;support;uhlik;https://rt.i.masterinter.net/Ticket/Display.html?id=812700;"3652";;2026-06-11 01:00:18.000;0;0;1;0;0;0.5000
812702;[The job failed.] SQL Server Job System: 'syspolicy_purge_history' completed on \\CLOUD-1063\DZC.;new;support;schon;https://rt.i.masterinter.net/Ticket/Display.html?id=812702;;;2026-06-11 04:51:13.000;0;0;1;0;0;0.0000
811512;PROBLEM Service Alert: d9911-vm108-RDS-CZ-2/check_win_uptime is CRITICAL;resolved;support;schon;https://rt.i.masterinter.net/Ticket/Display.html?id=811512;"6516";;2026-06-11 04:58:22.000;1;0;0;0;0;0.0833
811512;PROBLEM Service Alert: d9911-vm108-RDS-CZ-2/check_win_uptime is CRITICAL;resolved;support;schon;https://rt.i.masterinter.net/Ticket/Display.html?id=811512;"6516";;2026-06-11 04:58:38.000;0;0;1;0;0;-0.0833
743099;[tracking] Pravideln· kontrola kopia z·loh;open;support;blazek;https://rt.i.masterinter.net/Ticket/Display.html?id=743099;;;2026-06-11 05:08:10.000;1;0;0;0;0;0.0833
812577;(admin.masterdc.com CID#4580) NefunkËnÌ RDP po ˙pravÏ registr˘ a local policy group;open;support;schon;https://rt.i.masterinter.net/Ticket/Display.html?id=812577;"4580";;2026-06-11 05:18:03.000;0;1;0;0;0;0.1667
812712;PROBLEM Service Alert: Zalohovaci server 17 / d853/nrpe_disk is CRITICAL;resolved;support;maska;https://rt.i.masterinter.net/Ticket/Display.html?id=812712;"7446";;2026-06-11 05:22:58.000;0;0;1;0;0;0.0000
812687;Performance testy Riorey [tracking];open;support;zidek;https://rt.i.masterinter.net/Ticket/Display.html?id=812687;;;2026-06-11 05:29:23.000;1;0;0;0;0;2.0000
812712;PROBLEM Service Alert: Zalohovaci server 17 / d853/nrpe_disk is CRITICAL;resolved;support;maska;https://rt.i.masterinter.net/Ticket/Display.html?id=812712;"7446";;2026-06-11 05:33:48.000;1;0;0;0;0;0.2500
812715;(admin.masterdc.com CID#6805) ZruöenÌ VPS z¯ÌzenÈho on-line;open;support;blazek;https://rt.i.masterinter.net/Ticket/Display.html?id=812715;"6805";;2026-06-11 05:36:05.000;0;0;1;0;0;0.0000
812715;(admin.masterdc.com CID#6805) ZruöenÌ VPS z¯ÌzenÈho on-line;open;support;blazek;https://rt.i.masterinter.net/Ticket/Display.html?id=812715;"6805";;2026-06-11 05:40:53.000;0;1;0;0;0;0.0833
812577;(admin.masterdc.com CID#4580) NefunkËnÌ RDP po ˙pravÏ registr˘ a local policy group;open;support;schon;https://rt.i.masterinter.net/Ticket/Display.html?id=812577;"4580";;2026-06-11 05:48:23.000;1;0;0;0;0;0.1667
810228;(CID 8473) Pravideln˝ update operaËnÌho systÈmu managed serveru dne 10.06.2026;open;rozesilky;blazek;https://rt.i.masterinter.net/Ticket/Display.html?id=810228;"8473";;2026-06-11 06:01:02.000;0;1;0;0;0;0.0000
812707;"SSL certificate renewal for the domain ""*.flox.cz""";new;ssl;landa;https://rt.i.masterinter.net/Ticket/Display.html?id=812707;"4039";;2026-06-11 06:10:15.000;0;0;1;0;0;0.0000
812709;"SSL certificate renewal for the domain ""*.flox.sk""";new;ssl;landa;https://rt.i.masterinter.net/Ticket/Display.html?id=812709;"4039";;2026-06-11 06:10:30.000;0;0;1;0;0;0.0000
812708;"SSL certificate renewal for the domain ""*.bizwebs.com""";new;ssl;landa;https://rt.i.masterinter.net/Ticket/Display.html?id=812708;"4039";;2026-06-11 06:10:49.000;0;0;1;0;0;0.0000
812710;cloud-1294.masterinter.net: LE renewal FAIL;resolved;letsencrypt;landa;https://rt.i.masterinter.net/Ticket/Display.html?id=812710;;;2026-06-11 06:16:25.000;0;0;1;0;0;0.0000
812700;PROBLEM Service Alert: d125/nrpe_load is CRITICAL;open;support;landa;https://rt.i.masterinter.net/Ticket/Display.html?id=812700;"3652";;2026-06-11 06:17:04.000;0;0;1;0;0;0.0000
812719;cloud-3147/nrpe_disk is CRITICAL;open;support;landa;https://rt.i.masterinter.net/Ticket/Display.html?id=812719;"4039";"33619";2026-06-11 06:19:24.000;0;0;1;0;0;0.0000
812719;cloud-3147/nrpe_disk is CRITICAL;open;support;landa;https://rt.i.masterinter.net/Ticket/Display.html?id=812719;"4039";"33619";2026-06-11 06:19:24.000;0;0;1;0;0;0.0000
812719;cloud-3147/nrpe_disk is CRITICAL;open;support;landa;https://rt.i.masterinter.net/Ticket/Display.html?id=812719;"4039";"33619";2026-06-11 06:21:28.000;0;1;0;0;0;0.2500
812719;cloud-3147/nrpe_disk is CRITICAL;open;support;landa;https://rt.i.masterinter.net/Ticket/Display.html?id=812719;"4039";"33619";2026-06-11 06:21:28.000;0;1;0;0;0;0.2500
812716;PROBLEM Service Alert:  cloud-1124/nrpe_check_remote_ping is CRITICAL;resolved;support;landa;https://rt.i.masterinter.net/Ticket/Display.html?id=812716;"5559";;2026-06-11 06:23:47.000;1;0;0;0;0;0.0833
812558;ûiadosù o premazanie e-mailov;resolved;support;landa;https://rt.i.masterinter.net/Ticket/Display.html?id=812558;"4039";"22767";2026-06-11 06:42:00.000;0;1;0;0;0;0.0000
812672;(admin.masterdc.com CID#9076) ZmÏna konfigurace MariaDB;resolved;support;landa;https://rt.i.masterinter.net/Ticket/Display.html?id=812672;"9076";"95563";2026-06-11 06:42:37.000;0;1;0;0;0;0.0000
812726;Dotaz na SPLA licence;open;windows;ulman;https://rt.i.masterinter.net/Ticket/Display.html?id=812726;"4626";;2026-06-11 06:47:15.000;1;0;0;0;0;0.1667
811118;Pl·novan˝ v˝padek lambda 11.6.2026 8-17 CEST [RETN.NET Ticket#PW-40136106]: Planned Works Notification CID#903244;resolved;noc;zidek;https://rt.i.masterinter.net/Ticket/Display.html?id=811118;;;2026-06-11 07:07:54.000;1;0;0;0;0;0.0000
810237;(CID 6775) Pravideln˝ update operaËnÌho systÈmu managed serveru dne 10.06.2026;resolved;rozesilky;belousov;https://rt.i.masterinter.net/Ticket/Display.html?id=810237;"6775";;2026-06-11 07:08:00.000;0;1;0;0;0;0.0000
810237;(CID 6775) Pravideln˝ update operaËnÌho systÈmu managed serveru dne 10.06.2026;resolved;rozesilky;belousov;https://rt.i.masterinter.net/Ticket/Display.html?id=810237;"6775";;2026-06-11 07:08:09.000;1;0;0;0;0;0.0000
810208;(CID 7150) Pravideln˝ update operaËnÌho systÈmu managed serveru dne 10.06.2026;resolved;rozesilky;belousov;https://rt.i.masterinter.net/Ticket/Display.html?id=810208;"7150";;2026-06-11 07:10:31.000;1;0;0;0;0;0.0000
796815;Obj. ID: 10415 Z·kaznÌk: #9489 - Novotn˝ Radek (Mediawork Services s.r.o.);open;objednavky;uhlik;https://rt.i.masterinter.net/Ticket/Display.html?id=796815;"9489";;2026-06-11 07:19:09.000;0;1;0;0;0;0.0000
810229;(CID 6473) Pravideln˝ update operaËnÌho systÈmu managed serveru dne 10.06.2026;resolved;rozesilky;belousov;https://rt.i.masterinter.net/Ticket/Display.html?id=810229;"6473";;2026-06-11 07:23:01.000;0;1;0;0;0;0.0000
810229;(CID 6473) Pravideln˝ update operaËnÌho systÈmu managed serveru dne 10.06.2026;resolved;rozesilky;belousov;https://rt.i.masterinter.net/Ticket/Display.html?id=810229;"6473";;2026-06-11 07:23:09.000;1;0;0;0;0;0.0000
812730;veækosù mailboxov nazejlujeme.cz;open;support;landa;https://rt.i.masterinter.net/Ticket/Display.html?id=812730;"4039";"22767";2026-06-11 07:25:19.000;0;0;1;0;0;0.0000
810269;(CID 3127) Pravideln˝ update operaËnÌho systÈmu managed serveru dne 10.06.2026;resolved;rozesilky;belousov;https://rt.i.masterinter.net/Ticket/Display.html?id=810269;"3127";;2026-06-11 07:25:52.000;0;1;0;0;0;0.0000
810269;(CID 3127) Pravideln˝ update operaËnÌho systÈmu managed serveru dne 10.06.2026;resolved;rozesilky;belousov;https://rt.i.masterinter.net/Ticket/Display.html?id=810269;"3127";;2026-06-11 07:26:00.000;1;0;0;0;0;0.0000
812576;Obj. ID: 10553 Z·kaznÌk: #7555 - Chadim Tom·ö (Domat Control System s.r.o.);open;objednavky;machovec;https://rt.i.masterinter.net/Ticket/Display.html?id=812576;"7555";;2026-06-11 07:38:26.000;0;1;0;0;0;0.6667
812576;Obj. ID: 10553 Z·kaznÌk: #7555 - Chadim Tom·ö (Domat Control System s.r.o.);open;objednavky;machovec;https://rt.i.masterinter.net/Ticket/Display.html?id=812576;"9415";;2026-06-11 07:38:26.000;0;1;0;0;0;0.6667
812730;veækosù mailboxov nazejlujeme.cz;open;support;landa;https://rt.i.masterinter.net/Ticket/Display.html?id=812730;"4039";"22767";2026-06-11 07:41:51.000;0;1;0;0;0;0.5000
812733;(admin.masterdc.com CID#6516) Z·lohov·nÌ VM - NAKIVO;open;support;machovec;https://rt.i.masterinter.net/Ticket/Display.html?id=812733;"6516";;2026-06-11 07:42:06.000;0;1;0;0;0;0.2500
812733;(admin.masterdc.com CID#6516) Z·lohov·nÌ VM - NAKIVO;open;support;machovec;https://rt.i.masterinter.net/Ticket/Display.html?id=812733;"6516";;2026-06-11 07:42:12.000;0;0;1;0;0;0.0000
812722;ZruöenÌ sluûby, ukonËena k datu 10.06.2026 z·kaznÌk #7449 - éÌdek Martin (DatacentrovÈ prvky);resolved;cancel;landa;https://rt.i.masterinter.net/Ticket/Display.html?id=812722;"7449";;2026-06-11 07:46:24.000;0;0;1;0;0;0.0000
812700;PROBLEM Service Alert: d125/nrpe_load is CRITICAL;open;support;uhlik;https://rt.i.masterinter.net/Ticket/Display.html?id=812700;"3652";;2026-06-11 07:47:14.000;0;1;0;0;0;0.0000
809463;ZruöenÌ sluûby, ukonËena k datu 12.05.2026 z·kaznÌk #7606 - ÿeh·Ëek Jan (US Europe Group s.r.o.);open;cancel;landa;https://rt.i.masterinter.net/Ticket/Display.html?id=809463;"7606";;2026-06-11 07:48:14.000;0;1;0;0;0;0.0000
810574;Z·loha dat k naöemu z·kaznÌkovi;open;support;landa;https://rt.i.masterinter.net/Ticket/Display.html?id=810574;"5421";"90923";2026-06-11 07:48:59.000;0;1;0;0;0;0.0000
812448;PROBLEM Service Alert:  566@d2002/nrpe_load is CRITICAL ;resolved;support;landa;https://rt.i.masterinter.net/Ticket/Display.html?id=812448;"5169";"92023";2026-06-11 07:49:26.000;0;1;0;0;0;0.0000
812710;cloud-1294.masterinter.net: LE renewal FAIL;resolved;letsencrypt;jarmara;https://rt.i.masterinter.net/Ticket/Display.html?id=812710;;;2026-06-11 07:56:00.000;1;0;0;0;0;0.5000
812180;(admin.masterdc.com CID#6128) IPsec tunel swisslog & stroj 10.112.128.60 - objasnÏnÌ ˙Ëelu;open;support;antonin.homola;https://rt.i.masterinter.net/Ticket/Display.html?id=812180;"6128";;2026-06-11 08:09:46.000;0;1;0;0;0;1.0000
809971;Update managed Windows serveru;open;support;schon;https://rt.i.masterinter.net/Ticket/Display.html?id=809971;"6516";;2026-06-11 08:11:34.000;0;1;0;0;0;0.2500
812655;PROBLEM Service Alert:  d125/https is CRITICAL;resolved;support;landa;https://rt.i.masterinter.net/Ticket/Display.html?id=812655;"3652";"86025";2026-06-11 08:15:01.000;0;1;0;0;0;0.0000
810168;(CID 4033) Pravideln˝ update operaËnÌho systÈmu managed serveru dne 10.06.2026;open;rozesilky;uhlik;https://rt.i.masterinter.net/Ticket/Display.html?id=810168;"4033";;2026-06-11 08:15:42.000;0;1;0;0;0;0.0000
810240;(CID 3107) Pravideln˝ update operaËnÌho systÈmu managed serveru dne 10.06.2026;resolved;rozesilky;blazek;https://rt.i.masterinter.net/Ticket/Display.html?id=810240;"3107";;2026-06-11 08:17:13.000;1;0;0;0;0;1.0000
796815;Obj. ID: 10415 Z·kaznÌk: #9489 - Novotn˝ Radek (Mediawork Services s.r.o.);open;objednavky;uhlik;https://rt.i.masterinter.net/Ticket/Display.html?id=796815;"9489";;2026-06-11 08:19:54.000;0;1;0;0;0;0.0000
812541;(admin.masterdc.com CID#8720) OmezenÌ p¯Ìstupu na server pro danÈ IP;resolved;support;uhlik;https://rt.i.masterinter.net/Ticket/Display.html?id=812541;"8720";;2026-06-11 08:21:48.000;0;0;1;0;0;0.5000
810259;(CID 6256) Pravideln˝ update operaËnÌho systÈmu managed serveru dne 10.06.2026;resolved;rozesilky;blazek;https://rt.i.masterinter.net/Ticket/Display.html?id=810259;"6256";;2026-06-11 08:22:13.000;1;0;0;0;0;1.0000
810254;(CID 2621) Pravideln˝ update operaËnÌho systÈmu managed serveru dne 10.06.2026;resolved;rozesilky;blazek;https://rt.i.masterinter.net/Ticket/Display.html?id=810254;"2621";;2026-06-11 08:26:00.000;0;0;1;0;0;1.0000
809768;PROBLEM Service Alert: d1196/nrpe_disk is CRITICAL;open;support;tomas.krupicka;https://rt.i.masterinter.net/Ticket/Display.html?id=809768;"4067";"81132";2026-06-11 08:30:12.000;0;1;0;0;0;0.2500
810931;Upgrade Percona DB na stacku 3 - staging;open;support;machovec;https://rt.i.masterinter.net/Ticket/Display.html?id=810931;"6790";"90270";2026-06-11 08:30:23.000;0;0;1;0;0;0.0000
811296;(admin.masterdc.com CID#5066) Defguard pro copywriters;resolved;support;machovec;https://rt.i.masterinter.net/Ticket/Display.html?id=811296;"5066";;2026-06-11 08:30:35.000;1;0;0;0;0;0.0000
810243;(CID 2061) Pravideln˝ update operaËnÌho systÈmu managed serveru dne 10.06.2026;resolved;rozesilky;blazek;https://rt.i.masterinter.net/Ticket/Display.html?id=810243;"2061";;2026-06-11 08:30:59.000;0;0;1;0;0;2.0000
811530;(admin.masterdc.com CID#3113) Managed Docker Windows Containers Server;open;support;ulman;https://rt.i.masterinter.net/Ticket/Display.html?id=811530;"3113";"93000";2026-06-11 08:31:48.000;0;1;0;0;0;0.2500
810231;(CID 6830) Pravideln˝ update operaËnÌho systÈmu managed serveru dne 10.06.2026;resolved;rozesilky;blazek;https://rt.i.masterinter.net/Ticket/Display.html?id=810231;"6830";;2026-06-11 08:38:42.000;0;0;1;0;0;1.0000
812534;P¯Ìprava 2ks VDS s GPU - internÌ server (d2090);open;linux;maska;https://rt.i.masterinter.net/Ticket/Display.html?id=812534;;;2026-06-11 08:41:06.000;1;0;0;0;0;0.0000
810220;(CID 8047) Pravideln˝ update operaËnÌho systÈmu managed serveru dne 10.06.2026;resolved;rozesilky;blazek;https://rt.i.masterinter.net/Ticket/Display.html?id=810220;"8047";;2026-06-11 08:46:24.000;0;0;1;0;0;1.0000
811530;(admin.masterdc.com CID#3113) Managed Docker Windows Containers Server;open;support;ulman;https://rt.i.masterinter.net/Ticket/Display.html?id=811530;"3113";"93000";2026-06-11 08:48:36.000;0;1;0;0;0;0.0000
810210;(CID 6307) Pravideln˝ update operaËnÌho systÈmu managed serveru dne 10.06.2026;resolved;rozesilky;blazek;https://rt.i.masterinter.net/Ticket/Display.html?id=810210;"6307";;2026-06-11 08:50:18.000;0;0;1;0;0;2.0000
812673;(admin.masterdc.com CID#7247) Doplnit vojtech.zoha@golemos.com jako p¯Ìjemce nov˝ch tiket˘;resolved;support;maska;https://rt.i.masterinter.net/Ticket/Display.html?id=812673;"7247";;2026-06-11 08:54:55.000;0;1;0;0;0;0.0000
810198;(CID 4366) Pravideln˝ update operaËnÌho systÈmu managed serveru dne 10.06.2026;resolved;rozesilky;blazek;https://rt.i.masterinter.net/Ticket/Display.html?id=810198;"4366";;2026-06-11 08:56:09.000;0;0;1;0;0;1.0000
811723;PROBLEM Service Alert:  d4659-vm309/nrpe_disk is CRITICAL;open;support;tomas.krupicka;https://rt.i.masterinter.net/Ticket/Display.html?id=811723;"7247";"72162";2026-06-11 08:56:12.000;0;1;0;0;0;0.0000
810169;(CID 4783) Pravideln˝ update operaËnÌho systÈmu managed serveru dne 10.06.2026;resolved;rozesilky;blazek;https://rt.i.masterinter.net/Ticket/Display.html?id=810169;"4783";;2026-06-11 08:57:59.000;0;0;1;0;0;1.0000
812212;cloud-3277 - misto na disku;resolved;support;maska;https://rt.i.masterinter.net/Ticket/Display.html?id=812212;"4551";"118777";2026-06-11 08:59:14.000;0;1;0;0;0;0.2500
812655;PROBLEM Service Alert:  d125/https is CRITICAL;resolved;support;landa;https://rt.i.masterinter.net/Ticket/Display.html?id=812655;"3652";"86025";2026-06-11 08:59:28.000;0;1;0;0;0;0.0000
812212;cloud-3277 - misto na disku;resolved;support;maska;https://rt.i.masterinter.net/Ticket/Display.html?id=812212;"4551";"118777";2026-06-11 08:59:49.000;1;0;0;0;0;0.0000
810164;(CID 1694) Pravideln˝ update operaËnÌho systÈmu managed serveru dne 10.06.2026;resolved;rozesilky;blazek;https://rt.i.masterinter.net/Ticket/Display.html?id=810164;"1694";;2026-06-11 09:00:05.000;0;0;1;0;0;1.0000
812750;Dod·nÌ z·lohy geosyntetika.yashicadev.cz;resolved;support;landa;https://rt.i.masterinter.net/Ticket/Display.html?id=812750;"3652";"86025";2026-06-11 09:01:34.000;0;0;1;0;0;0.0000
812750;Dod·nÌ z·lohy geosyntetika.yashicadev.cz;resolved;support;landa;https://rt.i.masterinter.net/Ticket/Display.html?id=812750;"3652";"86025";2026-06-11 09:02:01.000;0;1;0;0;0;0.0000
810185;(CID 3049) Pravideln˝ update operaËnÌho systÈmu managed serveru dne 10.06.2026;resolved;rozesilky;blazek;https://rt.i.masterinter.net/Ticket/Display.html?id=810185;"3049";;2026-06-11 09:02:53.000;0;0;1;0;0;1.0000
812212;cloud-3277 - misto na disku;resolved;support;maska;https://rt.i.masterinter.net/Ticket/Display.html?id=812212;"4551";"118777";2026-06-11 09:04:06.000;0;1;0;0;0;0.0000
812580;Spatne nasmerovani DNS na www.sedadladododavky.cz;open;support;tomas.krupicka;https://rt.i.masterinter.net/Ticket/Display.html?id=812580;"7247";"72162";2026-06-11 09:07:24.000;0;1;0;0;0;0.0000
812661;(admin.masterdc.com CID#4067) NefunkËnost produkËnÌ aplikace na d1855-101 - urgentnÌ;resolved;support;tomas.krupicka;https://rt.i.masterinter.net/Ticket/Display.html?id=812661;"4067";"81132";2026-06-11 09:09:08.000;0;1;0;0;0;0.0000
810179;(CID 7026) Pravideln˝ update operaËnÌho systÈmu managed serveru dne 10.06.2026;resolved;rozesilky;blazek;https://rt.i.masterinter.net/Ticket/Display.html?id=810179;"7026";;2026-06-11 09:16:59.000;0;0;1;0;0;1.0000
810190;(CID 4005) Pravideln˝ update operaËnÌho systÈmu managed serveru dne 10.06.2026;resolved;rozesilky;blazek;https://rt.i.masterinter.net/Ticket/Display.html?id=810190;"4005";;2026-06-11 09:20:49.000;1;0;0;0;0;1.0000
812750;Dod·nÌ z·lohy geosyntetika.yashicadev.cz;resolved;support;landa;https://rt.i.masterinter.net/Ticket/Display.html?id=812750;"3652";"86025";2026-06-11 09:21:04.000;0;1;0;0;0;0.2500
810182;(CID 3297) Pravideln˝ update operaËnÌho systÈmu managed serveru dne 10.06.2026;resolved;rozesilky;blazek;https://rt.i.masterinter.net/Ticket/Display.html?id=810182;"3297";;2026-06-11 09:22:44.000;0;0;1;0;0;2.0000
812742;eu-fsn-k8-p0-nd-017/check_firewalld_state is UNKNOWN;resolved;support;ondrej;https://rt.i.masterinter.net/Ticket/Display.html?id=812742;"8446";;2026-06-11 09:28:24.000;0;0;1;0;0;0.0167
812742;eu-fsn-k8-p0-nd-017/check_firewalld_state is UNKNOWN;resolved;support;ondrej;https://rt.i.masterinter.net/Ticket/Display.html?id=812742;"8446";;2026-06-11 09:28:35.000;0;0;1;0;0;0.0000
812749;Cloudov˝ Windows Server pro JellyPot ñ model dÏlenÈ spr·vy (32 GB RAM, min. 2 TB disk);open;poptavky;zidek;https://rt.i.masterinter.net/Ticket/Display.html?id=812749;;;2026-06-11 09:28:40.000;0;0;1;0;0;0.0000
812751;[csirt-cz] [TLP:CLEAR] [Max CVSS 8.7] GitLab CE/EE opravuje 12 zranitelnostÌ;new;csirt;landa;https://rt.i.masterinter.net/Ticket/Display.html?id=812751;;;2026-06-11 09:30:41.000;0;0;1;0;0;0.0000
812676;(admin.masterdc.com CID#8720) Nav˝öenÌ diskovÈho prostoru na cloud-3117 a cloud-3118;resolved;support;uhlik;https://rt.i.masterinter.net/Ticket/Display.html?id=812676;"8720";;2026-06-11 09:36:14.000;0;0;1;0;0;0.2500
811530;(admin.masterdc.com CID#3113) Managed Docker Windows Containers Server;open;support;ulman;https://rt.i.masterinter.net/Ticket/Display.html?id=811530;"3113";"93000";2026-06-11 09:36:42.000;1;0;0;0;0;0.0000
809465;Managed cloud s FW pro Doornite / Yashica;open;poptavky;zidek;https://rt.i.masterinter.net/Ticket/Display.html?id=809465;;;2026-06-11 09:39:39.000;0;0;1;0;0;0.0000
812651;(admin.masterdc.com CID#7247) Podez¯enÌ na blokace IP adres Microsoftu;open;support;tomas.krupicka;https://rt.i.masterinter.net/Ticket/Display.html?id=812651;"7247";"72162";2026-06-11 09:47:16.000;0;1;0;0;0;0.3333
812649;PROBLEM Service Alert:  eu-fsn-gw-p0-lb-001/check_es_system_logging is CRITICAL;resolved;support;dusan.grmela;https://rt.i.masterinter.net/Ticket/Display.html?id=812649;"8446";;2026-06-11 09:48:45.000;1;0;0;0;0;0.0000
812660;Popt·vka managed hostingu pro Django + PostgreSQL aplikaci (produkËnÌ provoz) / pruchas.eu;open;poptavky;jiri.sakac;https://rt.i.masterinter.net/Ticket/Display.html?id=812660;;;2026-06-11 09:56:51.000;1;0;0;0;0;0.0000
812752;WordPress multilingual add-on for MasterDC client projects;resolved;spam;landa;https://rt.i.masterinter.net/Ticket/Display.html?id=812752;;;2026-06-11 09:57:01.000;0;0;1;0;0;0.0000
812752;WordPress multilingual add-on for MasterDC client projects;resolved;spam;landa;https://rt.i.masterinter.net/Ticket/Display.html?id=812752;;;2026-06-11 09:57:23.000;1;0;0;0;0;0.0167
812568;popt·vka ¯eöenÌ server˘ pl·novaËe / KORDIS JMK, a.s.;open;poptavky;jiri.sakac;https://rt.i.masterinter.net/Ticket/Display.html?id=812568;;;2026-06-11 09:59:56.000;1;0;0;0;0;0.0000
812747;Sluûby ËekajÌ na schv·lenÌ techu, Klient #7449 - éÌdek Martin (DatacentrovÈ prvky);new;todo;schon;https://rt.i.masterinter.net/Ticket/Display.html?id=812747;"7449";;2026-06-11 10:01:09.000;0;0;1;0;0;0.0000
812753;(admin.masterdc.com CID#6083) P¯id·nÌ Gitlab uûivatele;open;support;tarcak;https://rt.i.masterinter.net/Ticket/Display.html?id=812753;"6083";;2026-06-11 10:02:44.000;0;0;1;0;0;0.0000
810168;(CID 4033) Pravideln˝ update operaËnÌho systÈmu managed serveru dne 10.06.2026;open;rozesilky;uhlik;https://rt.i.masterinter.net/Ticket/Display.html?id=810168;"4033";;2026-06-11 10:05:22.000;0;0;1;0;0;0.0000
812753;(admin.masterdc.com CID#6083) P¯id·nÌ Gitlab uûivatele;open;support;tarcak;https://rt.i.masterinter.net/Ticket/Display.html?id=812753;"6083";;2026-06-11 10:08:12.000;0;1;0;0;0;0.5000
812069;[tracking] Cloudstack - admin testov·nÌ port·lu;new;support;vaclav.rozsypalek;https://rt.i.masterinter.net/Ticket/Display.html?id=812069;"9591";;2026-06-11 10:08:52.000;1;0;0;0;0;20.0000
811228;(admin.masterdc.com CID#8446) äpatn· timezone na Kubernetes node;open;support;dusan.grmela;https://rt.i.masterinter.net/Ticket/Display.html?id=811228;"8446";;2026-06-11 10:17:54.000;0;1;0;0;0;0.0000
810230;(CID 6434) Pravideln˝ update operaËnÌho systÈmu managed serveru dne 10.06.2026;open;rozesilky;uhlik;https://rt.i.masterinter.net/Ticket/Display.html?id=810230;"6434";;2026-06-11 10:21:04.000;0;1;0;0;0;0.0000
811858;(admin.masterdc.com CID#8446) Zruseni serveru;open;support;dusan.grmela;https://rt.i.masterinter.net/Ticket/Display.html?id=811858;"8446";;2026-06-11 10:21:31.000;0;1;0;0;0;0.0000
811476;"3844 DAIN - Proxmox";open;poptavky;maska;https://rt.i.masterinter.net/Ticket/Display.html?id=811476;;;2026-06-11 10:58:04.000;1;0;0;0;0;0.5000
812534;P¯Ìprava 2ks VDS s GPU - internÌ server (d2090);open;linux;blazek;https://rt.i.masterinter.net/Ticket/Display.html?id=812534;;;2026-06-11 11:07:55.000;1;0;0;0;0;0.2500
812753;(admin.masterdc.com CID#6083) P¯id·nÌ Gitlab uûivatele;open;support;tarcak;https://rt.i.masterinter.net/Ticket/Display.html?id=812753;"6083";;2026-06-11 11:24:32.000;0;1;0;0;0;0.0000
812726;Dotaz na SPLA licence;open;windows;ulman;https://rt.i.masterinter.net/Ticket/Display.html?id=812726;"4626";;2026-06-11 11:41:54.000;0;1;0;0;0;0.5000
812229;golemos-web/PROD - 1165231987.s11.eshop-rychle.cz - wwwX - provereni pravidelnych vypadku;open;support;tomas.krupicka;https://rt.i.masterinter.net/Ticket/Display.html?id=812229;"7247";"72162";2026-06-11 11:45:23.000;0;1;0;0;0;0.7500
812068;[tracking] Cloudstack - uûivatelskÈ testov·nÌ port·lu;new;support;vaclav.rozsypalek;https://rt.i.masterinter.net/Ticket/Display.html?id=812068;"9591";;2026-06-11 12:28:58.000;1;0;0;0;0;16.0000
812547;"8986 - Triola a.s. - licencov·nÌ";open;windows;ulman;https://rt.i.masterinter.net/Ticket/Display.html?id=812547;"8986";;2026-06-11 12:30:00.000;0;1;0;0;0;0.5000
810199;(CID 3367) Pravideln˝ update operaËnÌho systÈmu managed serveru dne 10.06.2026;open;rozesilky;uhlik;https://rt.i.masterinter.net/Ticket/Display.html?id=810199;"3367";;2026-06-11 12:40:52.000;0;1;0;0;0;0.0000
812767;(admin.masterdc.com CID#4033) d5303 - p¯id·nÌ brotli modulu pro nginx;open;support;jarmara;https://rt.i.masterinter.net/Ticket/Display.html?id=812767;"4033";"95807";2026-06-11 12:42:36.000;0;0;1;0;0;0.0000
812767;(admin.masterdc.com CID#4033) d5303 - p¯id·nÌ brotli modulu pro nginx;open;support;jarmara;https://rt.i.masterinter.net/Ticket/Display.html?id=812767;"4033";"95807";2026-06-11 12:43:17.000;0;1;0;0;0;0.0000
811228;(admin.masterdc.com CID#8446) äpatn· timezone na Kubernetes node;open;support;dusan.grmela;https://rt.i.masterinter.net/Ticket/Display.html?id=811228;"8446";;2026-06-11 12:49:27.000;0;1;0;0;0;0.0000
812767;(admin.masterdc.com CID#4033) d5303 - p¯id·nÌ brotli modulu pro nginx;open;support;jarmara;https://rt.i.masterinter.net/Ticket/Display.html?id=812767;"4033";"95807";2026-06-11 12:49:33.000;0;0;1;0;0;0.0000
812534;P¯Ìprava 2ks VDS s GPU - internÌ server (d2090);open;linux;maska;https://rt.i.masterinter.net/Ticket/Display.html?id=812534;;;2026-06-11 12:53:33.000;1;0;0;0;0;10.0000
812749;Cloudov˝ Windows Server pro JellyPot ñ model dÏlenÈ spr·vy (32 GB RAM, min. 2 TB disk);open;poptavky;antonin.homola;https://rt.i.masterinter.net/Ticket/Display.html?id=812749;;;2026-06-11 12:54:03.000;0;0;1;0;0;0.0000
812668;(admin.masterdc.com CID#4067) RabbitMQ a spouötÏnÌ consumer˘;open;support;tomas.krupicka;https://rt.i.masterinter.net/Ticket/Display.html?id=812668;"4067";"81132";2026-06-11 12:57:21.000;0;1;0;0;0;1.0000
811334;(admin.masterdc.com CID#8446) Zruseni nepotrebneho US GW serveru;open;support;dusan.grmela;https://rt.i.masterinter.net/Ticket/Display.html?id=811334;"8446";;2026-06-11 12:59:36.000;0;1;0;0;0;0.0000
812749;Cloudov˝ Windows Server pro JellyPot ñ model dÏlenÈ spr·vy (32 GB RAM, min. 2 TB disk);open;poptavky;antonin.homola;https://rt.i.masterinter.net/Ticket/Display.html?id=812749;;;2026-06-11 13:01:29.000;1;0;0;0;0;0.3333
812625;(admin.masterdc.com CID#2884) Nedostupnost VM 18;open;support;blazek;https://rt.i.masterinter.net/Ticket/Display.html?id=812625;"2884";;2026-06-11 13:03:24.000;0;1;0;0;0;0.0000
810233;(CID 4067) Pravideln˝ update operaËnÌho systÈmu managed serveru dne 10.06.2026;resolved;rozesilky;blazek;https://rt.i.masterinter.net/Ticket/Display.html?id=810233;"4067";;2026-06-11 13:23:13.000;0;0;1;0;0;7.0000
812547;"8986 - Triola a.s. - licencov·nÌ";open;windows;ulman;https://rt.i.masterinter.net/Ticket/Display.html?id=812547;"8986";;2026-06-11 13:27:07.000;1;0;0;0;0;0.0833
812619;PROBLEM Service Alert:  d1855-106/check_docker_health is CRITICAL;resolved;support;jarmara;https://rt.i.masterinter.net/Ticket/Display.html?id=812619;"4067";;2026-06-11 13:38:58.000;1;0;0;0;0;0.0000
811258;(admin.masterdc.com CID#7988) PRG3 - instalace PowerChute - D1229+D1231;open;support;ulman;https://rt.i.masterinter.net/Ticket/Display.html?id=811258;"7988";;2026-06-11 13:42:37.000;0;0;1;0;0;0.0000
811258;(admin.masterdc.com CID#7988) PRG3 - instalace PowerChute - D1229+D1231;open;support;ulman;https://rt.i.masterinter.net/Ticket/Display.html?id=811258;"6128";;2026-06-11 13:42:37.000;0;0;1;0;0;0.0000
811258;(admin.masterdc.com CID#7988) PRG3 - instalace PowerChute - D1229+D1231;open;support;ulman;https://rt.i.masterinter.net/Ticket/Display.html?id=811258;"7988";;2026-06-11 13:44:37.000;0;1;0;0;0;0.0000
811258;(admin.masterdc.com CID#7988) PRG3 - instalace PowerChute - D1229+D1231;open;support;ulman;https://rt.i.masterinter.net/Ticket/Display.html?id=811258;"6128";;2026-06-11 13:44:37.000;0;1;0;0;0;0.0000
812526;OCU server;open;support;uhlik;https://rt.i.masterinter.net/Ticket/Display.html?id=812526;"9489";;2026-06-11 13:48:20.000;0;1;0;0;0;0.0000
708024;[Tracking] Databreakers - Status meetingy (z·pis a prioritizace pr·ce);open;EPIC;dusan.grmela;https://rt.i.masterinter.net/Ticket/Display.html?id=708024;"8446";"94362";2026-06-11 13:49:38.000;1;0;0;0;0;0.5000
811228;(admin.masterdc.com CID#8446) äpatn· timezone na Kubernetes node;open;support;dusan.grmela;https://rt.i.masterinter.net/Ticket/Display.html?id=811228;"8446";;2026-06-11 13:50:25.000;1;0;0;0;0;1.0000
806098;RetroTV transcoder na serveru 192.168.99.102 ó root ˙kony pro uûivatele rak;open;support;uhlik;https://rt.i.masterinter.net/Ticket/Display.html?id=806098;"9489";;2026-06-11 13:51:07.000;0;1;0;0;0;0.0000
812077;Upgrade k8s;new;support;dusan.grmela;https://rt.i.masterinter.net/Ticket/Display.html?id=812077;"8446";"85129";2026-06-11 13:51:10.000;1;0;0;0;0;4.0000
810168;(CID 4033) Pravideln˝ update operaËnÌho systÈmu managed serveru dne 10.06.2026;open;rozesilky;belousov;https://rt.i.masterinter.net/Ticket/Display.html?id=810168;"4033";;2026-06-11 14:01:20.000;0;1;0;0;0;0.0000
796815;Obj. ID: 10415 Z·kaznÌk: #9489 - Novotn˝ Radek (Mediawork Services s.r.o.);open;objednavky;uhlik;https://rt.i.masterinter.net/Ticket/Display.html?id=796815;"9489";;2026-06-11 14:12:04.000;0;1;0;0;0;0.0000
796815;Obj. ID: 10415 Z·kaznÌk: #9489 - Novotn˝ Radek (Mediawork Services s.r.o.);open;objednavky;uhlik;https://rt.i.masterinter.net/Ticket/Display.html?id=796815;"9489";;2026-06-11 14:12:55.000;1;0;0;0;0;1.0000
806098;RetroTV transcoder na serveru 192.168.99.102 ó root ˙kony pro uûivatele rak;open;support;uhlik;https://rt.i.masterinter.net/Ticket/Display.html?id=806098;"9489";;2026-06-11 14:13:43.000;0;0;1;0;0;2.0000
812774;(admin.masterdc.com CID#7247) URGENT - zmena nastaveni HaProxy;open;support;jarmara;https://rt.i.masterinter.net/Ticket/Display.html?id=812774;"7247";;2026-06-11 14:14:22.000;0;0;1;0;0;0.0000
812526;OCU server;open;support;uhlik;https://rt.i.masterinter.net/Ticket/Display.html?id=812526;"9489";;2026-06-11 14:14:22.000;0;0;1;0;0;0.5000
812774;(admin.masterdc.com CID#7247) URGENT - zmena nastaveni HaProxy;open;support;jarmara;https://rt.i.masterinter.net/Ticket/Display.html?id=812774;"7247";;2026-06-11 14:14:22.000;0;1;0;0;0;0.0000
812773;d415/check_nrpe_systemd is CRITICAL;open;support;jarmara;https://rt.i.masterinter.net/Ticket/Display.html?id=812773;"4067";"81132";2026-06-11 14:14:33.000;0;0;1;0;0;0.0000
812566;PROBLEM Service Alert:  d400.masterinter.net/check_isp_domains is CRITICAL;resolved;support;uhlik;https://rt.i.masterinter.net/Ticket/Display.html?id=812566;"4857";;2026-06-11 14:15:00.000;0;0;1;0;0;0.2500
796815;Obj. ID: 10415 Z·kaznÌk: #9489 - Novotn˝ Radek (Mediawork Services s.r.o.);open;objednavky;uhlik;https://rt.i.masterinter.net/Ticket/Display.html?id=796815;"9489";;2026-06-11 14:21:39.000;0;1;0;0;0;0.0000
812524;(admin.masterdc.com CID#7247) Load balancing CRONu;open;support;tomas.krupicka;https://rt.i.masterinter.net/Ticket/Display.html?id=812524;"7247";"72162";2026-06-11 14:23:24.000;0;1;0;0;0;0.2500
812723;MAI Alert System: Core sit flap ISIS protokolu na eOS Arista Routeru lo1.cr6.r2-1-3.dc2.cejl.brq.masterinter.net;resolved;noc;zidek;https://rt.i.masterinter.net/Ticket/Display.html?id=812723;;;2026-06-11 14:26:38.000;1;0;0;0;0;0.0000
811118;Pl·novan˝ v˝padek lambda 11.6.2026 8-17 CEST [RETN.NET Ticket#PW-40136106]: Planned Works Notification CID#903244;resolved;noc;zidek;https://rt.i.masterinter.net/Ticket/Display.html?id=811118;;;2026-06-11 14:27:20.000;1;0;0;0;0;0.1667
811118;Pl·novan˝ v˝padek lambda 11.6.2026 8-17 CEST [RETN.NET Ticket#PW-40136106]: Planned Works Notification CID#903244;resolved;noc;zidek;https://rt.i.masterinter.net/Ticket/Display.html?id=811118;;;2026-06-11 14:27:36.000;1;0;0;0;0;0.0000
812773;d415/check_nrpe_systemd is CRITICAL;open;support;tomas.krupicka;https://rt.i.masterinter.net/Ticket/Display.html?id=812773;"4067";"81132";2026-06-11 14:27:57.000;0;1;0;0;0;0.2500
812773;d415/check_nrpe_systemd is CRITICAL;open;support;tomas.krupicka;https://rt.i.masterinter.net/Ticket/Display.html?id=812773;"4067";"81132";2026-06-11 14:28:24.000;1;0;0;0;0;0.2500
812786;(admin.masterdc.com CID#4612) StaûenÌ image VM;open;support;tarcak;https://rt.i.masterinter.net/Ticket/Display.html?id=812786;"4612";;2026-06-11 14:37:03.000;1;0;0;0;0;0.0000
812786;(admin.masterdc.com CID#4612) StaûenÌ image VM;open;support;tarcak;https://rt.i.masterinter.net/Ticket/Display.html?id=812786;"4612";;2026-06-11 14:37:12.000;0;0;1;0;0;0.0000
811723;PROBLEM Service Alert:  d4659-vm309/nrpe_disk is CRITICAL;open;support;tomas.krupicka;https://rt.i.masterinter.net/Ticket/Display.html?id=811723;"7247";"72162";2026-06-11 14:38:34.000;0;1;0;0;0;0.0000
811118;Pl·novan˝ v˝padek lambda 11.6.2026 8-17 CEST [RETN.NET Ticket#PW-40136106]: Planned Works Notification CID#903244;resolved;noc;zidek;https://rt.i.masterinter.net/Ticket/Display.html?id=811118;;;2026-06-11 14:39:55.000;1;0;0;0;0;0.0000
812555;EIC - novy virtualny server;open;support;ryska;https://rt.i.masterinter.net/Ticket/Display.html?id=812555;"6771";;2026-06-11 14:45:03.000;0;1;0;0;0;0.0000
812555;EIC - novy virtualny server;open;support;ryska;https://rt.i.masterinter.net/Ticket/Display.html?id=812555;"6771";;2026-06-11 14:45:26.000;0;0;1;0;0;2.0000
799461;[tracking] Upgrade verze MSSQL DB an  d8013-VM002-SQL;open;windows;antonin.homola;https://rt.i.masterinter.net/Ticket/Display.html?id=799461;"4827";;2026-06-11 14:49:06.000;1;0;0;0;0;0.0833
811118;Pl·novan˝ v˝padek lambda 11.6.2026 8-17 CEST [RETN.NET Ticket#PW-40136106]: Planned Works Notification CID#903244;resolved;noc;zidek;https://rt.i.masterinter.net/Ticket/Display.html?id=811118;;;2026-06-11 15:08:32.000;0;1;0;0;0;0.1667
811530;(admin.masterdc.com CID#3113) Managed Docker Windows Containers Server;open;support;ulman;https://rt.i.masterinter.net/Ticket/Display.html?id=811530;"3113";"93000";2026-06-11 15:29:03.000;1;0;0;0;0;2.0000
811530;(admin.masterdc.com CID#3113) Managed Docker Windows Containers Server;open;support;ulman;https://rt.i.masterinter.net/Ticket/Display.html?id=811530;"3113";"93000";2026-06-11 15:30:00.000;1;0;0;0;0;0.0000
812790;P¯etÌûen˝ch server cloud-716;open;support;belousov;https://rt.i.masterinter.net/Ticket/Display.html?id=812790;"3127";;2026-06-11 15:58:57.000;0;1;0;0;0;0.0000
811723;PROBLEM Service Alert:  d4659-vm309/nrpe_disk is CRITICAL;open;support;tomas.krupicka;https://rt.i.masterinter.net/Ticket/Display.html?id=811723;"7247";"72162";2026-06-11 16:30:24.000;0;1;0;0;0;2.0000
812660;Popt·vka managed hostingu pro Django + PostgreSQL aplikaci (produkËnÌ provoz) / pruchas.eu;open;poptavky;jiri.sakac;https://rt.i.masterinter.net/Ticket/Display.html?id=812660;;;2026-06-11 16:37:03.000;1;0;0;0;0;0.0000
812819;d604/nrpe_load is CRITICAL;open;support;belousov;https://rt.i.masterinter.net/Ticket/Display.html?id=812819;"8087";;2026-06-11 17:20:51.000;0;1;0;0;0;0.0000
812801;[csirt-cz] [TLP:CLEAR] [Max CVSS 9.8] Splunk opravuje 12 zranitelnostÌ;resolved;csirt;belousov;https://rt.i.masterinter.net/Ticket/Display.html?id=812801;;;2026-06-11 19:12:23.000;0;0;1;0;0;0.0000
812668;(admin.masterdc.com CID#4067) RabbitMQ a spouötÏnÌ consumer˘;open;support;belousov;https://rt.i.masterinter.net/Ticket/Display.html?id=812668;"4067";"81132";2026-06-11 19:13:45.000;0;0;1;0;0;0.0000
812789;NefunkËnÌ email;open;support;belousov;https://rt.i.masterinter.net/Ticket/Display.html?id=812789;;;2026-06-11 19:14:37.000;0;0;1;0;0;0.0000
812790;P¯etÌûen˝ch server cloud-716;open;support;belousov;https://rt.i.masterinter.net/Ticket/Display.html?id=812790;"3127";;2026-06-11 19:14:44.000;0;0;1;0;0;0.0000
812804;d400.masterinter.net/check_isp_domains is CRITICAL;resolved;support;belousov;https://rt.i.masterinter.net/Ticket/Display.html?id=812804;"4857";;2026-06-11 19:16:07.000;0;0;1;0;0;0.0000
812789;NefunkËnÌ email;open;support;belousov;https://rt.i.masterinter.net/Ticket/Display.html?id=812789;;;2026-06-11 19:51:45.000;0;1;0;0;0;0.0000
811258;(admin.masterdc.com CID#7988) PRG3 - instalace PowerChute - D1229+D1231;open;support;schon;https://rt.i.masterinter.net/Ticket/Display.html?id=811258;"7988";;2026-06-11 19:51:48.000;0;1;0;0;0;0.5000
811258;(admin.masterdc.com CID#7988) PRG3 - instalace PowerChute - D1229+D1231;open;support;schon;https://rt.i.masterinter.net/Ticket/Display.html?id=811258;"6128";;2026-06-11 19:51:48.000;0;1;0;0;0;0.5000
810229;(CID 6473) Pravideln˝ update operaËnÌho systÈmu managed serveru dne 10.06.2026;resolved;rozesilky;belousov;https://rt.i.masterinter.net/Ticket/Display.html?id=810229;"6473";;2026-06-11 19:52:16.000;1;0;0;0;0;0.0000
812801;[csirt-cz] [TLP:CLEAR] [Max CVSS 9.8] Splunk opravuje 12 zranitelnostÌ;resolved;csirt;belousov;https://rt.i.masterinter.net/Ticket/Display.html?id=812801;;;2026-06-11 19:52:41.000;1;0;0;0;0;0.0000
810225;(CID 8087) Pravideln˝ update operaËnÌho systÈmu managed serveru dne 10.06.2026;resolved;rozesilky;belousov;https://rt.i.masterinter.net/Ticket/Display.html?id=810225;"8087";;2026-06-11 19:53:23.000;1;0;0;0;0;0.0000
812821;d4157/nrpe_disk_win is CRITICAL;resolved;support;antonin.homola;https://rt.i.masterinter.net/Ticket/Display.html?id=812821;"4759";;2026-06-11 20:05:16.000;0;0;1;0;0;0.0000
812821;d4157/nrpe_disk_win is CRITICAL;resolved;support;antonin.homola;https://rt.i.masterinter.net/Ticket/Display.html?id=812821;"4759";;2026-06-11 20:06:33.000;1;0;0;0;0;0.0833
812831;PROBLEM Service Alert:  cloud-1757/mysql-query is CRITICAL ;open;support;belousov;https://rt.i.masterinter.net/Ticket/Display.html?id=812831;"6473";;2026-06-11 23:28:00.000;0;1;0;0;0;0.0000
812831;PROBLEM Service Alert:  cloud-1757/mysql-query is CRITICAL ;open;support;belousov;https://rt.i.masterinter.net/Ticket/Display.html?id=812831;"6473";;2026-06-11 23:28:29.000;0;0;1;0;0;0.5000
812804;d400.masterinter.net/check_isp_domains is CRITICAL;resolved;support;belousov;https://rt.i.masterinter.net/Ticket/Display.html?id=812804;"4857";;2026-06-11 23:29:18.000;1;0;0;0;0;0.5000
812819;d604/nrpe_load is CRITICAL;open;support;belousov;https://rt.i.masterinter.net/Ticket/Display.html?id=812819;"8087";;2026-06-11 23:30:27.000;0;0;1;0;0;0.5000
812818;(admin.masterdc.com CID#6350)) BGP v4 filters update;open;support;zidek;https://rt.i.masterinter.net/Ticket/Display.html?id=812818;"6350";;2026-06-12 04:38:52.000;0;0;1;0;0;0.0000
812818;(admin.masterdc.com CID#6350)) BGP v4 filters update;open;support;zidek;https://rt.i.masterinter.net/Ticket/Display.html?id=812818;"6350";;2026-06-12 04:46:20.000;0;1;0;0;0;0.2500
812822;d9738-101 web server - mÌsto na disku;open;support;blazek;https://rt.i.masterinter.net/Ticket/Display.html?id=812822;"8611";;2026-06-12 05:03:50.000;0;0;1;0;0;0.0000
812658;KB Moznosti zabezpeceni IPMI - doplneni dalsi moznosti [tracking];open;support;zidek;https://rt.i.masterinter.net/Ticket/Display.html?id=812658;;;2026-06-12 05:06:19.000;1;0;0;0;0;0.0000
811118;Pl·novan˝ v˝padek lambda 11.6.2026 8-17 CEST [RETN.NET Ticket#PW-40136106]: Planned Works Notification CID#903244;resolved;noc;zidek;https://rt.i.masterinter.net/Ticket/Display.html?id=811118;;;2026-06-12 05:07:19.000;1;0;0;0;0;0.1667
811118;Pl·novan˝ v˝padek lambda 11.6.2026 8-17 CEST [RETN.NET Ticket#PW-40136106]: Planned Works Notification CID#903244;resolved;noc;zidek;https://rt.i.masterinter.net/Ticket/Display.html?id=811118;;;2026-06-12 05:07:52.000;1;0;0;0;0;0.0000
812765;MAI Alert System: Changed state to up lo1.sl104p.r4-1-8.dc4.cejl.brq.masterinter.net;resolved;noc;zidek;https://rt.i.masterinter.net/Ticket/Display.html?id=812765;;;2026-06-12 05:25:00.000;1;0;0;0;0;0.0000
812765;MAI Alert System: Changed state to up lo1.sl104p.r4-1-8.dc4.cejl.brq.masterinter.net;resolved;noc;zidek;https://rt.i.masterinter.net/Ticket/Display.html?id=812765;;;2026-06-12 05:25:12.000;1;0;0;0;0;0.0000
812822;d9738-101 web server - mÌsto na disku;open;support;blazek;https://rt.i.masterinter.net/Ticket/Display.html?id=812822;"8611";;2026-06-12 05:29:54.000;0;0;1;0;0;0.0000
812822;d9738-101 web server - mÌsto na disku;open;support;blazek;https://rt.i.masterinter.net/Ticket/Display.html?id=812822;"8611";;2026-06-12 05:35:58.000;0;1;0;0;0;0.2500
743099;[tracking] Pravideln· kontrola kopia z·loh;open;support;blazek;https://rt.i.masterinter.net/Ticket/Display.html?id=743099;;;2026-06-12 05:40:56.000;1;0;0;0;0;0.1667
812842;PROBLEM Service Alert: cloud-2156/http is CRITICAL;open;support;blazek;https://rt.i.masterinter.net/Ticket/Display.html?id=812842;"6284";;2026-06-12 05:44:08.000;0;0;1;0;0;0.0000
812842;PROBLEM Service Alert: cloud-2156/http is CRITICAL;open;support;blazek;https://rt.i.masterinter.net/Ticket/Display.html?id=812842;"6284";;2026-06-12 05:48:20.000;1;0;0;0;0;0.0833
774977;[tracking] ⁄drûba Proxmox VDS;open;support;blazek;https://rt.i.masterinter.net/Ticket/Display.html?id=774977;;;2026-06-12 06:01:42.000;1;0;0;0;0;1.0000
812843;[csirt-cz] [TLP:CLEAR] [Max CVSS 8.6] VMware Spring opravuje vÌce neû 60 zranitelnostÌ;resolved;csirt;landa;https://rt.i.masterinter.net/Ticket/Display.html?id=812843;;;2026-06-12 06:04:13.000;0;0;1;0;0;0.0000
812842;PROBLEM Service Alert: cloud-2156/http is CRITICAL;open;support;blazek;https://rt.i.masterinter.net/Ticket/Display.html?id=812842;"6284";;2026-06-12 06:11:46.000;0;1;0;0;0;0.0000
812840;PROBLEM Service Alert: d24/ping is CRITICAL;resolved;support;landa;https://rt.i.masterinter.net/Ticket/Display.html?id=812840;"7449";;2026-06-12 06:18:10.000;0;0;1;0;0;0.0000
812831;PROBLEM Service Alert:  cloud-1757/mysql-query is CRITICAL ;open;support;landa;https://rt.i.masterinter.net/Ticket/Display.html?id=812831;"6473";;2026-06-12 06:20:30.000;0;0;1;0;0;0.0000
812819;d604/nrpe_load is CRITICAL;open;support;landa;https://rt.i.masterinter.net/Ticket/Display.html?id=812819;"8087";;2026-06-12 06:27:25.000;0;0;1;0;0;0.0000
812840;PROBLEM Service Alert: d24/ping is CRITICAL;resolved;support;tarcak;https://rt.i.masterinter.net/Ticket/Display.html?id=812840;"7449";;2026-06-12 06:29:06.000;0;0;1;0;0;0.0000
812840;PROBLEM Service Alert: d24/ping is CRITICAL;resolved;support;tarcak;https://rt.i.masterinter.net/Ticket/Display.html?id=812840;"7449";;2026-06-12 06:32:55.000;1;0;0;0;0;0.5000
812721;Let's Build High-Quality Links for Your Website;resolved;spam;landa;https://rt.i.masterinter.net/Ticket/Display.html?id=812721;;;2026-06-12 06:33:45.000;0;0;1;0;0;0.0000
812721;Let's Build High-Quality Links for Your Website;resolved;spam;landa;https://rt.i.masterinter.net/Ticket/Display.html?id=812721;;;2026-06-12 06:34:05.000;0;0;1;0;0;0.0167
812682;Sluûby ËekajÌ na schv·lenÌ billu po provedenÈm techu, Klient #4703 - Halberöt·t Vlastimil (HALBERäT¡T - servis, s.r.o.);new;todo;blazek;https://rt.i.masterinter.net/Ticket/Display.html?id=812682;"4703";;2026-06-12 06:34:34.000;0;0;1;0;0;0.0000
812692;Security settings changed;resolved;support;blazek;https://rt.i.masterinter.net/Ticket/Display.html?id=812692;;;2026-06-12 06:36:12.000;0;0;1;0;0;0.0333
812693;Security settings changed;resolved;support;blazek;https://rt.i.masterinter.net/Ticket/Display.html?id=812693;;;2026-06-12 06:36:25.000;0;0;1;0;0;0.0333
812843;[csirt-cz] [TLP:CLEAR] [Max CVSS 8.6] VMware Spring opravuje vÌce neû 60 zranitelnostÌ;resolved;csirt;belousov;https://rt.i.masterinter.net/Ticket/Display.html?id=812843;;;2026-06-12 06:36:35.000;1;0;0;0;0;0.0000
812838;PROBLEM Service Alert: d9858-100.masterinter.net/check_isp_le_renewal is CRITICAL;resolved;support;landa;https://rt.i.masterinter.net/Ticket/Display.html?id=812838;"3033";"100151";2026-06-12 06:36:56.000;0;0;1;0;0;0.0000
812771;Sluûby ËekajÌ na schv·lenÌ techu, Klient #9060 - Techl VladimÌr (ntalk s.r.o.);new;todo;blazek;https://rt.i.masterinter.net/Ticket/Display.html?id=812771;"9060";;2026-06-12 06:37:55.000;0;0;1;0;0;0.0000
812838;PROBLEM Service Alert: d9858-100.masterinter.net/check_isp_le_renewal is CRITICAL;resolved;support;landa;https://rt.i.masterinter.net/Ticket/Display.html?id=812838;"3033";"100151";2026-06-12 06:38:25.000;0;1;0;0;0;0.0000
812746;Fw: Vaöe autentifikaËnÌ ˙daje;resolved;support;blazek;https://rt.i.masterinter.net/Ticket/Display.html?id=812746;;;2026-06-12 06:39:36.000;0;0;1;0;0;0.0333
812786;(admin.masterdc.com CID#4612) StaûenÌ image VM;open;support;tarcak;https://rt.i.masterinter.net/Ticket/Display.html?id=812786;"4612";;2026-06-12 06:39:51.000;0;1;0;0;0;0.2500
812819;d604/nrpe_load is CRITICAL;open;support;belousov;https://rt.i.masterinter.net/Ticket/Display.html?id=812819;"8087";;2026-06-12 06:40:39.000;0;1;0;0;0;0.0000
812615;PROBLEM Service Alert:  pfsense-info21 managed/ipsec-PilousES is CRITICAL ;resolved;support;landa;https://rt.i.masterinter.net/Ticket/Display.html?id=812615;"6516";;2026-06-12 06:40:48.000;0;1;0;0;0;0.0833
811822;Dotaz k z·lohovacÌmu prostoru;new;linux;landa;https://rt.i.masterinter.net/Ticket/Display.html?id=811822;"2630";;2026-06-12 06:42:29.000;0;0;1;0;0;0.0000
812838;PROBLEM Service Alert: d9858-100.masterinter.net/check_isp_le_renewal is CRITICAL;resolved;support;landa;https://rt.i.masterinter.net/Ticket/Display.html?id=812838;"3033";"100151";2026-06-12 06:46:29.000;0;1;0;0;0;0.0833
812817;Obj. baterie do ntb Dell u Alzy na 4D (M. Nosek);new;objednavky-out;landa;https://rt.i.masterinter.net/Ticket/Display.html?id=812817;;;2026-06-12 06:46:58.000;0;0;1;0;0;0.0000
812845;[csirt-cz] [TLP:CLEAR] [Max CVSS 7.1] XWiki opravuje 1 z·vaûnou zranitelnost;resolved;csirt;belousov;https://rt.i.masterinter.net/Ticket/Display.html?id=812845;;;2026-06-12 06:52:12.000;1;0;0;0;0;0.0000
812072;Vytvo¯enÌ firemnÌho e-mailu pro M·ria Hodyov·;resolved;hr;ulman;https://rt.i.masterinter.net/Ticket/Display.html?id=812072;;;2026-06-12 06:55:21.000;1;0;0;0;0;0.0833
812813;DNS resolving na win workroch k8s;open;support;landa;https://rt.i.masterinter.net/Ticket/Display.html?id=812813;"7245";;2026-06-12 07:00:22.000;0;0;1;0;0;0.0000
812813;DNS resolving na win workroch k8s;open;support;landa;https://rt.i.masterinter.net/Ticket/Display.html?id=812813;"7245";;2026-06-12 07:00:22.000;0;1;0;0;0;0.0000
812839;PROBLEM Service Alert: d1561/ssl_validation-ispm_d1561.masterinter.net_995 is CRITICAL;new;support;landa;https://rt.i.masterinter.net/Ticket/Display.html?id=812839;"2522";"91508";2026-06-12 07:11:48.000;1;0;0;0;0;0.0000
812839;PROBLEM Service Alert: d1561/ssl_validation-ispm_d1561.masterinter.net_995 is CRITICAL;new;support;landa;https://rt.i.masterinter.net/Ticket/Display.html?id=812839;"2522";"91508";2026-06-12 07:12:25.000;0;0;1;0;0;0.0000
812848;Sluûby ËekajÌ na schv·lenÌ techu, Klient #8986 - KratochvÌl Jan (Triola a.s.);new;todo;landa;https://rt.i.masterinter.net/Ticket/Display.html?id=812848;"8986";;2026-06-12 07:15:30.000;0;0;1;0;0;0.0000
812831;PROBLEM Service Alert:  cloud-1757/mysql-query is CRITICAL ;open;support;belousov;https://rt.i.masterinter.net/Ticket/Display.html?id=812831;"6473";;2026-06-12 07:18:55.000;0;0;1;0;0;0.0000
799369;(CID#3033) Update hostitelsk˝ch Proxmox serveru d9858;resolved;support;blazek;https://rt.i.masterinter.net/Ticket/Display.html?id=799369;"3033";;2026-06-12 07:21:20.000;0;0;1;0;0;0.0333
812831;PROBLEM Service Alert:  cloud-1757/mysql-query is CRITICAL ;open;support;belousov;https://rt.i.masterinter.net/Ticket/Display.html?id=812831;"6473";;2026-06-12 07:22:26.000;0;1;0;0;0;0.0000
812655;PROBLEM Service Alert:  d125/https is CRITICAL;resolved;support;landa;https://rt.i.masterinter.net/Ticket/Display.html?id=812655;"3652";"86025";2026-06-12 07:23:09.000;0;1;0;0;0;0.0833
812815;Obj. PC p¯ÌsluöenstvÌ u Alzy (sdÌlen· mÌsta Eden);new;objednavky-out;landa;https://rt.i.masterinter.net/Ticket/Display.html?id=812815;;;2026-06-12 07:24:15.000;0;0;1;0;0;0.0000
812750;Dod·nÌ z·lohy geosyntetika.yashicadev.cz;resolved;support;landa;https://rt.i.masterinter.net/Ticket/Display.html?id=812750;"3652";"86025";2026-06-12 07:26:03.000;0;1;0;0;0;0.0000
812547;"8986 - Triola a.s. - licencov·nÌ";open;windows;ulman;https://rt.i.masterinter.net/Ticket/Display.html?id=812547;"8986";;2026-06-12 07:27:26.000;1;0;0;0;0;0.0000
812802;verification failed;open;support;landa;https://rt.i.masterinter.net/Ticket/Display.html?id=812802;;;2026-06-12 07:30:56.000;0;1;0;0;0;0.0000
812838;PROBLEM Service Alert: d9858-100.masterinter.net/check_isp_le_renewal is CRITICAL;resolved;support;landa;https://rt.i.masterinter.net/Ticket/Display.html?id=812838;"3033";"100151";2026-06-12 07:32:09.000;0;1;0;0;0;0.0000
812547;"8986 - Triola a.s. - licencov·nÌ";open;windows;ulman;https://rt.i.masterinter.net/Ticket/Display.html?id=812547;"8986";;2026-06-12 07:32:26.000;0;1;0;0;0;0.0000
812841;(admin.masterdc.com CID#7226) Vytvo¯enÌ IPSec tunelu pro O2;open;support;landa;https://rt.i.masterinter.net/Ticket/Display.html?id=812841;"7226";"71825";2026-06-12 07:34:42.000;0;1;0;0;0;0.0000
812660;Popt·vka managed hostingu pro Django + PostgreSQL aplikaci (produkËnÌ provoz) / pruchas.eu;open;poptavky;jiri.sakac;https://rt.i.masterinter.net/Ticket/Display.html?id=812660;;;2026-06-12 07:38:31.000;0;0;1;0;0;1.5000
812074;Obj. ID: 10544 Z·kaznÌk: #7324 - Hofer VÌt (Aceproit s.r.o.);open;objednavky;tarcak;https://rt.i.masterinter.net/Ticket/Display.html?id=812074;"7324";;2026-06-12 07:43:39.000;0;1;0;0;0;0.2500
